sites	groups	benchmarks	monomorphisations	function
3708	1883	16	178	core::fmt::rt::{impl#1}::new_display
3113	1320	16	570	core::mem::manually_drop::{impl#2}::deref
2486	974	16	165	core::slice::{impl#0}::get_unchecked
1580	627	16	164	alloc::vec::{impl#12}::index
1436	704	16	155	alloc::sync::{impl#29}::deref
1369	818	16	216	alloc::vec::{impl#8}::deref
1276	658	16	30	core::slice::index::{impl#0}::index
970	450	16	1	alloc::string::{impl#38}::deref
927	683	16	135	core::slice::{impl#0}::iter
805	509	16	174	core::iter::traits::collect::{impl#0}::into_iter
773	359	16	76	core::slice::iter::{impl#181}::next
742	204	10	25	crossbeam_utils::cache_padded::{impl#3}::deref
730	283	16	1	core::fmt::builders::{impl#3}::field
720	198	10	1	clap_builder::builder::arg::{impl#4}::get_id
702	651	16	184	core::slice::index::{impl#1}::index_mut
701	170	16	62	core::slice::{impl#0}::split_at_mut
669	118	10	19	std::sync::mpmc::utils::{impl#1}::deref
644	240	16	70	core::option::{impl#0}::unwrap
611	290	14	79	core::result::{impl#26}::branch
584	146	1	141	serde_cbor::de::{impl#4}::parse_str
584	146	1	141	serde_cbor::de::{impl#4}::parse_bytes
584	146	1	141	serde_cbor::de::{impl#4}::handle_tagged_value
578	270	11	22	alloc::rc::{impl#24}::deref
565	113	15	67	core::slice::{impl#0}::as_mut_ptr
509	270	16	97	core::fmt::rt::{impl#1}::new_debug
469	162	15	3	core::str::traits::{impl#4}::index
459	54	1	1	cranelift_frontend::frontend::{impl#8}::ins
442	51	1	1	cpp_demangle::ast::{impl#10}::deref_mut
440	226	16	1	std::path::{impl#44}::deref
434	204	16	84	alloc::vec::{impl#13}::index_mut
433	433	16	193	core::slice::raw::from_raw_parts_mut
423	160	16	27	core::slice::iter::{impl#0}::into_iter
388	38	10	1	clap_builder::builder::command::{impl#4}::get_name
352	226	12	31	core::cell::{impl#45}::deref_mut
330	166	13	40	std::sync::mutex::{impl#11}::deref_mut
322	42	10	1	regex_syntax::hir::translate::{impl#5}::pop
300	106	1	1	cranelift_codegen::ir::function::{impl#2}::deref
300	48	1	1	raft::raft::{impl#2}::deref
298	64	8	15	core::ptr::non_null::{impl#3}::as_ref
266	54	16	2	core::convert::{impl#8}::as_ref
266	54	16	2	core::borrow::{impl#0}::borrow
265	53	16	6	core::iter::adapters::map::{impl#2}::next &ReErased [std::mem::MaybeUninit], []), ()])
264	162	13	83	core::result::{impl#27}::from_residual
258	137	8	1	regex_automata::util::search::{impl#0}::haystack
256	64	1	62	serde_cbor::de::{impl#4}::parse_map
254	110	9	15	core::ptr::non_null::{impl#3}::as_mut
252	63	1	60	serde_cbor::de::{impl#4}::parse_array
251	108	12	5	core::cell::{impl#10}::get
248	20	10	2	clap_builder::error::{impl#0}::get
239	67	9	20	thiserror::display::{impl#0}::as_display
236	112	9	4	aho_corasick::util::primitives::{impl#84}::index
233	121	8	101	tokio::runtime::task::harness::{impl#0}::core
232	155	16	1	core::str::{impl#0}::as_bytes
232	193	16	6	core::slice::{impl#0}::as_ptr
225	84	14	18	std::io::Write::write_fmt
224	112	1	1	candle_core::layout::{impl#0}::strided_index
206	164	16	73	core::option::{impl#0}::as_ref
203	121	16	1	core::str::{impl#0}::chars
195	32	15	19	hashbrown::scopeguard::{impl#1}::deref
194	171	16	47	core::cell::{impl#50}::get
188	63	8	1	regex_automata::meta::regex::{impl#6}::config
188	188	7	92	tokio::runtime::task::harness::{impl#0}::state
183	63	1	1	heed::txn::{impl#4}::deref
177	42	8	1	gimli::read::unit::{impl#13}::value
176	64	8	1	regex_automata::hybrid::dfa::{impl#5}::as_ref
175	125	14	43	alloc::vec::{impl#9}::deref_mut
174	5	1	1	cpp_demangle::index_str::{impl#2}::as_ref
165	51	15	25	hashbrown::scopeguard::{impl#2}::deref_mut
161	159	13	47	alloc::collections::vec_deque::{impl#3}::ptr
160	77	6	18	core::iter::traits::iterator::Iterator::zip
157	95	15	15	alloc::borrow::{impl#4}::deref
156	24	6	3	tokio::runtime::task::{impl#17}::pointers
151	104	16	1	core::fmt::builders::{impl#4}::field
149	79	8	1	tokio::loom::std::atomic_usize::{impl#3}::deref
146	69	16	31	alloc::vec::{impl#16}::into_iter
144	24	8	2	regex_automata::util::primitives::{impl#92}::index_mut
143	58	15	12	core::pin::{impl#13}::deref
138	87	13	20	std::sync::mutex::{impl#10}::deref
137	92	13	30	alloc::sync::{impl#28}::clone
137	84	13	19	core::array::{impl#16}::index_mut
137	137	14	89	alloc::collections::btree::borrow::{impl#2}::awaken
137	137	14	98	alloc::collections::btree::node::{impl#46}::new_edge
136	40	10	1	clap_builder::output::usage::{impl#0}::new
136	64	9	4	aho_corasick::util::primitives::{impl#85}::index_mut
136	136	12	72	alloc::collections::btree::node::{impl#23}::val_area_mut
136	136	12	72	alloc::collections::btree::node::{impl#23}::key_area_mut
133	63	10	1	regex_syntax::ast::parse::{impl#4}::parser
132	113	16	18	core::slice::{impl#0}::get
131	26	7	1	tokio::sync::notify::{impl#13}::pointers
123	123	12	37	alloc::collections::btree::node::{impl#24}::edge_area_mut
122	61	12	44	alloc::sync::{impl#21}::inner
112	28	10	1	regex_syntax::hir::translate::{impl#3}::unwrap_class_unicode
110	92	14	13	core::convert::{impl#0}::as_ref
110	103	14	27	core::result::{impl#0}::unwrap
109	45	15	1	hashbrown::raw::{impl#12}::ctrl
105	77	15	2	core::str::iter::{impl#61}::next
100	63	10	21	core::option::{impl#40}::branch
98	28	10	1	regex_syntax::hir::translate::{impl#3}::unwrap_class_bytes
94	67	10	8	core::option::{impl#0}::expect
94	2	2	1	data_encoding::{impl#6}::sym
93	31	6	5	tokio::util::linked_list::{impl#9}::get_prev
93	31	6	5	tokio::util::linked_list::{impl#9}::get_next
93	27	8	21	std::collections::hash::map::{impl#2}::get
91	89	16	26	alloc::vec::{impl#1}::as_mut_ptr
91	23	13	1	std::ffi::os_str::{impl#7}::deref
90	48	2	1	alloc::string::{impl#24}::add
89	78	12	22	core::slice::{impl#0}::iter_mut
89	35	1	1	cranelift_codegen::cursor::{impl#0}::ins
87	43	11	14	core::cell::{impl#22}::borrow_mut
87	24	8	16	std::collections::hash::map::{impl#2}::insert
86	38	12	4	core::option::{impl#0}::as_deref
84	28	14	1	core::slice::{impl#0}::split_first
81	81	7	3	core::slice::{impl#0}::get_mut
81	25	7	1	core::slice::iter::{impl#97}::next
80	70	14	25	core::slice::iter::{impl#189}::next
77	62	10	26	core::iter::adapters::enumerate::{impl#1}::next
75	22	8	1	gimli::read::line::{impl#5}::header
74	24	1	1	cranelift_codegen::ir::function::{impl#3}::deref_mut
74	52	4	1	tracing_core::field::{impl#51}::next
74	15	2	2	alloc::collections::vec_deque::{impl#12}::index
72	9	6	1	tokio::runtime::io::registration_set::{impl#1}::pointers
72	16	8	1	regex_automata::util::primitives::{impl#89}::index
71	53	7	24	core::iter::traits::iterator::Iterator::enumerate
70	10	10	1	clap_builder::parser::parser::{impl#1}::resolve_pending
70	40	10	1	clap_builder::builder::command::{impl#9}::index
70	60	10	1	clap_builder::util::id::{impl#21}::clone
70	38	12	1	alloc::string::{impl#0}::as_str
69	40	10	1	clap_builder::builder::command::{impl#5}::get_keymap
69	69	12	37	alloc::collections::btree::node::{impl#36}::force
68	11	1	1	pulldown_cmark::tree::{impl#7}::index_mut
68	17	7	1	tokio::runtime::time::entry::{impl#9}::pointers
68	7	6	1	tokio::runtime::io::scheduled_io::{impl#6}::pointers
68	44	13	18	core::option::{impl#0}::take
68	68	12	36	alloc::collections::btree::node::{impl#26}::len_mut
68	68	12	36	alloc::collections::btree::node::{impl#20}::reborrow_mut
68	4	2	1	data_encoding::{impl#6}::wrap
67	9	1	1	regalloc2::ion::data_structures::{impl#34}::index
67	4	1	1	gimli::write::line::{impl#38}::deref_mut
67	1	1	1	yaml_rust::yaml::{impl#4}::index
66	56	13	2	core::str::{impl#0}::split
66	34	16	2	core::option::{impl#0}::unwrap_unchecked
66	26	2	4	ring::arithmetic::bigint::{impl#0}::deref
65	63	12	9	std::sync::mutex::{impl#5}::lock
65	43	7	7	core::cell::{impl#37}::deref
64	16	16	1	core::num::bignum::{impl#3}::mul_digits
62	13	1	1	pulldown_cmark::tree::{impl#6}::index
62	29	1	12	cranelift_entity::map::{impl#3}::index_mut
61	21	8	11	core::slice::{impl#0}::last_mut
60	33	9	1	aho_corasick::util::search::{impl#0}::haystack
60	20	10	1	clap_builder::builder::command::{impl#4}::get_positionals
60	39	10	1	std::path::{impl#63}::display
60	3	1	1	yaml_rust::yaml::{impl#2}::as_str
59	49	12	18	core::iter::adapters::peekable::{impl#5}::peek
59	14	2	5	ring::arithmetic::bigint::boxed_limbs::{impl#0}::deref
58	31	16	1	core::fmt::{impl#7}::debug_struct
58	23	13	1	core::slice::{impl#0}::chunks_exact
57	10	9	1	regex_syntax::hir::{impl#4}::properties
57	35	7	6	core::cell::{impl#22}::borrow
57	33	4	9	generic_array::{impl#10}::deref_mut
56	28	2	28	tokio::runtime::task::harness::{impl#0}::core, tokio::runtime::blocking::schedule::BlockingSchedule
56	56	2	28	tokio::runtime::task::harness::{impl#0}::state, tokio::runtime::blocking::schedule::BlockingSchedule
56	28	2	1	unsafe_libyaml::externs::memset
54	39	11	11	core::array::{impl#15}::index
54	54	11	22	core::ptr::non_null::{impl#3}::cast
54	54	11	21	alloc::collections::btree::node::{impl#37}::cast_to_internal_unchecked
53	29	1	15	cranelift_entity::map::{impl#2}::index
53	27	1	1	x11rb_protocol::x11_utils::{impl#35}::try_parse
52	11	11	1	clap_lex::{impl#3}::display
52	6	2	1	std::process::{impl#22}::args
52	41	3	33	core::pin::{impl#6}::new_unchecked
51	29	7	2	core::ptr::non_null::{impl#18}::from
51	31	3	8	tokio::loom::std::parking_lot::{impl#2}::deref_mut
50	50	10	1	clap_builder::builder::command::{impl#7}::find
50	44	16	1	core::ffi::c_str::{impl#6}::as_ptr
49	33	8	1	regex_automata::hybrid::dfa::{impl#0}::get_nfa
49	17	16	2	core::slice::iter::{impl#182}::next_back
49	3	1	1	gimli::write::unit::{impl#41}::deref_mut
49	13	1	3	tokio::sync::rwlock::read_guard::{impl#1}::deref
48	46	13	9	core::iter::traits::iterator::Iterator::copied
48	16	16	1	core::num::bignum::{impl#3}::sub
48	40	8	3	regex_automata::util::primitives::{impl#91}::index
48	24	8	1	core::io::borrowed_buf::{impl#3}::filled
48	22	4	4	core::option::{impl#0}::get_or_insert_with
46	38	7	18	core::convert::{impl#3}::into
45	9	9	1	clap_builder::builder::styling::{impl#1}::get_valid
45	27	9	1	aho_corasick::nfa::noncontiguous::{impl#1}::states
44	43	11	28	core::mem::manually_drop::{impl#3}::deref_mut
44	28	13	13	alloc::vec::{impl#15}::into_iter
43	22	1	7	lock_api::rwlock::{impl#19}::deref
42	6	6	1	iana_time_zone::platform::openwrt::etc_config_system::{closure#0} std::result::Result, []), (&ReErased mut iana_time_zone::platform::openwrt::IterWords,)
42	29	10	1	alloc::string::{impl#28}::index
42	14	7	2	core::mem::maybe_uninit::{impl#2}::as_mut_ptr
42	14	10	1	core::slice::sort::merge_sort::{impl#3}::index *mut core::slice::sort::TimSortRun, []), ()]), Closure(DefId(5:5465 ~ alloc[484d]::slice::stable_sort::{closure#3}), [regex_syntax::hir::ClassUnicodeRange, FnDef(DefId(2:2551 ~ core[3c87]::cmp::PartialOrd::lt), [regex_syntax::hir::ClassUnicodeRange, regex_syntax::hir::ClassUnicodeRange]), i8, Binder(extern "RustCall" fn((*mut core::slice::sort::TimSortRun, usize)), []), ()])
42	14	10	1	core::slice::sort::merge_sort::{impl#3}::index *mut core::slice::sort::TimSortRun, []), ()]), Closure(DefId(5:5465 ~ alloc[484d]::slice::stable_sort::{closure#3}), [regex_syntax::hir::ClassBytesRange, FnDef(DefId(2:2551 ~ core[3c87]::cmp::PartialOrd::lt), [regex_syntax::hir::ClassBytesRange, regex_syntax::hir::ClassBytesRange]), i8, Binder(extern "RustCall" fn((*mut core::slice::sort::TimSortRun, usize)), []), ()])
42	18	6	1	hashbrown::raw::inner::{impl#12}::ctrl
42	42	6	23	hashbrown::raw::{impl#6}::next_n
41	27	9	1	alloc::string::{impl#0}::as_bytes
41	31	16	10	core::slice::raw::from_raw_parts
41	7	1	4	config::builder::{impl#2}::set_default
41	10	1	3	cursive_core::views::linear_layout::{impl#3}::child
40	20	10	1	clap_builder::builder::command::{impl#4}::get_arguments
40	40	15	1	core::str::{impl#0}::get_unchecked
40	10	10	1	clap_builder::builder::arg_group::{impl#1}::get_id
40	36	14	12	core::iter::traits::iterator::Iterator::rev
40	32	4	29	core::future::into_future::{impl#0}::into_future
40	22	2	1	unsafe_libyaml::parser::PEEK_TOKEN
40	18	2	3	vec_map::{impl#2}::values
39	11	10	1	clap_builder::builder::arg::{impl#4}::get_action
39	15	7	1	std::ffi::os_str::{impl#23}::to_string_lossy
38	38	9	3	core::mem::maybe_uninit::{impl#2}::write
38	30	9	5	core::option::{impl#5}::clone
38	23	7	12	core::option::{impl#0}::as_mut
38	10	1	5	gemm_common::{impl#4}::wrapping_offset
37	22	7	11	core::iter::adapters::peekable::{impl#1}::next
37	28	12	7	core::cell::{impl#44}::deref
36	7	1	1	pulldown_cmark::strings::{impl#17}::deref
36	22	10	1	clap_builder::builder::arg::{impl#4}::get_long
36	12	6	1	url::parser::{impl#10}::parse_path
36	18	9	1	aho_corasick::nfa::noncontiguous::{impl#1}::special
35	17	7	1	core::task::wake::{impl#2}::waker
35	22	1	19	cranelift_entity::primary::{impl#2}::index
34	22	11	1	strsim::{impl#2}::into_iter
34	19	10	10	alloc::vec::{impl#1}::pop
34	11	1	1	regalloc2::ion::data_structures::{impl#52}::index
34	8	6	1	core::str::iter::{impl#37}::next
34	14	1	1	raft::raft::{impl#3}::deref_mut
34	1	1	1	clap::error::{impl#0}::get_context
33	17	8	1	regex_automata::nfa::thompson::pikevm::{impl#2}::get_nfa
33	6	1	1	regalloc2::ion::data_structures::{impl#35}::index_mut
33	12	3	3	tokio::loom::std::parking_lot::{impl#1}::deref
32	16	8	1	aho_corasick::nfa::noncontiguous::{impl#1}::iter_matches
32	24	8	1	regex_syntax::hir::literal::{impl#10}::as_ref
32	16	8	1	regex_automata::nfa::thompson::range_trie::{impl#0}::state
32	16	8	1	regex_automata::nfa::thompson::backtrack::{impl#2}::get_nfa
32	16	16	1	std::path::{impl#29}::as_mut_vec
32	16	1	1	askama_escape::{impl#0}::new_unsafe
32	10	6	1	core::fmt::{impl#7}::debug_tuple
32	14	1	1	x11rb_protocol::x11_utils::{impl#33}::try_parse
32	8	1	8	serde_cbor::de::{impl#4}::parse_enum
31	11	11	1	clap_lex::{impl#3}::to_value_os
30	7	6	1	regex::regex::string::{impl#8}::as_str
30	18	11	1	core::slice::iter::{impl#89}::next
30	10	10	1	clap_builder::util::id::{impl#0}::as_str
30	25	11	5	core::option::{impl#0}::unwrap_or_default
30	18	13	3	core::option::{impl#0}::or
30	19	9	11	core::mem::replace
30	2	1	1	cranelift_frontend::frontend::{impl#8}::cursor
30	6	1	1	regalloc2::ion::data_structures::{impl#53}::index_mut
30	12	6	1	rand_chacha::chacha::{impl#1}::as_ref
29	12	3	1	clap_builder::builder::command::{impl#0}::arg
29	29	9	1	std::sync::mpmc::waker::{impl#0}::unregister
29	29	1	1	heed::env::{impl#7}::env_mut_ptr
28	10	2	1	globset::glob::{impl#7}::deref
28	26	10	1	clap_builder::builder::command::{impl#4}::get_subcommands
28	14	7	1	regex_automata::dfa::onepass::{impl#3}::get_nfa
28	7	7	1	regex_automata::nfa::thompson::compiler::{impl#4}::add_union
28	28	10	1	regex_syntax::hir::{impl#5}::class
28	28	12	5	core::iter::traits::iterator::Iterator::chain
28	28	10	1	regex_syntax::ast::{impl#15}::into_ast
28	28	11	28	core::option::{impl#0}::as_ref, 1
28	28	4	7	winnow::token::take_while0_
28	28	4	7	winnow::token::take_while1_
28	20	1	1	x11rb_protocol::x11_utils::{impl#31}::try_parse
28	18	1	1	candle_core::tensor::{impl#3}::shape
28	2	1	1	clap::builder::command::{impl#4}::get_name
28	3	1	1	yaml_rust::yaml::{impl#2}::as_vec
27	13	10	1	core::str::iter::{impl#54}::clone
27	19	5	2	core::str::{impl#0}::strip_prefix
27	18	9	1	regex_syntax::hir::{impl#4}::kind
27	27	5	22	anyhow::context::{impl#4}::source
27	21	8	16	alloc::collections::binary_heap::{impl#12}::get
27	13	1	1	tempfile::dir::{impl#0}::path
26	14	6	2	url::{impl#1}::slice
26	26	10	1	clap_builder::builder::str::{impl#10}::deref
26	20	16	1	std::path::{impl#63}::components
26	13	2	9	generic_array::{impl#9}::deref
26	4	1	2	tokio::runtime::task::{impl#10}::pointers
26	6	1	1	tiny_skia::edge::{impl#1}::deref
25	12	2	1	regex::regex::string::{impl#14}::index
25	5	1	1	gimli::write::unit::{impl#1}::get_mut
25	3	2	1	core::slice::{impl#0}::chunks_exact_mut
24	24	8	1	regex_automata::util::primitives::{impl#65}::index_mut
24	16	8	1	regex_automata::meta::regex::{impl#6}::props
24	8	8	1	core::slice::sort::merge_sort::{impl#3}::index *mut core::slice::sort::TimSortRun, []), ()]), Closure(DefId(5:5465 ~ alloc[484d]::slice::stable_sort::{closure#3}), [regex_syntax::hir::literal::Literal, FnDef(DefId(2:2551 ~ core[3c87]::cmp::PartialOrd::lt), [regex_syntax::hir::literal::Literal, regex_syntax::hir::literal::Literal]), i8, Binder(extern "RustCall" fn((*mut core::slice::sort::TimSortRun, usize)), []), ()])
24	8	8	1	core::slice::sort::merge_sort::{impl#3}::index *mut core::slice::sort::TimSortRun, []), ()]), Closure(DefId(5:5465 ~ alloc[484d]::slice::stable_sort::{closure#3}), [aho_corasick::util::primitives::PatternID, FnDef(DefId(2:2551 ~ core[3c87]::cmp::PartialOrd::lt), [aho_corasick::util::primitives::PatternID, aho_corasick::util::primitives::PatternID]), i8, Binder(extern "RustCall" fn((*mut core::slice::sort::TimSortRun, usize)), []), ()])
24	24	8	23	alloc::collections::btree::node::{impl#16}::first_edge
24	24	8	23	alloc::collections::btree::node::{impl#52}::descend
24	14	1	1	wasmtime::runtime::store::{impl#1}::deref
24	21	4	6	core::option::{impl#0}::ok_or
24	13	4	13	core::pin::{impl#14}::deref_mut
23	11	11	1	clap_lex::{impl#3}::to_value
23	14	1	2	wasmparser::validator::operators::{impl#5}::deref
23	6	3	1	std::io::stdio::{impl#13}::write_fmt
23	20	3	6	tokio::loom::std::parking_lot::{impl#0}::lock
23	14	1	12	lock_api::rwlock::{impl#27}::deref_mut
23	23	1	1	pnet_macros_support::packet::{impl#9}::index
22	7	2	1	tokio::sync::broadcast::{impl#19}::pointers
22	11	11	1	core::slice::iter::{impl#5}::as_slice
22	14	5	10	core::slice::{impl#0}::last
22	22	6	1	core::io::borrowed_buf::{impl#4}::init_ref
22	8	2	1	clap::args::arg_matcher::{impl#1}::get
21	8	1	1	tendril::tendril::{impl#18}::deref
21	2	1	1	html5ever::tree_builder::{impl#4}::pop
21	7	7	1	core::slice::sort::merge_sort::{impl#3}::index *mut core::slice::sort::TimSortRun, []), ()]), Closure(DefId(5:5465 ~ alloc[484d]::slice::stable_sort::{closure#3}), [usize, FnDef(DefId(2:2551 ~ core[3c87]::cmp::PartialOrd::lt), [usize, usize]), i8, Binder(extern "RustCall" fn((*mut core::slice::sort::TimSortRun, usize)), []), ()])
21	7	7	1	core::net::socket_addr::{impl#2}::ip
21	17	7	1	alloc::string::{impl#26}::index
21	11	4	8	smallvec::{impl#17}::deref
21	12	7	9	core::slice::{impl#0}::first
21	1	1	1	core::iter::adapters::filter::{impl#2}::next, Closure(DefId(339:542 ~ sysinfo[87b4]::unix::linux::cpu::{impl#0}::refresh::{closure#4}), [i16, Binder(extern "RustCall" fn((&ReBound(DebruijnIndex(0), BoundRegion { var: 0, kind: BrAnon }) &ReErased [u8],)) - bool, [Region(BrAnon)]), ()])
21	1	1	1	core::iter::adapters::filter::{impl#2}::next, Closure(DefId(235:593 ~ sysinfo[bcb8]::unix::linux::cpu::{impl#0}::refresh::{closure#4}), [i16, Binder(extern "RustCall" fn((&ReBound(DebruijnIndex(0), BoundRegion { var: 0, kind: BrAnon }) &ReErased [u8],)) - bool, [Region(BrAnon)]), ()])
21	1	1	1	core::iter::adapters::filter::{impl#2}::next, Closure(DefId(58:569 ~ sysinfo[2df4]::linux::system::{impl#0}::refresh_processors::{closure#13}), [i16, Binder(extern "RustCall" fn((&ReBound(DebruijnIndex(0), BoundRegion { var: 0, kind: BrAnon }) &ReErased [u8],)) - bool, [Region(BrAnon)]), ()])
21	12	1	1	xmlparser::strspan::{impl#5}::as_str
20	20	5	1	crossbeam_channel::waker::{impl#0}::unregister
20	10	10	2	clap_builder::error::{impl#0}::insert_context_unchecked
20	10	8	1	std::path::{impl#37}::from
20	20	10	1	clap_builder::builder::command::{impl#2}::setting
20	20	10	1	clap_builder::builder::command::{impl#7}::find_group
20	14	9	3	alloc::borrow::{impl#13}::as_ref
20	20	10	2	core::iter::adapters::chain::{impl#1}::next
20	16	12	5	core::option::{impl#0}::unwrap_or
20	20	11	6	alloc::vec::into_iter::{impl#5}::next
20	3	1	1	cpp_demangle::ast::{impl#16}::deref_mut
20	2	1	1	gimli::write::line::{impl#0}::row
20	6	4	1	alloc::borrow::{impl#3}::to_mut
20	11	1	8	smallvec::{impl#29}::index
20	20	2	1	winnow::stream::{impl#32}::checkpoint
20	20	1	1	wayland_commons::filter::{impl#1}::reborrow
20	5	4	3	http::header::map::{impl#64}::index_mut
20	8	1	1	candle_core::tensor::{impl#2}::deref
20	10	1	4	gemm_common::{impl#4}::wrapping_add
19	11	3	4	alloc::rc::{impl#27}::clone
19	19	10	1	clap_builder::mkeymap::{impl#6}::get
19	17	6	1	core::str::iter::{impl#82}::next
19	18	12	1	alloc::string::{impl#51}::as_ref
19	14	7	1	core::str::{impl#0}::lines
19	1	1	1	clap::builder::command::{impl#0}::arg
19	9	1	1	lock_api::mutex::{impl#13}::deref
19	10	1	6	lock_api::rwlock::{impl#17}::deref
18	6	6	1	core::slice::sort::merge_sort::{impl#3}::index std::cmp::Ordering, [Region(BrAnon), Region(BrAnon)]), ()]), i16, Binder(extern "RustCall" fn((&ReBound(DebruijnIndex(0), BoundRegion { var: 0, kind: BrAnon }) addr2line::function::InlinedFunctionAddress, &ReBound(DebruijnIndex(0), BoundRegion { var: 1, kind: BrAnon }) addr2line::function::InlinedFunctionAddress)) - bool, [Region(BrAnon), Region(BrAnon)]), (&ReErased mut Closure(DefId(15:80 ~ addr2line[8ff7]::function::{impl#1}::parse::{closure#0}), [gimli::read::endian_slice::EndianSlice, i16, Binder(extern "RustCall" fn((&ReBound(DebruijnIndex(0), BoundRegion { var: 0, kind: BrAnon }) addr2line::function::InlinedFunctionAddress, &ReBound(DebruijnIndex(0), BoundRegion { var: 1, kind: BrAnon }) addr2line::function::InlinedFunctionAddress)) - std::cmp::Ordering, [Region(BrAnon), Region(BrAnon)]), ()]),)]), i8, Binder(extern "RustCall" fn((usize,)) - *mut core::slice::sort::TimSortRun, []), ()]), Closure(DefId(5:5465 ~ alloc[484d]::slice::stable_sort::{closure#3}), [addr2line::function::InlinedFunctionAddress, Closure(DefId(5:5384 ~ alloc[484d]::slice::{impl#0}::sort_by::{closure#0}), [addr2line::function::InlinedFunctionAddress, Closure(DefId(15:80 ~ addr2line[8ff7]::function::{impl#1}::parse::{closure#0}), [gimli::read::endian_slice::EndianSlice, i16, Binder(extern "RustCall" fn((&ReBound(DebruijnIndex(0), BoundRegion { var: 0, kind: BrAnon }) addr2line::function::InlinedFunctionAddress, &ReBound(DebruijnIndex(0), BoundRegion { var: 1, kind: BrAnon }) addr2line::function::InlinedFunctionAddress)) - std::cmp::Ordering, [Region(BrAnon), Region(BrAnon)]), ()]), i16, Binder(extern "RustCall" fn((&ReBound(DebruijnIndex(0), BoundRegion { var: 0, kind: BrAnon }) addr2line::function::InlinedFunctionAddress, &ReBound(DebruijnIndex(0), BoundRegion { var: 1, kind: BrAnon }) addr2line::function::InlinedFunctionAddress)) - bool, [Region(BrAnon), Region(BrAnon)]), (&ReErased mut Closure(DefId(15:80 ~ addr2line[8ff7]::function::{impl#1}::parse::{closure#0}), [gimli::read::endian_slice::EndianSlice, i16, Binder(extern "RustCall" fn((&ReBound(DebruijnIndex(0), BoundRegion { var: 0, kind: BrAnon }) addr2line::function::InlinedFunctionAddress, &ReBound(DebruijnIndex(0), BoundRegion { var: 1, kind: BrAnon }) addr2line::function::InlinedFunctionAddress)) - std::cmp::Ordering, [Region(BrAnon), Region(BrAnon)]), ()]),)]), i8, Binder(extern "RustCall" fn((*mut core::slice::sort::TimSortRun, usize)), []), ()])
18	6	6	1	core::slice::sort::merge_sort::{impl#3}::index u64, [Region(BrAnon)]), ()]), i16, Binder(extern "RustCall" fn((&ReBound(DebruijnIndex(0), BoundRegion { var: 0, kind: BrAnon }) addr2line::function::FunctionAddress, &ReBound(DebruijnIndex(0), BoundRegion { var: 1, kind: BrAnon }) addr2line::function::FunctionAddress)) - bool, [Region(BrAnon), Region(BrAnon)]), (&ReErased mut Closure(DefId(15:72 ~ addr2line[8ff7]::function::{impl#0}::parse::{closure#1}), [gimli::read::endian_slice::EndianSlice, i16, Binder(extern "RustCall" fn((&ReBound(DebruijnIndex(0), BoundRegion { var: 0, kind: BrAnon }) addr2line::function::FunctionAddress,)) - u64, [Region(BrAnon)]), ()]),)]), i8, Binder(extern "RustCall" fn((usize,)) - *mut core::slice::sort::TimSortRun, []), ()]), Closure(DefId(5:5465 ~ alloc[484d]::slice::stable_sort::{closure#3}), [addr2line::function::FunctionAddress, Closure(DefId(5:5388 ~ alloc[484d]::slice::{impl#0}::sort_by_key::{closure#0}), [addr2line::function::FunctionAddress, u64, Closure(DefId(15:72 ~ addr2line[8ff7]::function::{impl#0}::parse::{closure#1}), [gimli::read::endian_slice::EndianSlice, i16, Binder(extern "RustCall" fn((&ReBound(DebruijnIndex(0), BoundRegion { var: 0, kind: BrAnon }) addr2line::function::FunctionAddress,)) - u64, [Region(BrAnon)]), ()]), i16, Binder(extern "RustCall" fn((&ReBound(DebruijnIndex(0), BoundRegion { var: 0, kind: BrAnon }) addr2line::function::FunctionAddress, &ReBound(DebruijnIndex(0), BoundRegion { var: 1, kind: BrAnon }) addr2line::function::FunctionAddress)) - bool, [Region(BrAnon), Region(BrAnon)]), (&ReErased mut Closure(DefId(15:72 ~ addr2line[8ff7]::function::{impl#0}::parse::{closure#1}), [gimli::read::endian_slice::EndianSlice, i16, Binder(extern "RustCall" fn((&ReBound(DebruijnIndex(0), BoundRegion { var: 0, kind: BrAnon }) addr2line::function::FunctionAddress,)) - u64, [Region(BrAnon)]), ()]),)]), i8, Binder(extern "RustCall" fn((*mut core::slice::sort::TimSortRun, usize)), []), ()])
18	6	6	1	core::slice::sort::merge_sort::{impl#3}::index u64, [Region(BrAnon)]), ()]), i16, Binder(extern "RustCall" fn((&ReBound(DebruijnIndex(0), BoundRegion { var: 0, kind: BrAnon }) addr2line::UnitRange, &ReBound(DebruijnIndex(0), BoundRegion { var: 1, kind: BrAnon }) addr2line::UnitRange)) - bool, [Region(BrAnon), Region(BrAnon)]), (&ReErased mut Closure(DefId(15:176 ~ addr2line[8ff7]::{impl#2}::parse_units::{closure#5}), [gimli::read::endian_slice::EndianSlice, i16, Binder(extern "RustCall" fn((&ReBound(DebruijnIndex(0), BoundRegion { var: 0, kind: BrAnon }) addr2line::UnitRange,)) - u64, [Region(BrAnon)]), ()]),)]), i8, Binder(extern "RustCall" fn((usize,)) - *mut core::slice::sort::TimSortRun, []), ()]), Closure(DefId(5:5465 ~ alloc[484d]::slice::stable_sort::{closure#3}), [addr2line::UnitRange, Closure(DefId(5:5388 ~ alloc[484d]::slice::{impl#0}::sort_by_key::{closure#0}), [addr2line::UnitRange, u64, Closure(DefId(15:176 ~ addr2line[8ff7]::{impl#2}::parse_units::{closure#5}), [gimli::read::endian_slice::EndianSlice, i16, Binder(extern "RustCall" fn((&ReBound(DebruijnIndex(0), BoundRegion { var: 0, kind: BrAnon }) addr2line::UnitRange,)) - u64, [Region(BrAnon)]), ()]), i16, Binder(extern "RustCall" fn((&ReBound(DebruijnIndex(0), BoundRegion { var: 0, kind: BrAnon }) addr2line::UnitRange, &ReBound(DebruijnIndex(0), BoundRegion { var: 1, kind: BrAnon }) addr2line::UnitRange)) - bool, [Region(BrAnon), Region(BrAnon)]), (&ReErased mut Closure(DefId(15:176 ~ addr2line[8ff7]::{impl#2}::parse_units::{closure#5}), [gimli::read::endian_slice::EndianSlice, i16, Binder(extern "RustCall" fn((&ReBound(DebruijnIndex(0), BoundRegion { var: 0, kind: BrAnon }) addr2line::UnitRange,)) - u64, [Region(BrAnon)]), ()]),)]), i8, Binder(extern "RustCall" fn((*mut core::slice::sort::TimSortRun, usize)), []), ()])
18	6	6	1	core::slice::sort::merge_sort::{impl#3}::index gimli::common::DebugInfoOffset, [Region(BrAnon)]), ()]), i16, Binder(extern "RustCall" fn((&ReBound(DebruijnIndex(0), BoundRegion { var: 0, kind: BrAnon }) (gimli::common::DebugInfoOffset, gimli::common::DebugArangesOffset), &ReBound(DebruijnIndex(0), BoundRegion { var: 1, kind: BrAnon }) (gimli::common::DebugInfoOffset, gimli::common::DebugArangesOffset))) - bool, [Region(BrAnon), Region(BrAnon)]), (&ReErased mut Closure(DefId(15:171 ~ addr2line[8ff7]::{impl#2}::parse_units::{closure#0}), [gimli::read::endian_slice::EndianSlice, i16, Binder(extern "RustCall" fn((&ReBound(DebruijnIndex(0), BoundRegion { var: 0, kind: BrAnon }) (gimli::common::DebugInfoOffset, gimli::common::DebugArangesOffset),)) - gimli::common::DebugInfoOffset, [Region(BrAnon)]), ()]),)]), i8, Binder(extern "RustCall" fn((usize,)) - *mut core::slice::sort::TimSortRun, []), ()]), Closure(DefId(5:5465 ~ alloc[484d]::slice::stable_sort::{closure#3}), [(gimli::common::DebugInfoOffset, gimli::common::DebugArangesOffset), Closure(DefId(5:5388 ~ alloc[484d]::slice::{impl#0}::sort_by_key::{closure#0}), [(gimli::common::DebugInfoOffset, gimli::common::DebugArangesOffset), gimli::common::DebugInfoOffset, Closure(DefId(15:171 ~ addr2line[8ff7]::{impl#2}::parse_units::{closure#0}), [gimli::read::endian_slice::EndianSlice, i16, Binder(extern "RustCall" fn((&ReBound(DebruijnIndex(0), BoundRegion { var: 0, kind: BrAnon }) (gimli::common::DebugInfoOffset, gimli::common::DebugArangesOffset),)) - gimli::common::DebugInfoOffset, [Region(BrAnon)]), ()]), i16, Binder(extern "RustCall" fn((&ReBound(DebruijnIndex(0), BoundRegion { var: 0, kind: BrAnon }) (gimli::common::DebugInfoOffset, gimli::common::DebugArangesOffset), &ReBound(DebruijnIndex(0), BoundRegion { var: 1, kind: BrAnon }) (gimli::common::DebugInfoOffset, gimli::common::DebugArangesOffset))) - bool, [Region(BrAnon), Region(BrAnon)]), (&ReErased mut Closure(DefId(15:171 ~ addr2line[8ff7]::{impl#2}::parse_units::{closure#0}), [gimli::read::endian_slice::EndianSlice, i16, Binder(extern "RustCall" fn((&ReBound(DebruijnIndex(0), BoundRegion { var: 0, kind: BrAnon }) (gimli::common::DebugInfoOffset, gimli::common::DebugArangesOffset),)) - gimli::common::DebugInfoOffset, [Region(BrAnon)]), ()]),)]), i8, Binder(extern "RustCall" fn((*mut core::slice::sort::TimSortRun, usize)), []), ()])
18	6	6	1	core::slice::sort::merge_sort::{impl#3}::index u64, [Region(BrAnon)]), ()]), i16, Binder(extern "RustCall" fn((&ReBound(DebruijnIndex(0), BoundRegion { var: 0, kind: BrAnon }) addr2line::LineSequence, &ReBound(DebruijnIndex(0), BoundRegion { var: 1, kind: BrAnon }) addr2line::LineSequence)) - bool, [Region(BrAnon), Region(BrAnon)]), (&ReErased mut Closure(DefId(15:188 ~ addr2line[8ff7]::{impl#3}::parse::{closure#1}), [gimli::read::endian_slice::EndianSlice, i16, Binder(extern "RustCall" fn((&ReBound(DebruijnIndex(0), BoundRegion { var: 0, kind: BrAnon }) addr2line::LineSequence,)) - u64, [Region(BrAnon)]), ()]),)]), i8, Binder(extern "RustCall" fn((usize,)) - *mut core::slice::sort::TimSortRun, []), ()]), Closure(DefId(5:5465 ~ alloc[484d]::slice::stable_sort::{closure#3}), [addr2line::LineSequence, Closure(DefId(5:5388 ~ alloc[484d]::slice::{impl#0}::sort_by_key::{closure#0}), [addr2line::LineSequence, u64, Closure(DefId(15:188 ~ addr2line[8ff7]::{impl#3}::parse::{closure#1}), [gimli::read::endian_slice::EndianSlice, i16, Binder(extern "RustCall" fn((&ReBound(DebruijnIndex(0), BoundRegion { var: 0, kind: BrAnon }) addr2line::LineSequence,)) - u64, [Region(BrAnon)]), ()]), i16, Binder(extern "RustCall" fn((&ReBound(DebruijnIndex(0), BoundRegion { var: 0, kind: BrAnon }) addr2line::LineSequence, &ReBound(DebruijnIndex(0), BoundRegion { var: 1, kind: BrAnon }) addr2line::LineSequence)) - bool, [Region(BrAnon), Region(BrAnon)]), (&ReErased mut Closure(DefId(15:188 ~ addr2line[8ff7]::{impl#3}::parse::{closure#1}), [gimli::read::endian_slice::EndianSlice, i16, Binder(extern "RustCall" fn((&ReBound(DebruijnIndex(0), BoundRegion { var: 0, kind: BrAnon }) addr2line::LineSequence,)) - u64, [Region(BrAnon)]), ()]),)]), i8, Binder(extern "RustCall" fn((*mut core::slice::sort::TimSortRun, usize)), []), ()])
18	14	4	3	tokio::loom::std::mutex::{impl#0}::lock
18	18	8	2	tinyvec::tinyvec::{impl#2}::deref
18	7	6	1	regex::regex::string::{impl#12}::get
18	18	9	1	clap_builder::builder::styling::{impl#1}::get_usage
18	18	9	2	core::fmt::rt::{impl#1}::new_binary
18	18	12	1	std::ffi::os_str::{impl#23}::as_encoded_bytes
18	9	9	1	regex_syntax::hir::{impl#5}::literal
18	15	6	1	core::str::{impl#0}::trim
18	6	4	3	std::collections::hash::map::{impl#2}::remove
18	11	1	1	wasmtime::runtime::store::{impl#2}::deref_mut
18	1	1	1	gimli::write::loc::{impl#11}::deref_mut
18	18	3	1	clap_builder::builder::arg::{impl#1}::value_name
18	11	4	1	url::{impl#1}::scheme
18	10	1	1	x11rb_protocol::x11_utils::{impl#34}::try_parse
18	3	1	1	liquid_core::model::object::map::{impl#0}::insert
18	3	2	2	nom::error::ParseError::or
18	9	3	1	miniz_oxide::deflate::core::{impl#15}::get_flag
18	11	1	1	storage::content_manager::consensus_manager::{impl#3}::deref
18	5	2	1	procfs_core::{impl#5}::into
18	2	1	1	aho_corasick::nfa::{impl#7}::nfa
17	4	1	1	string_cache::atom::{impl#7}::deref
17	1	1	1	gimli::write::range::{impl#11}::deref_mut
17	10	1	1	cranelift_codegen::machinst::lower::{impl#3}::sigs
17	1	1	1	cranelift_codegen::isa::x64::inst::emit_state::{impl#0}::ctrl_plane_mut
17	8	4	1	regex::regex::string::{impl#12}::name
17	17	7	9	core::iter::traits::iterator::Iterator::cloned
17	17	6	1	core::io::borrowed_buf::{impl#4}::reborrow
17	12	1	8	lock_api::rwlock::{impl#26}::deref
17	8	1	1	filetreelist::item::{impl#2}::info
16	8	8	1	regex_automata::hybrid::search::find_fwd_imp
16	8	8	1	regex_automata::util::determinize::state::{impl#11}::clone
16	16	8	1	aho_corasick::nfa::noncontiguous::{impl#1}::iter_trans
16	13	4	5	alloc::vec::{impl#1}::remove
16	16	9	1	regex_automata::meta::regex::{impl#6}::props_union
16	8	8	1	regex_syntax::hir::{impl#13}::next
16	8	8	1	regex_automata::nfa::thompson::pikevm::{impl#10}::for_state
16	8	8	1	regex_syntax::hir::{impl#12}::iter
16	16	6	15	alloc::collections::btree::node::{impl#40}::into_node
16	16	16	1	core::num::flt2dec::strategy::grisu::format_exact_opt::possibly_round
16	16	16	1	core::num::bignum::{impl#3}::mul_small
16	16	6	15	alloc::collections::btree::navigate::{impl#25}::last_leaf_edge
16	12	9	3	core::fmt::rt::{impl#1}::new_lower_hex
16	16	16	1	core::num::bignum::{impl#3}::div_rem_small
16	16	6	15	alloc::collections::btree::node::{impl#35}::forget_type
16	16	16	1	std::path::{impl#63}::as_u8_slice
16	16	14	1	core::panic::panic_info::{impl#0}::payload
16	16	16	1	core::num::bignum::{impl#3}::digits
16	16	16	1	core::str::lossy::{impl#0}::invalid
16	16	15	1	hashbrown::raw::{impl#12}::bucket_ptr
16	8	4	1	regex_automata::nfa::range_trie::{impl#0}::state
16	10	5	1	tracing_core::event::{impl#0}::metadata
16	16	4	8	winnow::combinator::core::peek
16	2	1	1	num_bigint::bigint::{impl#436}::mul
16	3	2	1	ratatui::buffer::{impl#0}::set_symbol
16	16	1	1	lock_api::rwlock::{impl#28}::deref
16	8	2	1	clap::args::arg_builder::positional::{impl#2}::name
16	8	2	1	clap::args::arg_builder::option::{impl#4}::name
16	5	1	1	usvg::parser::svgtree::{impl#0}::get
15	5	5	1	core::slice::sort::merge_sort::{impl#3}::index *mut core::slice::sort::TimSortRun, []), ()]), Closure(DefId(5:5465 ~ alloc[484d]::slice::stable_sort::{closure#3}), [std::string::String, FnDef(DefId(2:2551 ~ core[3c87]::cmp::PartialOrd::lt), [std::string::String, std::string::String]), i8, Binder(extern "RustCall" fn((*mut core::slice::sort::TimSortRun, usize)), []), ()])
15	13	9	5	alloc::collections::vec_deque::{impl#5}::pop_front
15	15	7	3	std::io::impls::{impl#1}::write_fmt
15	9	3	6	core::pin::{impl#7}::as_mut
15	3	3	1	bincode::error::{impl#0}::description
15	7	2	1	hashbrown::raw::{impl#11}::ctrl
15	10	6	8	core::iter::adapters::rev::{impl#1}::next
15	1	1	1	indexmap::map::{impl#5}::insert
15	3	2	1	ratatui::buffer::{impl#2}::get_mut
15	3	3	1	indicatif::draw_target::{impl#5}::deref_mut
15	5	4	3	http::header::map::{impl#63}::index
15	5	2	5	core::iter::adapters::zip::{impl#1}::next
15	15	2	3	serde::__private::de::content::{impl#16}::new
15	5	1	1	aho_corasick::nfa::{impl#0}::state
15	7	3	4	std::ffi::os_str::{impl#23}::new
15	1	1	1	resvg::filter::get_input
15	1	1	1	roxmltree::{impl#11}::value
14	14	7	1	alloc::collections::btree::node::slice_remove
14	7	7	1	regex_automata::util::captures::{impl#1}::slots_mut
14	14	7	1	core::mem::maybe_uninit::{impl#2}::assume_init_read
14	14	10	1	regex_syntax::ast::parse::{impl#4}::pattern
14	14	7	2	anstream::auto::{impl#3}::write_fmt
14	14	10	1	miniz_oxide::inflate::output_buffer::{impl#0}::get_mut
14	11	3	1	core::str::converts::from_utf8
14	14	14	1	std::sys_common::backtrace::print
14	14	14	1	core::num::dec2flt::parse::try_parse_digits
14	14	10	1	regex_syntax::hir::translate::{impl#3}::unwrap_expr
14	14	10	1	miniz_oxide::inflate::output_buffer::{impl#0}::get_ref
14	14	13	2	alloc::vec::{impl#1}::as_ptr
14	14	14	1	std::panicking::begin_panic::{impl#1}::get
14	14	14	1	core::panic::panic_info::{impl#0}::internal_constructor
14	9	1	6	wasmparser::validator::types::{impl#57}::index
14	14	4	7	winnow::parser::Parser::by_ref, winnow::stream::Located, (), winnow::error::ContextError
14	2	2	1	ratatui::buffer::{impl#0}::set_style
14	8	3	1	core::mem::take
14	13	1	1	obkv::{impl#3}::get
14	12	1	2	liquid_core::error::error::{impl#0}::context
14	9	4	1	unicode_segmentation::{impl#0}::graphemes
14	6	1	2	lock_api::rwlock::{impl#6}::read
14	4	1	1	clap::builder::command::{impl#4}::get_positionals
13	12	6	1	alloc::string::{impl#0}::from_utf8_lossy
13	11	4	1	std::process::{impl#22}::arg
13	7	1	1	wasmparser::validator::types::{impl#49}::deref
13	2	1	1	tokio::runtime::io::scheduled_io::{impl#12}::pointers
13	1	1	1	cranelift_codegen::isa::x64::inst::args::{impl#54}::from
13	8	3	5	std::sync::rwlock::{impl#17}::deref
13	12	5	8	core::iter::traits::iterator::Iterator::map
13	5	3	1	tokio::sync::batch_semaphore::{impl#13}::pointers
13	13	1	1	grenad::block_writer::{impl#2}::last_key
13	6	1	1	raft_proto::protos::eraftpb::{impl#117}::get_metadata
13	5	1	1	memmap2::{impl#12}::deref
13	2	1	1	mio::poll::{impl#22}::deref
12	12	6	1	url::parser::{impl#5}::split_first
12	6	6	1	tracing_core::field::{impl#38}::name
12	6	6	1	percent_encoding::utf8_percent_encode
12	10	10	1	core::iter::traits::iterator::Iterator::nth
12	11	10	1	aho_corasick::packed::pattern::{impl#3}::bytes
12	4	1	3	tokio::util::linked_list::{impl#10}::get_next
12	4	1	3	tokio::util::linked_list::{impl#10}::get_prev
12	12	6	1	crossbeam_epoch::internal::{impl#8}::global
12	9	2	7	core::slice::iter::{impl#1}::into_iter
12	3	1	1	alloc::string::{impl#27}::index
12	2	2	1	cassowary::solver_impl::{impl#0}::add_constraint
12	2	1	1	filter_parser::{impl#1}::parse_finite_float
12	11	2	6	core::slice::iter::{impl#5}::new
12	12	1	4	lock_api::rwlock::{impl#29}::deref_mut
12	6	2	1	clap::args::arg_builder::flag::{impl#4}::name
12	3	1	1	tiny_skia_path::path::{impl#0}::points
12	1	1	1	gif::reader::decoder::{impl#8}::current_frame_mut
12	2	1	1	roxmltree::{impl#27}::text
11	10	6	5	std::sync::rwlock::{impl#19}::deref_mut
11	11	11	1	clap_lex::{impl#0}::next_os
11	11	7	9	core::slice::{impl#0}::get_unchecked_mut
11	11	8	1	gimli::read::reader::Reader::read_null_terminated_slice
11	11	8	1	rustc_demangle::v0::{impl#4}::hex_nibbles
11	11	11	1	clap_lex::{impl#27}::clone
11	11	11	1	clap_lex::{impl#0}::remaining
11	11	11	1	std::panicking::rust_panic_without_hook::{impl#0}::get
11	11	8	1	rustc_demangle::v0::{impl#4}::ident
11	5	1	1	regalloc2::ion::data_structures::{impl#99}::index
11	9	1	1	cranelift_codegen::ir::dfg::{impl#0}::index
11	8	1	1	wasmtime::runtime::store::{impl#13}::engine
11	1	1	1	core::iter::adapters::filter::{impl#2}::next, Closure(DefId(339:540 ~ sysinfo[87b4]::unix::linux::cpu::{impl#0}::refresh::{closure#2}), [i16, Binder(extern "RustCall" fn((&ReBound(DebruijnIndex(0), BoundRegion { var: 0, kind: BrAnon }) &ReErased [u8],)) - bool, [Region(BrAnon)]), ()])
11	5	2	1	ring::arithmetic::bigint::elem_exp_consttime::entry_mut
11	5	3	1	alloc::ffi::c_str::{impl#3}::deref
11	1	1	1	core::iter::adapters::filter::{impl#2}::next, Closure(DefId(235:591 ~ sysinfo[bcb8]::unix::linux::cpu::{impl#0}::refresh::{closure#2}), [i16, Binder(extern "RustCall" fn((&ReBound(DebruijnIndex(0), BoundRegion { var: 0, kind: BrAnon }) &ReErased [u8],)) - bool, [Region(BrAnon)]), ()])
11	4	1	1	clap::output::usage::{impl#0}::new
11	2	1	1	clap::builder::arg::{impl#4}::get_id
11	1	1	1	core::iter::adapters::filter::{impl#2}::next, Closure(DefId(58:557 ~ sysinfo[2df4]::linux::system::{impl#0}::refresh_processors::{closure#1}), [i16, Binder(extern "RustCall" fn((&ReBound(DebruijnIndex(0), BoundRegion { var: 0, kind: BrAnon }) &ReErased [u8],)) - bool, [Region(BrAnon)]), ()])
11	3	2	1	clap::args::arg_matches::{impl#1}::value_of
11	5	1	1	ttf_parser::{impl#22}::tables
11	6	1	1	rustybuzz::buffer::{impl#7}::cur
11	11	1	6	core::convert::{impl#6}::try_into
10	10	5	1	tracing_core::metadata::{impl#0}::level
10	10	10	1	clap_builder::builder::arg::{impl#4}::get_value_parser
10	10	4	1	serde_json::map::{impl#0}::insert
10	10	10	1	clap_builder::parser::validator::{impl#0}::new
10	10	10	1	clap_builder::builder::arg::{impl#2}::help
10	10	8	1	gimli::read::dwarf::{impl#1}::attr_string
10	10	10	1	clap_builder::mkeymap::{impl#6}::args_mut
10	10	10	1	clap_builder::parser::arg_matcher::{impl#0}::args
10	10	8	1	gimli::read::abbrev::{impl#7}::attributes
10	10	10	2	core::option::{impl#0}::get_or_insert
10	10	8	1	std::path::{impl#38}::from
10	10	10	1	clap_builder::builder::command::{impl#4}::get_groups
10	10	8	1	gimli::read::line::{impl#13}::file
10	10	10	1	clap_builder::builder::command::{impl#4}::get_about
10	10	10	1	clap_builder::builder::command::{impl#4}::get_all_long_flag_aliases
10	10	10	1	clap_builder::parser::parser::{impl#1}::possible_subcommand
10	10	10	1	clap_builder::mkeymap::{impl#6}::keys
10	10	8	1	addr2line::render_file
10	10	10	1	clap_builder::mkeymap::{impl#7}::index
10	1	1	1	core::slice::raw::from_ref
10	3	1	1	cranelift_codegen::ir::dfg::{impl#12}::replace
10	4	1	1	cranelift_codegen::machinst::vcode::{impl#4}::inst_operands
10	7	1	1	cranelift_codegen::ir::dfg::{impl#12}::inst_results
10	8	1	2	wasmparser::validator::operators::{impl#6}::deref_mut
10	10	5	1	nu_ansi_term::display::{impl#3}::paint
10	10	5	4	core::fmt::rt::{impl#1}::new_pointer
10	10	7	4	core::slice::{impl#0}::split_at
10	7	5	3	std::path::{impl#63}::new
10	10	4	1	bytes::bytes::{impl#6}::deref
10	6	1	1	tokenizers::tokenizer::encoding::{impl#0}::get_ids
10	4	2	1	regex::dfa::{impl#5}::state
10	5	2	5	futures_util::stream::futures_unordered::ready_to_run_queue::{impl#0}::stub
10	5	2	5	core::sync::atomic::{impl#6}::get_mut
10	4	1	1	hashbrown::raw::inner::{impl#11}::ctrl
10	2	1	1	usvg::parser::svgtree::{impl#8}::text
9	9	1	1	handlebars::render::{impl#2}::param
9	1	1	1	alloc::collections::vec_deque::{impl#5}::front_mut
9	9	8	1	mio::poll::{impl#0}::registry
9	9	9	1	regex_syntax::hir::{impl#4}::into_parts
9	9	9	1	core::fmt::builders::{impl#6}::entry
9	9	9	1	regex_syntax::hir::literal::{impl#0}::cross
9	1	1	1	gimli::write::range::{impl#4}::deref_mut
9	1	1	1	wasmtime::runtime::types::{impl#31}::name
9	5	1	1	cpp_demangle::ast::{impl#9}::deref
9	4	1	1	wasmprinter::operator::{impl#0}::result
9	1	1	1	gimli::write::loc::{impl#4}::deref_mut
9	1	1	1	cranelift_wasm::state::{impl#2}::peekn_mut
9	4	1	1	cranelift_codegen::dominator_tree::{impl#0}::cfg_postorder
9	4	1	1	gimli::read::unit::{impl#12}::attr_value
9	3	1	1	cranelift_entity::list::{impl#5}::as_slice
9	3	1	1	wasmtime::runtime::store::{impl#6}::deref
9	2	1	2	core::array::{impl#13}::into_iter
9	8	2	3	std::collections::hash::set::{impl#19}::next
9	5	5	2	alloc::borrow::{impl#3}::into_owned
9	7	3	4	tracing_core::field::display
9	6	3	1	indicatif::state::{impl#3}::new
9	5	2	3	std::sync::rwlock::{impl#7}::read
9	9	1	9	eyre::context::{impl#4}::source
9	9	1	1	core::slice::index::{impl#4}::index
9	8	1	2	obkv::{impl#3}::new
9	9	1	1	slog::{impl#0}::list
9	3	1	2	lock_api::mutex::{impl#15}::deref
9	2	1	1	clap::mkeymap::{impl#6}::args
9	4	1	1	cursive_core::cursive_run::{impl#1}::deref_mut
9	6	1	3	cursive_table_view::{impl#6}::get_scroller_mut
9	9	1	9	tokio::runtime::task::harness::{impl#0}::header
9	9	1	9	tokio::runtime::task::harness::{impl#1}::to_task
9	2	1	1	core::slice::iter::{impl#87}::remainder
9	9	1	1	usvg::parser::svgtree::{impl#8}::element_id
9	5	1	1	rustybuzz::face::{impl#2}::deref
8	2	1	1	alloc::collections::btree::map::{impl#20}::get
8	8	4	3	anyhow::context::{impl#5}::source
8	8	8	1	regex_automata::util::captures::{impl#0}::group_info
8	8	8	1	regex_automata::util::search::{impl#0}::anchored
8	8	7	1	gimli::read::endian_slice::{impl#6}::clone
8	8	8	1	aho_corasick::util::primitives::{impl#56}::index
8	8	8	1	regex_automata::util::sparse_set::{impl#1}::iter
8	8	8	1	regex_automata::util::search::{impl#0}::span
8	8	8	1	std::io::error::{impl#9}::source
8	8	8	1	regex_automata::nfa::thompson::literal_trie::{impl#2}::new
8	8	8	1	regex_automata::util::primitives::{impl#64}::index
8	8	8	1	regex_automata::nfa::thompson::nfa::{impl#2}::group_info
8	8	8	1	regex_automata::util::search::{impl#25}::clone
8	8	8	1	regex_automata::util::determinize::state::{impl#10}::repr
8	8	8	1	regex_automata::nfa::thompson::nfa::{impl#0}::state
8	8	8	1	regex_syntax::hir::translate::{impl#5}::trans
8	5	1	1	cranelift_codegen::cursor::{impl#1}::layout
8	5	1	1	cranelift_codegen::isa::x64::{impl#1}::flags
8	1	1	1	cranelift_wasm::state::{impl#2}::peekn
8	4	1	2	wasmparser::readers::core::types::matches::{impl#1}::deref
8	4	1	2	smallvec::{impl#54}::into_iter
8	8	2	3	std::collections::hash::set::{impl#16}::into_iter
8	6	1	3	smallvec::{impl#53}::into_iter
8	8	4	1	regex_automata::minimize::{impl#3}::clone
8	4	4	1	regex_syntax::hir::{impl#10}::iter
8	4	4	1	regex_syntax::hir::{impl#11}::next
8	8	2	4	alloc::collections::btree::map::{impl#20}::range
8	6	2	1	ureq::header::get_header
8	3	1	1	logos::lexer::{impl#1}::slice
8	3	3	1	bytes::bytes_mut::vptr
8	4	1	1	candle_core::layout::{impl#0}::shape
8	4	1	1	pest::iterators::pairs::{impl#2}::next
8	8	1	1	milli::update::words_prefix_integer_docids::{impl#0}::new
8	5	1	1	kstring::string_cow::{impl#3}::deref
8	2	2	1	ring::io::positive::{impl#0}::big_endian_without_leading_zero_as_input
8	2	2	1	sysinfo::unix::linux::utils::{impl#5}::join
8	2	2	1	tar::entry::{impl#0}::header
8	5	2	1	ring::arithmetic::bigint::elem_exp_consttime::entry
8	8	2	3	serde::__private::de::content::{impl#34}::into_deserializer
8	6	1	1	raft::quorum::majority::{impl#2}::deref
8	5	1	1	tokio::runtime::handle::{impl#6}::clone
8	6	1	4	tokio::sync::rwlock::write_guard::{impl#2}::deref_mut
8	5	1	1	regex_syntax::hir::literal::{impl#7}::deref
8	5	1	1	grin_servers::common::adapters::{impl#1}::chain
8	2	1	1	rustybuzz::buffer::{impl#7}::out_info
8	4	1	2	arrayvec::arrayvec::raw_ptr_add
7	1	1	1	html5ever::tokenizer::{impl#1}::emit_current_tag
7	7	7	1	std::backtrace_rs::print::{impl#0}::frame
7	7	7	1	clap_builder::builder::possible_value::{impl#1}::get_name_and_aliases
7	7	7	1	tokio::runtime::time::{impl#2}::lock
7	7	6	1	core::str::iter::{impl#64}::next
7	7	7	1	core::net::socket_addr::{impl#1}::ip
7	7	7	1	std::backtrace::{impl#7}::ip
7	7	7	1	tokio::runtime::driver::{impl#1}::clock
7	7	7	1	regex_syntax::ast::{impl#22}::span
7	7	7	1	regex_automata::dfa::onepass::{impl#9}::explicit_slots
7	7	7	1	std::backtrace_rs::symbolize::gimli::elf::{impl#1}::search_symtab
7	7	7	1	std::sys::pal::unix::process::process_common::{impl#3}::get_groups
7	7	7	1	regex_automata::nfa::thompson::nfa::{impl#0}::states
7	6	5	1	core::task::wake::{impl#9}::clone
7	7	5	1	std::path::{impl#63}::parent
7	6	1	1	wasmparser::readers::core::types::{impl#16}::results
7	1	1	1	wasmtime::runtime::types::{impl#31}::ty
7	5	1	1	regalloc2::ion::data_structures::{impl#70}::index
7	6	1	1	wasmparser::readers::core::types::{impl#16}::params
7	7	1	1	wasmtime::engine::{impl#1}::config
7	5	1	1	cranelift_codegen::machinst::abi::{impl#6}::index
7	3	1	3	smallvec::{impl#30}::index_mut
7	2	2	2	alloc::vec::{impl#1}::drain
7	2	1	2	either::{impl#22}::clone
7	3	1	2	cranelift_bforest::pool::{impl#2}::index_mut
7	5	3	1	std::path::{impl#79}::as_ref
7	7	5	1	regex_syntax::ast::{impl#23}::span
7	2	2	1	untrusted::input::{impl#1}::from
7	3	1	2	wayland_client::proxy::{impl#12}::deref
7	6	2	1	untrusted::input::{impl#1}::as_slice_less_safe
7	4	1	1	core::slice::index::{impl#6}::index_mut
7	3	1	1	filter_parser::{impl#1}::value
7	3	1	1	milli::update::del_add::into_del_add_obkv
7	3	2	2	pest::iterators::pair::{impl#0}::as_str
7	1	1	1	core::str::iter::{impl#30}::next
7	3	1	1	segment::common::mmap_type::{impl#3}::deref
7	5	1	3	tokio::sync::rwlock::write_guard::{impl#1}::deref
7	3	1	1	aho_corasick::nfa::{impl#0}::state_mut
7	1	1	1	clap::parser::parser::{impl#1}::resolve_pending
7	2	1	1	owning_ref::{impl#5}::deref_mut
7	4	1	1	core::fmt::rt::{impl#1}::from_usize
7	4	1	1	core::array::{impl#3}::as_ref
7	5	1	2	cursive_core::printer::{impl#0}::offset
7	5	3	1	log::{impl#11}::target
6	1	1	1	clap_builder::builder::command::{impl#0}::subcommand
6	2	2	1	core::slice::sort::merge_sort::{impl#3}::index *mut core::slice::sort::TimSortRun, []), ()]), Closure(DefId(5:5465 ~ alloc[484d]::slice::stable_sort::{closure#3}), [(std::string::String, std::string::String, std::string::String), FnDef(DefId(2:2551 ~ core[3c87]::cmp::PartialOrd::lt), [(std::string::String, std::string::String, std::string::String), (std::string::String, std::string::String, std::string::String)]), i8, Binder(extern "RustCall" fn((*mut core::slice::sort::TimSortRun, usize)), []), ()])
6	2	2	1	core::slice::sort::merge_sort::{impl#3}::index *mut core::slice::sort::TimSortRun, []), ()]), Closure(DefId(5:5465 ~ alloc[484d]::slice::stable_sort::{closure#3}), [(std::string::String, std::string::String), FnDef(DefId(2:2551 ~ core[3c87]::cmp::PartialOrd::lt), [(std::string::String, std::string::String), (std::string::String, std::string::String)]), i8, Binder(extern "RustCall" fn((*mut core::slice::sort::TimSortRun, usize)), []), ()])
6	6	2	1	clap_builder::builder::arg::{impl#4}::get_help
6	6	6	1	core::str::{impl#0}::as_ptr
6	6	6	1	std::path::{impl#63}::as_os_str
6	4	3	2	core::str::{impl#0}::trim_start_matches
6	6	2	3	aho_corasick::automaton::{impl#4}::prefilter
6	6	4	6	alloc::vec::{impl#17}::into_iter
6	1	1	1	wasmtime::runtime::vm::component::{impl#0}::vmctx_plus_offset_mut
6	3	1	1	core::cell::{impl#50}::get_mut
6	3	1	1	object::write::{impl#6}::name
6	1	1	1	wasmparser::validator::{impl#4}::types
6	5	1	1	wasmparser::validator::core::arc::{impl#2}::deref
6	2	2	1	core::slice::sort::merge_sort::{impl#3}::index *mut core::slice::sort::TimSortRun, []), ()]), Closure(DefId(5:5465 ~ alloc[484d]::slice::stable_sort::{closure#3}), [u16, FnDef(DefId(2:2551 ~ core[3c87]::cmp::PartialOrd::lt), [u16, u16]), i8, Binder(extern "RustCall" fn((*mut core::slice::sort::TimSortRun, usize)), []), ()])
6	6	6	1	core::sync::atomic::{impl#6}::new
6	6	2	4	std::collections::hash::map::{impl#77}::get
6	6	6	1	crossbeam_utils::cache_padded::{impl#2}::new
6	6	6	1	hashbrown::raw::inner::{impl#12}::bucket_ptr
6	4	1	1	scanlex::{impl#1}::get_int
6	2	2	1	url::{impl#1}::path
6	5	3	1	std::path::{impl#63}::to_string_lossy
6	2	1	1	std::io::{impl#11}::deref
6	6	1	3	ring::arithmetic::bigint::modulus::{impl#3}::limbs
6	6	1	6	atuin::command::client::import::import
6	2	2	1	unsafe_libyaml::yaml::{impl#0}::deref
6	2	1	2	core::slice::sort::merge_sort::{impl#3}::index, i16, Binder(extern "RustCall" fn((&ReBound(DebruijnIndex(0), BoundRegion { var: 0, kind: BrAnon }) (std::string::String, milli::update::settings::Setting), &ReBound(DebruijnIndex(0), BoundRegion { var: 1, kind: BrAnon }) (std::string::String, milli::update::settings::Setting))) - std::cmp::Ordering, [Region(BrAnon), Region(BrAnon)]), ()]), i16, Binder(extern "RustCall" fn((&ReBound(DebruijnIndex(0), BoundRegion { var: 0, kind: BrAnon }) (std::string::String, milli::update::settings::Setting), &ReBound(DebruijnIndex(0), BoundRegion { var: 1, kind: BrAnon }) (std::string::String, milli::update::settings::Setting))) - bool, [Region(BrAnon), Region(BrAnon)]), (&ReErased mut Closure(DefId(5:1966 ~ alloc[484d]::collections::btree::map::{impl#78}::from_iter::{closure#0}), [std::string::String, milli::update::settings::Setting, std::iter::Map (std::string::String, milli::update::settings::Setting), []), ()]), i16, Binder(extern "RustCall" fn((&ReBound(DebruijnIndex(0), BoundRegion { var: 0, kind: BrAnon }) (std::string::String, milli::update::settings::Setting), &ReBound(DebruijnIndex(0), BoundRegion { var: 1, kind: BrAnon }) (std::string::String, milli::update::settings::Setting))) - std::cmp::Ordering, [Region(BrAnon), Region(BrAnon)]), ()]),)]), i8, Binder(extern "RustCall" fn((usize,)) - *mut core::slice::sort::TimSortRun, []), ()]), Closure(DefId(5:5465 ~ alloc[484d]::slice::stable_sort::{closure#3}), [(std::string::String, milli::update::settings::Setting), Closure(DefId(5:5384 ~ alloc[484d]::slice::{impl#0}::sort_by::{closure#0}), [(std::string::String, milli::update::settings::Setting), Closure(DefId(5:1966 ~ alloc[484d]::collections::btree::map::{impl#78}::from_iter::{closure#0}), [std::string::String, milli::update::settings::Setting, std::iter::Map (std::string::String, milli::update::settings::Setting), []), ()]), i16, Binder(extern "RustCall" fn((&ReBound(DebruijnIndex(0), BoundRegion { var: 0, kind: BrAnon }) (std::string::String, milli::update::settings::Setting), &ReBound(DebruijnIndex(0), BoundRegion { var: 1, kind: BrAnon }) (std::string::String, milli::update::settings::Setting))) - std::cmp::Ordering, [Region(BrAnon), Region(BrAnon)]), ()]), i16, Binder(extern "RustCall" fn((&ReBound(DebruijnIndex(0), BoundRegion { var: 0, kind: BrAnon }) (std::string::String, milli::update::settings::Setting), &ReBound(DebruijnIndex(0), BoundRegion { var: 1, kind: BrAnon }) (std::string::String, milli::update::settings::Setting))) - bool, [Region(BrAnon), Region(BrAnon)]), (&ReErased mut Closure(DefId(5:1966 ~ alloc[484d]::collections::btree::map::{impl#78}::from_iter::{closure#0}), [std::string::String, milli::update::settings::Setting, std::iter::Map (std::string::String, milli::update::settings::Setting), []), ()]), i16, Binder(extern "RustCall" fn((&ReBound(DebruijnIndex(0), BoundRegion { var: 0, kind: BrAnon }) (std::string::String, milli::update::settings::Setting), &ReBound(DebruijnIndex(0), BoundRegion { var: 1, kind: BrAnon }) (std::string::String, milli::update::settings::Setting))) - std::cmp::Ordering, [Region(BrAnon), Region(BrAnon)]), ()]),)]), i8, Binder(extern "RustCall" fn((*mut core::slice::sort::TimSortRun, usize)), []), ()])
6	6	2	4	serde::__private::de::content::{impl#22}::new
6	5	1	1	raft::tracker::{impl#11}::conf
6	2	1	1	collection::collection::{impl#0}::state::{closure#0}
6	2	1	1	collection::collection::{impl#0}::state
6	2	1	2	tokio::sync::mutex::{impl#17}::deref_mut
6	2	1	2	core::slice::sort::merge_sort::{impl#3}::index *mut core::slice::sort::TimSortRun, []), ()]), Closure(DefId(5:5465 ~ alloc[484d]::slice::stable_sort::{closure#3}), [hashring::Node, FnDef(DefId(2:2551 ~ core[3c87]::cmp::PartialOrd::lt), [hashring::Node, hashring::Node]), i8, Binder(extern "RustCall" fn((*mut core::slice::sort::TimSortRun, usize)), []), ()])
6	2	1	2	dlv_list::{impl#36}::occupied_mut
6	6	1	3	atomic_refcell::{impl#22}::deref
6	1	1	1	lscolors::{impl#3}::style_for_indicator
6	1	1	1	cursive_core::utils::span::{impl#1}::spans
6	1	1	1	cursive_core::views::named_view::{impl#0}::get_mut
6	1	1	1	serde_json::value::index::{impl#5}::index
6	5	1	1	filetreelist::item::{impl#2}::kind
6	1	1	1	ratatui::text::span::{impl#5}::clone
6	2	1	1	roxmltree::{impl#27}::tag_name
6	2	1	1	rustybuzz::buffer::{impl#7}::cur_mut
6	3	1	1	usvg::tree::{impl#16}::deref
6	1	1	1	usvg::tree::filter::{impl#9}::matrix
6	1	1	1	roxmltree::{impl#27}::attributes
6	4	1	1	tiny_skia::pixmap::{impl#0}::data_mut
6	1	1	1	roxmltree::{impl#11}::name
6	1	1	1	roxmltree::{impl#30}::next
6	4	1	1	rgb::internal::convert::{impl#0}::as_rgba_mut
6	3	1	1	usvg::tree::{impl#14}::deref
6	1	1	1	pico_args::{impl#2}::opt_value_from_str
5	2	1	1	html5ever::tokenizer::char_ref::{impl#0}::name_buf
5	3	3	1	std::path::{impl#63}::to_str
5	5	5	1	serde_json::error::{impl#4}::source
5	5	3	1	tracing_core::metadata::{impl#0}::fields
5	5	4	1	std::path::{impl#20}::next
5	5	5	1	toml::tokens::{impl#1}::next
5	3	3	3	core::result::{impl#0}::ok
5	5	5	1	toml::tokens::{impl#20}::clone
5	5	5	3	core::iter::traits::iterator::Iterator::by_ref
5	5	3	5	tracing_core::field::debug
5	5	3	5	std::collections::hash::map::{impl#78}::insert
5	1	1	1	zoxide::shell::{impl#12}::deref
5	1	1	1	zoxide::shell::{impl#32}::deref
5	1	1	1	zoxide::shell::{impl#4}::deref
5	1	1	1	zoxide::shell::{impl#28}::deref
5	1	1	1	zoxide::shell::{impl#16}::deref
5	3	1	1	gimli::write::abbrev::{impl#21}::deref_mut
5	1	1	1	wasmparser::validator::types::{impl#46}::reftype_is_subtype_impl::{closure#1} &ReErased wasmparser::readers::core::types::SubType, []), (&ReErased Closure(DefId(67:3600 ~ wasmparser[30cd]::validator::types::{impl#46}::reftype_is_subtype_impl::{closure#0}), [i8, Binder(extern "RustCall" fn((std::option::Option, wasmparser::readers::core::types::UnpackedIndex)) - wasmparser::validator::types::CoreTypeId, []), (&ReErased wasmparser::validator::types::TypeList,)]), &ReErased wasmparser::validator::types::TypeList)
5	5	1	1	cranelift_codegen::machinst::lower::{impl#4}::dfg
5	2	1	1	cranelift_codegen::machinst::vcode::{impl#4}::block_params
5	4	1	1	cranelift_codegen::ir::dfg::{impl#13}::block_params
5	2	1	1	wasmtime::runtime::types::{impl#8}::heap_type
5	5	1	1	wasmtime_environ::component::types::{impl#424}::index
5	2	1	1	cpp_demangle::ast::{impl#15}::deref
5	1	1	1	alloc::collections::btree::map::{impl#20}::remove
5	3	1	1	winnow::stream::{impl#216}::clone
5	1	1	1	cranelift_codegen::isa::x64::inst::emit_state::{impl#1}::take_stack_map
5	1	1	1	clap_builder::builder::styled_str::{impl#9}::get_valid
5	4	1	1	wasmparser::validator::names::{impl#1}::deref
5	2	1	2	core::iter::adapters::map::{impl#2}::next wasmtime::runtime::types::ValType, []), (&ReErased wasmtime::engine::Engine,)])
5	4	1	2	cranelift_bforest::pool::{impl#1}::index
5	4	1	3	wasmparser::validator::types::{impl#53}::index
5	4	1	4	wasmparser::collections::index_map::{impl#1}::iter
5	4	2	3	core::ptr::non_null::{impl#3}::new
5	5	1	5	hashbrown::map::{impl#5}::get
5	5	4	2	alloc::vec::{impl#1}::into_boxed_slice
5	4	3	4	alloc::collections::btree::map::{impl#20}::insert
5	5	3	4	std::io::buffered::bufreader::{impl#1}::buffer
5	5	3	5	rayon::iter::for_each::{impl#0}::into_folder
5	5	4	3	core::iter::traits::iterator::Iterator::skip
5	2	1	2	wayland_client::proxy::{impl#8}::deref
5	2	2	2	http::header::map::{impl#1}::remove
5	5	4	1	bytes::bytes::{impl#0}::split_to
5	1	1	1	ureq::testserver::{impl#0}::path
5	5	1	1	heed::cursor::{impl#4}::deref_mut
5	3	1	1	winnow::stream::{impl#178}::clone
5	1	1	1	storage::content_manager::consensus_manager::{impl#11}::clone
5	3	1	1	regex::re_unicode::{impl#19}::name
5	3	1	1	winnow::stream::{impl#211}::clone
5	2	1	2	serde::__private::ser::constrain
5	5	2	1	regex::pool::{impl#3}::value
5	5	1	2	http::response::{impl#1}::headers
5	4	1	2	ring::arithmetic::bigint::modulus::{impl#2}::limbs
5	3	2	2	core::slice::iter::{impl#70}::next
5	5	2	5	futures_util::stream::futures_unordered::{impl#6}::pending_next_all
5	3	1	1	clap::builder::command::{impl#6}::get_keymap
5	2	1	1	regex_syntax::hir::literal::{impl#0}::literals
5	1	1	1	cursive_core::theme::palette::{impl#4}::index_mut
5	4	1	3	lock_api::rwlock::{impl#4}::read
5	5	1	1	gitui::components::textinput::{impl#0}::get_text
5	1	1	1	asyncgit::sync::remotes::callbacks::{impl#3}::clone
5	4	1	1	ttf_parser::tables::glyf::{impl#19}::clone
5	1	1	1	unicode_bidi::explicit::{impl#0}::last
5	3	1	1	tiny_skia::edge::{impl#2}::deref_mut
5	3	1	1	usvg::tree::{impl#136}::clone
5	1	1	1	roxmltree::{impl#17}::name
5	4	1	2	usvg::parser::svgtree::{impl#8}::attribute
4	4	1	1	toml::value::{impl#0}::as_array
4	3	1	1	pest::span::{impl#0}::as_str
4	1	1	1	url::{impl#1}::join
4	3	2	1	clap_builder::parser::matches::arg_matches::{impl#0}::get_one
4	4	1	2	tokio::runtime::task::harness::{impl#0}::state (headers::common::sec_websocket_key::SecWebsocketKey,), []), ()]), [Region(BrAnon)]), (Closure(DefId(112:967 ~ warp[975c]::filters::header::header2::{closure#0}), [headers::common::sec_websocket_key::SecWebsocketKey, i8, Binder(extern "RustCall" fn((&ReBound(DebruijnIndex(0), BoundRegion { var: 0, kind: BrAnon }) mut warp::route::Route,)) - futures_util::future::Ready, [Region(BrAnon)]), ()]),)]), warp::filter::FilterFn futures_util::future::Ready, [Region(BrAnon)]), ()]), futures_util::future::Ready, i8, Binder(extern "RustCall" fn((&ReBound(DebruijnIndex(0), BoundRegion { var: 0, kind: BrAnon }) mut warp::route::Route,)) - futures_util::future::MapOk futures_util::future::Ready, [Region(BrAnon)]), ()]), futures_util::future::Ready, i32, Binder(extern "RustCall" fn((std::option::Option,)) - (std::option::Option,), []), ()]), [Region(BrAnon)]), (Closure(DefId(112:1530 ~ warp[975c]::filters::ws::on_upgrade::{closure#0}), [i8, Binder(extern "RustCall" fn((&ReBound(DebruijnIndex(0), BoundRegion { var: 0, kind: BrAnon }) mut warp::route::Route,)) - futures_util::future::Ready, [Region(BrAnon)]), ()]),)]), Closure(DefId(112:1503 ~ warp[975c]::filters::ws::ws::{closure#1}), [i8, Binder(extern "RustCall" fn((headers::common::sec_websocket_key::SecWebsocketKey, std::option::Option)) - warp::ws::Ws, []), ()]), warp::filter::map::Map tokio::sync::broadcast::Receiver, []), (tokio::sync::broadcast::Sender,)]), Closure(DefId(0:164 ~ mdbook[0db1]::cmd::serve::serve::{closure#0}::{closure#1}), [i8, Binder(extern "RustCall" fn((warp::ws::Ws, tokio::sync::broadcast::Receiver)) - warp::ws::WsReply Coroutine(DefId(0:166 ~ mdbook[0db1]::cmd::serve::serve::{closure#0}::{closure#1}::{closure#0}::{closure#0}), [std::future::ResumeTy, (), (), CoroutineWitness(DefId(0:166 ~ mdbook[0db1]::cmd::serve::serve::{closure#0}::{closure#1}::{closure#0}::{closure#0}), []), (warp::ws::WebSocket, tokio::sync::broadcast::Receiver)]), []), (tokio::sync::broadcast::Receiver,)]), []), ()]), warp::filter::and_then::AndThen &ReErased warp::http::Method, []), ()]),)]), warp::filter::and_then::AndThen, Closure(DefId(112:893 ~ warp[975c]::filters::fs::path_from_tail::{closure#0}), [i8, Binder(extern "RustCall" fn((warp::path::Tail,)) - futures_util::future::AndThen Coroutine(DefId(112:895 ~ warp[975c]::filters::fs::path_from_tail::{closure#0}::{closure#0}::{closure#0}), [std::future::ResumeTy, (), std::result::Result, CoroutineWitness(DefId(112:895 ~ warp[975c]::filters::fs::path_from_tail::{closure#0}::{closure#0}::{closure#0}), []), (std::path::PathBuf,)]), []), ()]), []), (std::sync::Arc,)]), warp::filter::map::Map futures_util::future::Ready, [Region(BrAnon)]), ()]),)]), warp::filter::FilterFn futures_util::future::Ready, [Region(BrAnon)]), ()]), futures_util::future::Ready, i8, Binder(extern "RustCall" fn((&ReBound(DebruijnIndex(0), BoundRegion { var: 0, kind: BrAnon }) mut warp::route::Route,)) - futures_util::future::MapOk futures_util::future::Ready, [Region(BrAnon)]), ()]), futures_util::future::Ready, i32, Binder(extern "RustCall" fn((std::option::Option,)) - (std::option::Option,), []), ()]), [Region(BrAnon)]), (Closure(DefId(112:977 ~ warp[975c]::filters::header::optional2::{closure#0}), [headers::common::if_unmodified_since::IfUnmodifiedSince, i8, Binder(extern "RustCall" fn((&ReBound(DebruijnIndex(0), BoundRegion { var: 0, kind: BrAnon }) mut warp::route::Route,)) - futures_util::future::Ready, [Region(BrAnon)]), ()]),)]), warp::filter::FilterFn futures_util::future::Ready, [Region(BrAnon)]), ()]), futures_util::future::Ready, i8, Binder(extern "RustCall" fn((&ReBound(DebruijnIndex(0), BoundRegion { var: 0, kind: BrAnon }) mut warp::route::Route,)) - futures_util::future::MapOk futures_util::future::Ready, [Region(BrAnon)]), ()]), futures_util::future::Ready, i32, Binder(extern "RustCall" fn((std::option::Option,)) - (std::option::Option,), []), ()]), [Region(BrAnon)]), (Closure(DefId(112:977 ~ warp[975c]::filters::header::optional2::{closure#0}), [headers::common::if_range::IfRange, i8, Binder(extern "RustCall" fn((&ReBound(DebruijnIndex(0), BoundRegion { var: 0, kind: BrAnon }) mut warp::route::Route,)) - futures_util::future::Ready, [Region(BrAnon)]), ()]),)]), warp::filter::FilterFn futures_util::future::Ready, [Region(BrAnon)]), ()]), futures_util::future::Ready, i8, Binder(extern "RustCall" fn((&ReBound(DebruijnIndex(0), BoundRegion { var: 0, kind: BrAnon }) mut warp::route::Route,)) - futures_util::future::MapOk futures_util::future::Ready, [Region(BrAnon)]), ()]), futures_util::future::Ready, i32, Binder(extern "RustCall" fn((std::option::Option,)) - (std::option::Option,), []), ()]), [Region(BrAnon)]), (Closure(DefId(112:977 ~ warp[975c]::filters::header::optional2::{closure#0}), [headers::common::range::Range, i8, Binder(extern "RustCall" fn((&ReBound(DebruijnIndex(0), BoundRegion { var: 0, kind: BrAnon }) mut warp::route::Route,)) - futures_util::future::Ready, [Region(BrAnon)]), ()]),)]), Closure(DefId(112:910 ~ warp[975c]::filters::fs::conditionals::{closure#0}), [i8, Binder(extern "RustCall" fn((std::option::Option, std::option::Option, std::option::Option, std::option::Option)) - warp::fs::Conditionals, []), ()]), FnDef(DefId(112:917 ~ warp[975c]::filters::fs::file_reply), []), warp::filter::map::Map futures_util::future::MapOk futures_util::future::Ready, [Region(BrAnon)]), ()]), futures_util::future::Ready, i32, Binder(extern "RustCall" fn((std::option::Option,)) - (std::option::Option,), []), ()]), [Region(BrAnon)]), (Closure(DefId(112:977 ~ warp[975c]::filters::header::optional2::{closure#0}), [headers::common::if_unmodified_since::IfUnmodifiedSince, i8, Binder(extern "RustCall" fn((&ReBound(DebruijnIndex(0), BoundRegion { var: 0, kind: BrAnon }) mut warp::route::Route,)) - futures_util::future::Ready, [Region(BrAnon)]), ()]),)]), warp::filter::FilterFn futures_util::future::Ready, [Region(BrAnon)]), ()]), futures_util::future::Ready, i8, Binder(extern "RustCall" fn((&ReBound(DebruijnIndex(0), BoundRegion { var: 0, kind: BrAnon }) mut warp::route::Route,)) - futures_util::future::MapOk futures_util::future::Ready, [Region(BrAnon)]), ()]), futures_util::future::Ready, i32, Binder(extern "RustCall" fn((std::option::Option,)) - (std::option::Option,), []), ()]), [Region(BrAnon)]), (Closure(DefId(112:977 ~ warp[975c]::filters::header::optional2::{closure#0}), [headers::common::if_range::IfRange, i8, Binder(extern "RustCall" fn((&ReBound(DebruijnIndex(0), BoundRegion { var: 0, kind: BrAnon }) mut warp::route::Route,)) - futures_util::future::Ready, [Region(BrAnon)]), ()]),)]), warp::filter::FilterFn futures_util::future::Ready, [Region(BrAnon)]), ()]), futures_util::future::Ready, i8, Binder(extern "RustCall" fn((&ReBound(DebruijnIndex(0), BoundRegion { var: 0, kind: BrAnon }) mut warp::route::Route,)) - futures_util::future::MapOk futures_util::future::Ready, [Region(BrAnon)]), ()]), futures_util::future::Ready, i32, Binder(extern "RustCall" fn((std::option::Option,)) - (std::option::Option,), []), ()]), [Region(BrAnon)]), (Closure(DefId(112:977 ~ warp[975c]::filters::header::optional2::{closure#0}), [headers::common::range::Range, i8, Binder(extern "RustCall" fn((&ReBound(DebruijnIndex(0), BoundRegion { var: 0, kind: BrAnon }) mut warp::route::Route,)) - futures_util::future::Ready, [Region(BrAnon)]), ()]),)]), Closure(DefId(112:910 ~ warp[975c]::filters::fs::conditionals::{closure#0}), [i8, Binder(extern "RustCall" fn((std::option::Option, std::option::Option, std::option::Option, std::option::Option)) - warp::fs::Conditionals, []), ()]), FnDef(DefId(112:917 ~ warp[975c]::filters::fs::file_reply), []), Closure(DefId(0:167 ~ mdbook[0db1]::cmd::serve::serve::{closure#0}::{closure#2}), [i8, Binder(extern "RustCall" fn((warp::fs::File,)) - warp::reply::WithStatus, []), ()]), std::net::SocketAddr, i16, Binder(extern "RustCall" fn((warp::http::Request,)) - warp::filter::service::FilteredFuture, warp::filter::FilterFn futures_util::future::Ready, [Region(BrAnon)]), (&ReErased str, &ReErased str)]), warp::filter::FilterFn futures_util::future::Ready, [Region(BrAnon)]), ()]), futures_util::future::Ready, i8, Binder(extern "RustCall" fn((&ReBound(DebruijnIndex(0), BoundRegion { var: 0, kind: BrAnon }) mut warp::route::Route,)) - futures_util::future::MapOk futures_util::future::Ready, [Region(BrAnon)]), ()]), futures_util::future::Ready, i32, Binder(extern "RustCall" fn((headers::common::sec_websocket_key::SecWebsocketKey,)) - (headers::common::sec_websocket_key::SecWebsocketKey,), []), ()]), [Region(BrAnon)]), (Closure(DefId(112:967 ~ warp[975c]::filters::header::header2::{closure#0}), [headers::common::sec_websocket_key::SecWebsocketKey, i8, Binder(extern "RustCall" fn((&ReBound(DebruijnIndex(0), BoundRegion { var: 0, kind: BrAnon }) mut warp::route::Route,)) - futures_util::future::Ready, [Region(BrAnon)]), ()]),)]), warp::filter::FilterFn futures_util::future::Ready, [Region(BrAnon)]), ()]), futures_util::future::Ready, i8, Binder(extern "RustCall" fn((&ReBound(DebruijnIndex(0), BoundRegion { var: 0, kind: BrAnon }) mut warp::route::Route,)) - futures_util::future::MapOk futures_util::future::Ready, [Region(BrAnon)]), ()]), futures_util::future::Ready, i32, Binder(extern "RustCall" fn((std::option::Option,)) - (std::option::Option,), []), ()]), [Region(BrAnon)]), (Closure(DefId(112:1530 ~ warp[975c]::filters::ws::on_upgrade::{closure#0}), [i8, Binder(extern "RustCall" fn((&ReBound(DebruijnIndex(0), BoundRegion { var: 0, kind: BrAnon }) mut warp::route::Route,)) - futures_util::future::Ready, [Region(BrAnon)]), ()]),)]), Closure(DefId(112:1503 ~ warp[975c]::filters::ws::ws::{closure#1}), [i8, Binder(extern "RustCall" fn((headers::common::sec_websocket_key::SecWebsocketKey, std::option::Option)) - warp::ws::Ws, []), ()]), warp::filter::map::Map tokio::sync::broadcast::Receiver, []), (tokio::sync::broadcast::Sender,)]), Closure(DefId(0:164 ~ mdbook[0db1]::cmd::serve::serve::{closure#0}::{closure#1}), [i8, Binder(extern "RustCall" fn((warp::ws::Ws, tokio::sync::broadcast::Receiver)) - warp::ws::WsReply Coroutine(DefId(0:166 ~ mdbook[0db1]::cmd::serve::serve::{closure#0}::{closure#1}::{closure#0}::{closure#0}), [std::future::ResumeTy, (), (), CoroutineWitness(DefId(0:166 ~ mdbook[0db1]::cmd::serve::serve::{closure#0}::{closure#1}::{closure#0}::{closure#0}), []), (warp::ws::WebSocket, tokio::sync::broadcast::Receiver)]), []), (tokio::sync::broadcast::Receiver,)]), []), ()]), warp::filter::and_then::AndThen &ReErased warp::http::Method, []), ()]),)]), warp::filter::and_then::AndThen, Closure(DefId(112:893 ~ warp[975c]::filters::fs::path_from_tail::{closure#0}), [i8, Binder(extern "RustCall" fn((warp::path::Tail,)) - futures_util::future::AndThen Coroutine(DefId(112:895 ~ warp[975c]::filters::fs::path_from_tail::{closure#0}::{closure#0}::{closure#0}), [std::future::ResumeTy, (), std::result::Result, CoroutineWitness(DefId(112:895 ~ warp[975c]::filters::fs::path_from_tail::{closure#0}::{closure#0}::{closure#0}), []), (std::path::PathBuf,)]), []), ()]), []), (std::sync::Arc,)]), warp::filter::map::Map futures_util::future::Ready, [Region(BrAnon)]), ()]),)]), warp::filter::FilterFn futures_util::future::Ready, [Region(BrAnon)]), ()]), futures_util::future::Ready, i8, Binder(extern "RustCall" fn((&ReBound(DebruijnIndex(0), BoundRegion { var: 0, kind: BrAnon }) mut warp::route::Route,)) - futures_util::future::MapOk futures_util::future::Ready, [Region(BrAnon)]), ()]), futures_util::future::Ready, i32, Binder(extern "RustCall" fn((std::option::Option,)) - (std::option::Option,), []), ()]), [Region(BrAnon)]), (Closure(DefId(112:977 ~ warp[975c]::filters::header::optional2::{closure#0}), [headers::common::if_unmodified_since::IfUnmodifiedSince, i8, Binder(extern "RustCall" fn((&ReBound(DebruijnIndex(0), BoundRegion { var: 0, kind: BrAnon }) mut warp::route::Route,)) - futures_util::future::Ready, [Region(BrAnon)]), ()]),)]), warp::filter::FilterFn futures_util::future::Ready, [Region(BrAnon)]), ()]), futures_util::future::Ready, i8, Binder(extern "RustCall" fn((&ReBound(DebruijnIndex(0), BoundRegion { var: 0, kind: BrAnon }) mut warp::route::Route,)) - futures_util::future::MapOk futures_util::future::Ready, [Region(BrAnon)]), ()]), futures_util::future::Ready, i32, Binder(extern "RustCall" fn((std::option::Option,)) - (std::option::Option,), []), ()]), [Region(BrAnon)]), (Closure(DefId(112:977 ~ warp[975c]::filters::header::optional2::{closure#0}), [headers::common::if_range::IfRange, i8, Binder(extern "RustCall" fn((&ReBound(DebruijnIndex(0), BoundRegion { var: 0, kind: BrAnon }) mut warp::route::Route,)) - futures_util::future::Ready, [Region(BrAnon)]), ()]),)]), warp::filter::FilterFn futures_util::future::Ready, [Region(BrAnon)]), ()]), futures_util::future::Ready, i8, Binder(extern "RustCall" fn((&ReBound(DebruijnIndex(0), BoundRegion { var: 0, kind: BrAnon }) mut warp::route::Route,)) - futures_util::future::MapOk futures_util::future::Ready, [Region(BrAnon)]), ()]), futures_util::future::Ready, i32, Binder(extern "RustCall" fn((std::option::Option,)) - (std::option::Option,), []), ()]), [Region(BrAnon)]), (Closure(DefId(112:977 ~ warp[975c]::filters::header::optional2::{closure#0}), [headers::common::range::Range, i8, Binder(extern "RustCall" fn((&ReBound(DebruijnIndex(0), BoundRegion { var: 0, kind: BrAnon }) mut warp::route::Route,)) - futures_util::future::Ready, [Region(BrAnon)]), ()]),)]), Closure(DefId(112:910 ~ warp[975c]::filters::fs::conditionals::{closure#0}), [i8, Binder(extern "RustCall" fn((std::option::Option, std::option::Option, std::option::Option, std::option::Option)) - warp::fs::Conditionals, []), ()]), FnDef(DefId(112:917 ~ warp[975c]::filters::fs::file_reply), []), warp::filter::map::Map futures_util::future::MapOk futures_util::future::Ready, [Region(BrAnon)]), ()]), futures_util::future::Ready, i32, Binder(extern "RustCall" fn((std::option::Option,)) - (std::option::Option,), []), ()]), [Region(BrAnon)]), (Closure(DefId(112:977 ~ warp[975c]::filters::header::optional2::{closure#0}), [headers::common::if_unmodified_since::IfUnmodifiedSince, i8, Binder(extern "RustCall" fn((&ReBound(DebruijnIndex(0), BoundRegion { var: 0, kind: BrAnon }) mut warp::route::Route,)) - futures_util::future::Ready, [Region(BrAnon)]), ()]),)]), warp::filter::FilterFn futures_util::future::Ready, [Region(BrAnon)]), ()]), futures_util::future::Ready, i8, Binder(extern "RustCall" fn((&ReBound(DebruijnIndex(0), BoundRegion { var: 0, kind: BrAnon }) mut warp::route::Route,)) - futures_util::future::MapOk futures_util::future::Ready, [Region(BrAnon)]), ()]), futures_util::future::Ready, i32, Binder(extern "RustCall" fn((std::option::Option,)) - (std::option::Option,), []), ()]), [Region(BrAnon)]), (Closure(DefId(112:977 ~ warp[975c]::filters::header::optional2::{closure#0}), [headers::common::if_range::IfRange, i8, Binder(extern "RustCall" fn((&ReBound(DebruijnIndex(0), BoundRegion { var: 0, kind: BrAnon }) mut warp::route::Route,)) - futures_util::future::Ready, [Region(BrAnon)]), ()]),)]), warp::filter::FilterFn futures_util::future::Ready, [Region(BrAnon)]), ()]), futures_util::future::Ready, i8, Binder(extern "RustCall" fn((&ReBound(DebruijnIndex(0), BoundRegion { var: 0, kind: BrAnon }) mut warp::route::Route,)) - futures_util::future::MapOk futures_util::future::Ready, [Region(BrAnon)]), ()]), futures_util::future::Ready, i32, Binder(extern "RustCall" fn((std::option::Option,)) - (std::option::Option,), []), ()]), [Region(BrAnon)]), (Closure(DefId(112:977 ~ warp[975c]::filters::header::optional2::{closure#0}), [headers::common::range::Range, i8, Binder(extern "RustCall" fn((&ReBound(DebruijnIndex(0), BoundRegion { var: 0, kind: BrAnon }) mut warp::route::Route,)) - futures_util::future::Ready, [Region(BrAnon)]), ()]),)]), Closure(DefId(112:910 ~ warp[975c]::filters::fs::conditionals::{closure#0}), [i8, Binder(extern "RustCall" fn((std::option::Option, std::option::Option, std::option::Option, std::option::Option)) - warp::fs::Conditionals, []), ()]), FnDef(DefId(112:917 ~ warp[975c]::filters::fs::file_reply), []), Closure(DefId(0:167 ~ mdbook[0db1]::cmd::serve::serve::{closure#0}::{closure#2}), [i8, Binder(extern "RustCall" fn((warp::fs::File,)) - warp::reply::WithStatus, []), ()]), []), (warp::filter::service::FilteredService, warp::filter::FilterFn futures_util::future::Ready, [Region(BrAnon)]), (&ReErased str, &ReErased str)]), warp::filter::FilterFn futures_util::future::Ready, [Region(BrAnon)]), ()]), futures_util::future::Ready, i8, Binder(extern "RustCall" fn((&ReBound(DebruijnIndex(0), BoundRegion { var: 0, kind: BrAnon }) mut warp::route::Route,)) - futures_util::future::MapOk futures_util::future::Ready, [Region(BrAnon)]), ()]), futures_util::future::Ready, i32, Binder(extern "RustCall" fn((headers::common::sec_websocket_key::SecWebsocketKey,)) - (headers::common::sec_websocket_key::SecWebsocketKey,), []), ()]), [Region(BrAnon)]), (Closure(DefId(112:967 ~ warp[975c]::filters::header::header2::{closure#0}), [headers::common::sec_websocket_key::SecWebsocketKey, i8, Binder(extern "RustCall" fn((&ReBound(DebruijnIndex(0), BoundRegion { var: 0, kind: BrAnon }) mut warp::route::Route,)) - futures_util::future::Ready, [Region(BrAnon)]), ()]),)]), warp::filter::FilterFn futures_util::future::Ready, [Region(BrAnon)]), ()]), futures_util::future::Ready, i8, Binder(extern "RustCall" fn((&ReBound(DebruijnIndex(0), BoundRegion { var: 0, kind: BrAnon }) mut warp::route::Route,)) - futures_util::future::MapOk futures_util::future::Ready, [Region(BrAnon)]), ()]), futures_util::future::Ready, i32, Binder(extern "RustCall" fn((std::option::Option,)) - (std::option::Option,), []), ()]), [Region(BrAnon)]), (Closure(DefId(112:1530 ~ warp[975c]::filters::ws::on_upgrade::{closure#0}), [i8, Binder(extern "RustCall" fn((&ReBound(DebruijnIndex(0), BoundRegion { var: 0, kind: BrAnon }) mut warp::route::Route,)) - futures_util::future::Ready, [Region(BrAnon)]), ()]),)]), Closure(DefId(112:1503 ~ warp[975c]::filters::ws::ws::{closure#1}), [i8, Binder(extern "RustCall" fn((headers::common::sec_websocket_key::SecWebsocketKey, std::option::Option)) - warp::ws::Ws, []), ()]), warp::filter::map::Map tokio::sync::broadcast::Receiver, []), (tokio::sync::broadcast::Sender,)]), Closure(DefId(0:164 ~ mdbook[0db1]::cmd::serve::serve::{closure#0}::{closure#1}), [i8, Binder(extern "RustCall" fn((warp::ws::Ws, tokio::sync::broadcast::Receiver)) - warp::ws::WsReply Coroutine(DefId(0:166 ~ mdbook[0db1]::cmd::serve::serve::{closure#0}::{closure#1}::{closure#0}::{closure#0}), [std::future::ResumeTy, (), (), CoroutineWitness(DefId(0:166 ~ mdbook[0db1]::cmd::serve::serve::{closure#0}::{closure#1}::{closure#0}::{closure#0}), []), (warp::ws::WebSocket, tokio::sync::broadcast::Receiver)]), []), (tokio::sync::broadcast::Receiver,)]), []), ()]), warp::filter::and_then::AndThen &ReErased warp::http::Method, []), ()]),)]), warp::filter::and_then::AndThen, Closure(DefId(112:893 ~ warp[975c]::filters::fs::path_from_tail::{closure#0}), [i8, Binder(extern "RustCall" fn((warp::path::Tail,)) - futures_util::future::AndThen Coroutine(DefId(112:895 ~ warp[975c]::filters::fs::path_from_tail::{closure#0}::{closure#0}::{closure#0}), [std::future::ResumeTy, (), std::result::Result, CoroutineWitness(DefId(112:895 ~ warp[975c]::filters::fs::path_from_tail::{closure#0}::{closure#0}::{closure#0}), []), (std::path::PathBuf,)]), []), ()]), []), (std::sync::Arc,)]), warp::filter::map::Map futures_util::future::Ready, [Region(BrAnon)]), ()]),)]), warp::filter::FilterFn futures_util::future::Ready, [Region(BrAnon)]), ()]), futures_util::future::Ready, i8, Binder(extern "RustCall" fn((&ReBound(DebruijnIndex(0), BoundRegion { var: 0, kind: BrAnon }) mut warp::route::Route,)) - futures_util::future::MapOk futures_util::future::Ready, [Region(BrAnon)]), ()]), futures_util::future::Ready, i32, Binder(extern "RustCall" fn((std::option::Option,)) - (std::option::Option,), []), ()]), [Region(BrAnon)]), (Closure(DefId(112:977 ~ warp[975c]::filters::header::optional2::{closure#0}), [headers::common::if_unmodified_since::IfUnmodifiedSince, i8, Binder(extern "RustCall" fn((&ReBound(DebruijnIndex(0), BoundRegion { var: 0, kind: BrAnon }) mut warp::route::Route,)) - futures_util::future::Ready, [Region(BrAnon)]), ()]),)]), warp::filter::FilterFn futures_util::future::Ready, [Region(BrAnon)]), ()]), futures_util::future::Ready, i8, Binder(extern "RustCall" fn((&ReBound(DebruijnIndex(0), BoundRegion { var: 0, kind: BrAnon }) mut warp::route::Route,)) - futures_util::future::MapOk futures_util::future::Ready, [Region(BrAnon)]), ()]), futures_util::future::Ready, i32, Binder(extern "RustCall" fn((std::option::Option,)) - (std::option::Option,), []), ()]), [Region(BrAnon)]), (Closure(DefId(112:977 ~ warp[975c]::filters::header::optional2::{closure#0}), [headers::common::if_range::IfRange, i8, Binder(extern "RustCall" fn((&ReBound(DebruijnIndex(0), BoundRegion { var: 0, kind: BrAnon }) mut warp::route::Route,)) - futures_util::future::Ready, [Region(BrAnon)]), ()]),)]), warp::filter::FilterFn futures_util::future::Ready, [Region(BrAnon)]), ()]), futures_util::future::Ready, i8, Binder(extern "RustCall" fn((&ReBound(DebruijnIndex(0), BoundRegion { var: 0, kind: BrAnon }) mut warp::route::Route,)) - futures_util::future::MapOk futures_util::future::Ready, [Region(BrAnon)]), ()]), futures_util::future::Ready, i32, Binder(extern "RustCall" fn((std::option::Option,)) - (std::option::Option,), []), ()]), [Region(BrAnon)]), (Closure(DefId(112:977 ~ warp[975c]::filters::header::optional2::{closure#0}), [headers::common::range::Range, i8, Binder(extern "RustCall" fn((&ReBound(DebruijnIndex(0), BoundRegion { var: 0, kind: BrAnon }) mut warp::route::Route,)) - futures_util::future::Ready, [Region(BrAnon)]), ()]),)]), Closure(DefId(112:910 ~ warp[975c]::filters::fs::conditionals::{closure#0}), [i8, Binder(extern "RustCall" fn((std::option::Option, std::option::Option, std::option::Option, std::option::Option)) - warp::fs::Conditionals, []), ()]), FnDef(DefId(112:917 ~ warp[975c]::filters::fs::file_reply), []), warp::filter::map::Map futures_util::future::MapOk futures_util::future::Ready, [Region(BrAnon)]), ()]), futures_util::future::Ready, i32, Binder(extern "RustCall" fn((std::option::Option,)) - (std::option::Option,), []), ()]), [Region(BrAnon)]), (Closure(DefId(112:977 ~ warp[975c]::filters::header::optional2::{closure#0}), [headers::common::if_unmodified_since::IfUnmodifiedSince, i8, Binder(extern "RustCall" fn((&ReBound(DebruijnIndex(0), BoundRegion { var: 0, kind: BrAnon }) mut warp::route::Route,)) - futures_util::future::Ready, [Region(BrAnon)]), ()]),)]), warp::filter::FilterFn futures_util::future::Ready, [Region(BrAnon)]), ()]), futures_util::future::Ready, i8, Binder(extern "RustCall" fn((&ReBound(DebruijnIndex(0), BoundRegion { var: 0, kind: BrAnon }) mut warp::route::Route,)) - futures_util::future::MapOk futures_util::future::Ready, [Region(BrAnon)]), ()]), futures_util::future::Ready, i32, Binder(extern "RustCall" fn((std::option::Option,)) - (std::option::Option,), []), ()]), [Region(BrAnon)]), (Closure(DefId(112:977 ~ warp[975c]::filters::header::optional2::{closure#0}), [headers::common::if_range::IfRange, i8, Binder(extern "RustCall" fn((&ReBound(DebruijnIndex(0), BoundRegion { var: 0, kind: BrAnon }) mut warp::route::Route,)) - futures_util::future::Ready, [Region(BrAnon)]), ()]),)]), warp::filter::FilterFn futures_util::future::Ready, [Region(BrAnon)]), ()]), futures_util::future::Ready, i8, Binder(extern "RustCall" fn((&ReBound(DebruijnIndex(0), BoundRegion { var: 0, kind: BrAnon }) mut warp::route::Route,)) - futures_util::future::MapOk futures_util::future::Ready, [Region(BrAnon)]), ()]), futures_util::future::Ready, i32, Binder(extern "RustCall" fn((std::option::Option,)) - (std::option::Option,), []), ()]), [Region(BrAnon)]), (Closure(DefId(112:977 ~ warp[975c]::filters::header::optional2::{closure#0}), [headers::common::range::Range, i8, Binder(extern "RustCall" fn((&ReBound(DebruijnIndex(0), BoundRegion { var: 0, kind: BrAnon }) mut warp::route::Route,)) - futures_util::future::Ready, [Region(BrAnon)]), ()]),)]), Closure(DefId(112:910 ~ warp[975c]::filters::fs::conditionals::{closure#0}), [i8, Binder(extern "RustCall" fn((std::option::Option, std::option::Option, std::option::Option, std::option::Option)) - warp::fs::Conditionals, []), ()]), FnDef(DefId(112:917 ~ warp[975c]::filters::fs::file_reply), []), Closure(DefId(0:167 ~ mdbook[0db1]::cmd::serve::serve::{closure#0}::{closure#2}), [i8, Binder(extern "RustCall" fn((warp::fs::File,)) - warp::reply::WithStatus, []), ()]), std::option::Option)]), warp::hyper::Body, std::convert::Infallible, warp::hyper::service::util::ServiceFn, warp::filter::FilterFn futures_util::future::Ready, [Region(BrAnon)]), (&ReErased str, &ReErased str)]), warp::filter::FilterFn futures_util::future::Ready, [Region(BrAnon)]), ()]), futures_util::future::Ready, i8, Binder(extern "RustCall" fn((&ReBound(DebruijnIndex(0), BoundRegion { var: 0, kind: BrAnon }) mut warp::route::Route,)) - futures_util::future::MapOk futures_util::future::Ready, [Region(BrAnon)]), ()]), futures_util::future::Ready, i32, Binder(extern "RustCall" fn((headers::common::sec_websocket_key::SecWebsocketKey,)) - (headers::common::sec_websocket_key::SecWebsocketKey,), []), ()]), [Region(BrAnon)]), (Closure(DefId(112:967 ~ warp[975c]::filters::header::header2::{closure#0}), [headers::common::sec_websocket_key::SecWebsocketKey, i8, Binder(extern "RustCall" fn((&ReBound(DebruijnIndex(0), BoundRegion { var: 0, kind: BrAnon }) mut warp::route::Route,)) - futures_util::future::Ready, [Region(BrAnon)]), ()]),)]), warp::filter::FilterFn futures_util::future::Ready, [Region(BrAnon)]), ()]), futures_util::future::Ready, i8, Binder(extern "RustCall" fn((&ReBound(DebruijnIndex(0), BoundRegion { var: 0, kind: BrAnon }) mut warp::route::Route,)) - futures_util::future::MapOk futures_util::future::Ready, [Region(BrAnon)]), ()]), futures_util::future::Ready, i32, Binder(extern "RustCall" fn((std::option::Option,)) - (std::option::Option,), []), ()]), [Region(BrAnon)]), (Closure(DefId(112:1530 ~ warp[975c]::filters::ws::on_upgrade::{closure#0}), [i8, Binder(extern "RustCall" fn((&ReBound(DebruijnIndex(0), BoundRegion { var: 0, kind: BrAnon }) mut warp::route::Route,)) - futures_util::future::Ready, [Region(BrAnon)]), ()]),)]), Closure(DefId(112:1503 ~ warp[975c]::filters::ws::ws::{closure#1}), [i8, Binder(extern "RustCall" fn((headers::common::sec_websocket_key::SecWebsocketKey, std::option::Option)) - warp::ws::Ws, []), ()]), warp::filter::map::Map tokio::sync::broadcast::Receiver, []), (tokio::sync::broadcast::Sender,)]), Closure(DefId(0:164 ~ mdbook[0db1]::cmd::serve::serve::{closure#0}::{closure#1}), [i8, Binder(extern "RustCall" fn((warp::ws::Ws, tokio::sync::broadcast::Receiver)) - warp::ws::WsReply Coroutine(DefId(0:166 ~ mdbook[0db1]::cmd::serve::serve::{closure#0}::{closure#1}::{closure#0}::{closure#0}), [std::future::ResumeTy, (), (), CoroutineWitness(DefId(0:166 ~ mdbook[0db1]::cmd::serve::serve::{closure#0}::{closure#1}::{closure#0}::{closure#0}), []), (warp::ws::WebSocket, tokio::sync::broadcast::Receiver)]), []), (tokio::sync::broadcast::Receiver,)]), []), ()]), warp::filter::and_then::AndThen &ReErased warp::http::Method, []), ()]),)]), warp::filter::and_then::AndThen, Closure(DefId(112:893 ~ warp[975c]::filters::fs::path_from_tail::{closure#0}), [i8, Binder(extern "RustCall" fn((warp::path::Tail,)) - futures_util::future::AndThen Coroutine(DefId(112:895 ~ warp[975c]::filters::fs::path_from_tail::{closure#0}::{closure#0}::{closure#0}), [std::future::ResumeTy, (), std::result::Result, CoroutineWitness(DefId(112:895 ~ warp[975c]::filters::fs::path_from_tail::{closure#0}::{closure#0}::{closure#0}), []), (std::path::PathBuf,)]), []), ()]), []), (std::sync::Arc,)]), warp::filter::map::Map futures_util::future::Ready, [Region(BrAnon)]), ()]),)]), warp::filter::FilterFn futures_util::future::Ready, [Region(BrAnon)]), ()]), futures_util::future::Ready, i8, Binder(extern "RustCall" fn((&ReBound(DebruijnIndex(0), BoundRegion { var: 0, kind: BrAnon }) mut warp::route::Route,)) - futures_util::future::MapOk futures_util::future::Ready, [Region(BrAnon)]), ()]), futures_util::future::Ready, i32, Binder(extern "RustCall" fn((std::option::Option,)) - (std::option::Option,), []), ()]), [Region(BrAnon)]), (Closure(DefId(112:977 ~ warp[975c]::filters::header::optional2::{closure#0}), [headers::common::if_unmodified_since::IfUnmodifiedSince, i8, Binder(extern "RustCall" fn((&ReBound(DebruijnIndex(0), BoundRegion { var: 0, kind: BrAnon }) mut warp::route::Route,)) - futures_util::future::Ready, [Region(BrAnon)]), ()]),)]), warp::filter::FilterFn futures_util::future::Ready, [Region(BrAnon)]), ()]), futures_util::future::Ready, i8, Binder(extern "RustCall" fn((&ReBound(DebruijnIndex(0), BoundRegion { var: 0, kind: BrAnon }) mut warp::route::Route,)) - futures_util::future::MapOk futures_util::future::Ready, [Region(BrAnon)]), ()]), futures_util::future::Ready, i32, Binder(extern "RustCall" fn((std::option::Option,)) - (std::option::Option,), []), ()]), [Region(BrAnon)]), (Closure(DefId(112:977 ~ warp[975c]::filters::header::optional2::{closure#0}), [headers::common::if_range::IfRange, i8, Binder(extern "RustCall" fn((&ReBound(DebruijnIndex(0), BoundRegion { var: 0, kind: BrAnon }) mut warp::route::Route,)) - futures_util::future::Ready, [Region(BrAnon)]), ()]),)]), warp::filter::FilterFn futures_util::future::Ready, [Region(BrAnon)]), ()]), futures_util::future::Ready, i8, Binder(extern "RustCall" fn((&ReBound(DebruijnIndex(0), BoundRegion { var: 0, kind: BrAnon }) mut warp::route::Route,)) - futures_util::future::MapOk futures_util::future::Ready, [Region(BrAnon)]), ()]), futures_util::future::Ready, i32, Binder(extern "RustCall" fn((std::option::Option,)) - (std::option::Option,), []), ()]), [Region(BrAnon)]), (Closure(DefId(112:977 ~ warp[975c]::filters::header::optional2::{closure#0}), [headers::common::range::Range, i8, Binder(extern "RustCall" fn((&ReBound(DebruijnIndex(0), BoundRegion { var: 0, kind: BrAnon }) mut warp::route::Route,)) - futures_util::future::Ready, [Region(BrAnon)]), ()]),)]), Closure(DefId(112:910 ~ warp[975c]::filters::fs::conditionals::{closure#0}), [i8, Binder(extern "RustCall" fn((std::option::Option, std::option::Option, std::option::Option, std::option::Option)) - warp::fs::Conditionals, []), ()]), FnDef(DefId(112:917 ~ warp[975c]::filters::fs::file_reply), []), warp::filter::map::Map futures_util::future::MapOk futures_util::future::Ready, [Region(BrAnon)]), ()]), futures_util::future::Ready, i32, Binder(extern "RustCall" fn((std::option::Option,)) - (std::option::Option,), []), ()]), [Region(BrAnon)]), (Closure(DefId(112:977 ~ warp[975c]::filters::header::optional2::{closure#0}), [headers::common::if_unmodified_since::IfUnmodifiedSince, i8, Binder(extern "RustCall" fn((&ReBound(DebruijnIndex(0), BoundRegion { var: 0, kind: BrAnon }) mut warp::route::Route,)) - futures_util::future::Ready, [Region(BrAnon)]), ()]),)]), warp::filter::FilterFn futures_util::future::Ready, [Region(BrAnon)]), ()]), futures_util::future::Ready, i8, Binder(extern "RustCall" fn((&ReBound(DebruijnIndex(0), BoundRegion { var: 0, kind: BrAnon }) mut warp::route::Route,)) - futures_util::future::MapOk futures_util::future::Ready, [Region(BrAnon)]), ()]), futures_util::future::Ready, i32, Binder(extern "RustCall" fn((std::option::Option,)) - (std::option::Option,), []), ()]), [Region(BrAnon)]), (Closure(DefId(112:977 ~ warp[975c]::filters::header::optional2::{closure#0}), [headers::common::if_range::IfRange, i8, Binder(extern "RustCall" fn((&ReBound(DebruijnIndex(0), BoundRegion { var: 0, kind: BrAnon }) mut warp::route::Route,)) - futures_util::future::Ready, [Region(BrAnon)]), ()]),)]), warp::filter::FilterFn futures_util::future::Ready, [Region(BrAnon)]), ()]), futures_util::future::Ready, i8, Binder(extern "RustCall" fn((&ReBound(DebruijnIndex(0), BoundRegion { var: 0, kind: BrAnon }) mut warp::route::Route,)) - futures_util::future::MapOk futures_util::future::Ready, [Region(BrAnon)]), ()]), futures_util::future::Ready, i32, Binder(extern "RustCall" fn((std::option::Option,)) - (std::option::Option,), []), ()]), [Region(BrAnon)]), (Closure(DefId(112:977 ~ warp[975c]::filters::header::optional2::{closure#0}), [headers::common::range::Range, i8, Binder(extern "RustCall" fn((&ReBound(DebruijnIndex(0), BoundRegion { var: 0, kind: BrAnon }) mut warp::route::Route,)) - futures_util::future::Ready, [Region(BrAnon)]), ()]),)]), Closure(DefId(112:910 ~ warp[975c]::filters::fs::conditionals::{closure#0}), [i8, Binder(extern "RustCall" fn((std::option::Option, std::option::Option, std::option::Option, std::option::Option)) - warp::fs::Conditionals, []), ()]), FnDef(DefId(112:917 ~ warp[975c]::filters::fs::file_reply), []), Closure(DefId(0:167 ~ mdbook[0db1]::cmd::serve::serve::{closure#0}::{closure#2}), [i8, Binder(extern "RustCall" fn((warp::fs::File,)) - warp::reply::WithStatus, []), ()]), std::net::SocketAddr, i16, Binder(extern "RustCall" fn((warp::http::Request,)) - warp::filter::service::FilteredFuture, warp::filter::FilterFn futures_util::future::Ready, [Region(BrAnon)]), (&ReErased str, &ReErased str)]), warp::filter::FilterFn futures_util::future::Ready, [Region(BrAnon)]), ()]), futures_util::future::Ready, i8, Binder(extern "RustCall" fn((&ReBound(DebruijnIndex(0), BoundRegion { var: 0, kind: BrAnon }) mut warp::route::Route,)) - futures_util::future::MapOk futures_util::future::Ready, [Region(BrAnon)]), ()]), futures_util::future::Ready, i32, Binder(extern "RustCall" fn((headers::common::sec_websocket_key::SecWebsocketKey,)) - (headers::common::sec_websocket_key::SecWebsocketKey,), []), ()]), [Region(BrAnon)]), (Closure(DefId(112:967 ~ warp[975c]::filters::header::header2::{closure#0}), [headers::common::sec_websocket_key::SecWebsocketKey, i8, Binder(extern "RustCall" fn((&ReBound(DebruijnIndex(0), BoundRegion { var: 0, kind: BrAnon }) mut warp::route::Route,)) - futures_util::future::Ready, [Region(BrAnon)]), ()]),)]), warp::filter::FilterFn futures_util::future::Ready, [Region(BrAnon)]), ()]), futures_util::future::Ready, i8, Binder(extern "RustCall" fn((&ReBound(DebruijnIndex(0), BoundRegion { var: 0, kind: BrAnon }) mut warp::route::Route,)) - futures_util::future::MapOk futures_util::future::Ready, [Region(BrAnon)]), ()]), futures_util::future::Ready, i32, Binder(extern "RustCall" fn((std::option::Option,)) - (std::option::Option,), []), ()]), [Region(BrAnon)]), (Closure(DefId(112:1530 ~ warp[975c]::filters::ws::on_upgrade::{closure#0}), [i8, Binder(extern "RustCall" fn((&ReBound(DebruijnIndex(0), BoundRegion { var: 0, kind: BrAnon }) mut warp::route::Route,)) - futures_util::future::Ready, [Region(BrAnon)]), ()]),)]), Closure(DefId(112:1503 ~ warp[975c]::filters::ws::ws::{closure#1}), [i8, Binder(extern "RustCall" fn((headers::common::sec_websocket_key::SecWebsocketKey, std::option::Option)) - warp::ws::Ws, []), ()]), warp::filter::map::Map tokio::sync::broadcast::Receiver, []), (tokio::sync::broadcast::Sender,)]), Closure(DefId(0:164 ~ mdbook[0db1]::cmd::serve::serve::{closure#0}::{closure#1}), [i8, Binder(extern "RustCall" fn((warp::ws::Ws, tokio::sync::broadcast::Receiver)) - warp::ws::WsReply Coroutine(DefId(0:166 ~ mdbook[0db1]::cmd::serve::serve::{closure#0}::{closure#1}::{closure#0}::{closure#0}), [std::future::ResumeTy, (), (), CoroutineWitness(DefId(0:166 ~ mdbook[0db1]::cmd::serve::serve::{closure#0}::{closure#1}::{closure#0}::{closure#0}), []), (warp::ws::WebSocket, tokio::sync::broadcast::Receiver)]), []), (tokio::sync::broadcast::Receiver,)]), []), ()]), warp::filter::and_then::AndThen &ReErased warp::http::Method, []), ()]),)]), warp::filter::and_then::AndThen, Closure(DefId(112:893 ~ warp[975c]::filters::fs::path_from_tail::{closure#0}), [i8, Binder(extern "RustCall" fn((warp::path::Tail,)) - futures_util::future::AndThen Coroutine(DefId(112:895 ~ warp[975c]::filters::fs::path_from_tail::{closure#0}::{closure#0}::{closure#0}), [std::future::ResumeTy, (), std::result::Result, CoroutineWitness(DefId(112:895 ~ warp[975c]::filters::fs::path_from_tail::{closure#0}::{closure#0}::{closure#0}), []), (std::path::PathBuf,)]), []), ()]), []), (std::sync::Arc,)]), warp::filter::map::Map futures_util::future::Ready, [Region(BrAnon)]), ()]),)]), warp::filter::FilterFn futures_util::future::Ready, [Region(BrAnon)]), ()]), futures_util::future::Ready, i8, Binder(extern "RustCall" fn((&ReBound(DebruijnIndex(0), BoundRegion { var: 0, kind: BrAnon }) mut warp::route::Route,)) - futures_util::future::MapOk futures_util::future::Ready, [Region(BrAnon)]), ()]), futures_util::future::Ready, i32, Binder(extern "RustCall" fn((std::option::Option,)) - (std::option::Option,), []), ()]), [Region(BrAnon)]), (Closure(DefId(112:977 ~ warp[975c]::filters::header::optional2::{closure#0}), [headers::common::if_unmodified_since::IfUnmodifiedSince, i8, Binder(extern "RustCall" fn((&ReBound(DebruijnIndex(0), BoundRegion { var: 0, kind: BrAnon }) mut warp::route::Route,)) - futures_util::future::Ready, [Region(BrAnon)]), ()]),)]), warp::filter::FilterFn futures_util::future::Ready, [Region(BrAnon)]), ()]), futures_util::future::Ready, i8, Binder(extern "RustCall" fn((&ReBound(DebruijnIndex(0), BoundRegion { var: 0, kind: BrAnon }) mut warp::route::Route,)) - futures_util::future::MapOk futures_util::future::Ready, [Region(BrAnon)]), ()]), futures_util::future::Ready, i32, Binder(extern "RustCall" fn((std::option::Option,)) - (std::option::Option,), []), ()]), [Region(BrAnon)]), (Closure(DefId(112:977 ~ warp[975c]::filters::header::optional2::{closure#0}), [headers::common::if_range::IfRange, i8, Binder(extern "RustCall" fn((&ReBound(DebruijnIndex(0), BoundRegion { var: 0, kind: BrAnon }) mut warp::route::Route,)) - futures_util::future::Ready, [Region(BrAnon)]), ()]),)]), warp::filter::FilterFn futures_util::future::Ready, [Region(BrAnon)]), ()]), futures_util::future::Ready, i8, Binder(extern "RustCall" fn((&ReBound(DebruijnIndex(0), BoundRegion { var: 0, kind: BrAnon }) mut warp::route::Route,)) - futures_util::future::MapOk futures_util::future::Ready, [Region(BrAnon)]), ()]), futures_util::future::Ready, i32, Binder(extern "RustCall" fn((std::option::Option,)) - (std::option::Option,), []), ()]), [Region(BrAnon)]), (Closure(DefId(112:977 ~ warp[975c]::filters::header::optional2::{closure#0}), [headers::common::range::Range, i8, Binder(extern "RustCall" fn((&ReBound(DebruijnIndex(0), BoundRegion { var: 0, kind: BrAnon }) mut warp::route::Route,)) - futures_util::future::Ready, [Region(BrAnon)]), ()]),)]), Closure(DefId(112:910 ~ warp[975c]::filters::fs::conditionals::{closure#0}), [i8, Binder(extern "RustCall" fn((std::option::Option, std::option::Option, std::option::Option, std::option::Option)) - warp::fs::Conditionals, []), ()]), FnDef(DefId(112:917 ~ warp[975c]::filters::fs::file_reply), []), warp::filter::map::Map futures_util::future::MapOk futures_util::future::Ready, [Region(BrAnon)]), ()]), futures_util::future::Ready, i32, Binder(extern "RustCall" fn((std::option::Option,)) - (std::option::Option,), []), ()]), [Region(BrAnon)]), (Closure(DefId(112:977 ~ warp[975c]::filters::header::optional2::{closure#0}), [headers::common::if_unmodified_since::IfUnmodifiedSince, i8, Binder(extern "RustCall" fn((&ReBound(DebruijnIndex(0), BoundRegion { var: 0, kind: BrAnon }) mut warp::route::Route,)) - futures_util::future::Ready, [Region(BrAnon)]), ()]),)]), warp::filter::FilterFn futures_util::future::Ready, [Region(BrAnon)]), ()]), futures_util::future::Ready, i8, Binder(extern "RustCall" fn((&ReBound(DebruijnIndex(0), BoundRegion { var: 0, kind: BrAnon }) mut warp::route::Route,)) - futures_util::future::MapOk futures_util::future::Ready, [Region(BrAnon)]), ()]), futures_util::future::Ready, i32, Binder(extern "RustCall" fn((std::option::Option,)) - (std::option::Option,), []), ()]), [Region(BrAnon)]), (Closure(DefId(112:977 ~ warp[975c]::filters::header::optional2::{closure#0}), [headers::common::if_range::IfRange, i8, Binder(extern "RustCall" fn((&ReBound(DebruijnIndex(0), BoundRegion { var: 0, kind: BrAnon }) mut warp::route::Route,)) - futures_util::future::Ready, [Region(BrAnon)]), ()]),)]), warp::filter::FilterFn futures_util::future::Ready, [Region(BrAnon)]), ()]), futures_util::future::Ready, i8, Binder(extern "RustCall" fn((&ReBound(DebruijnIndex(0), BoundRegion { var: 0, kind: BrAnon }) mut warp::route::Route,)) - futures_util::future::MapOk futures_util::future::Ready, [Region(BrAnon)]), ()]), futures_util::future::Ready, i32, Binder(extern "RustCall" fn((std::option::Option,)) - (std::option::Option,), []), ()]), [Region(BrAnon)]), (Closure(DefId(112:977 ~ warp[975c]::filters::header::optional2::{closure#0}), [headers::common::range::Range, i8, Binder(extern "RustCall" fn((&ReBound(DebruijnIndex(0), BoundRegion { var: 0, kind: BrAnon }) mut warp::route::Route,)) - futures_util::future::Ready, [Region(BrAnon)]), ()]),)]), Closure(DefId(112:910 ~ warp[975c]::filters::fs::conditionals::{closure#0}), [i8, Binder(extern "RustCall" fn((std::option::Option, std::option::Option, std::option::Option, std::option::Option)) - warp::fs::Conditionals, []), ()]), FnDef(DefId(112:917 ~ warp[975c]::filters::fs::file_reply), []), Closure(DefId(0:167 ~ mdbook[0db1]::cmd::serve::serve::{closure#0}::{closure#2}), [i8, Binder(extern "RustCall" fn((warp::fs::File,)) - warp::reply::WithStatus, []), ()]), []), (warp::filter::service::FilteredService, warp::filter::FilterFn futures_util::future::Ready, [Region(BrAnon)]), (&ReErased str, &ReErased str)]), warp::filter::FilterFn futures_util::future::Ready, [Region(BrAnon)]), ()]), futures_util::future::Ready, i8, Binder(extern "RustCall" fn((&ReBound(DebruijnIndex(0), BoundRegion { var: 0, kind: BrAnon }) mut warp::route::Route,)) - futures_util::future::MapOk futures_util::future::Ready, [Region(BrAnon)]), ()]), futures_util::future::Ready, i32, Binder(extern "RustCall" fn((headers::common::sec_websocket_key::SecWebsocketKey,)) - (headers::common::sec_websocket_key::SecWebsocketKey,), []), ()]), [Region(BrAnon)]), (Closure(DefId(112:967 ~ warp[975c]::filters::header::header2::{closure#0}), [headers::common::sec_websocket_key::SecWebsocketKey, i8, Binder(extern "RustCall" fn((&ReBound(DebruijnIndex(0), BoundRegion { var: 0, kind: BrAnon }) mut warp::route::Route,)) - futures_util::future::Ready, [Region(BrAnon)]), ()]),)]), warp::filter::FilterFn futures_util::future::Ready, [Region(BrAnon)]), ()]), futures_util::future::Ready, i8, Binder(extern "RustCall" fn((&ReBound(DebruijnIndex(0), BoundRegion { var: 0, kind: BrAnon }) mut warp::route::Route,)) - futures_util::future::MapOk futures_util::future::Ready, [Region(BrAnon)]), ()]), futures_util::future::Ready, i32, Binder(extern "RustCall" fn((std::option::Option,)) - (std::option::Option,), []), ()]), [Region(BrAnon)]), (Closure(DefId(112:1530 ~ warp[975c]::filters::ws::on_upgrade::{closure#0}), [i8, Binder(extern "RustCall" fn((&ReBound(DebruijnIndex(0), BoundRegion { var: 0, kind: BrAnon }) mut warp::route::Route,)) - futures_util::future::Ready, [Region(BrAnon)]), ()]),)]), Closure(DefId(112:1503 ~ warp[975c]::filters::ws::ws::{closure#1}), [i8, Binder(extern "RustCall" fn((headers::common::sec_websocket_key::SecWebsocketKey, std::option::Option)) - warp::ws::Ws, []), ()]), warp::filter::map::Map tokio::sync::broadcast::Receiver, []), (tokio::sync::broadcast::Sender,)]), Closure(DefId(0:164 ~ mdbook[0db1]::cmd::serve::serve::{closure#0}::{closure#1}), [i8, Binder(extern "RustCall" fn((warp::ws::Ws, tokio::sync::broadcast::Receiver)) - warp::ws::WsReply Coroutine(DefId(0:166 ~ mdbook[0db1]::cmd::serve::serve::{closure#0}::{closure#1}::{closure#0}::{closure#0}), [std::future::ResumeTy, (), (), CoroutineWitness(DefId(0:166 ~ mdbook[0db1]::cmd::serve::serve::{closure#0}::{closure#1}::{closure#0}::{closure#0}), []), (warp::ws::WebSocket, tokio::sync::broadcast::Receiver)]), []), (tokio::sync::broadcast::Receiver,)]), []), ()]), warp::filter::and_then::AndThen &ReErased warp::http::Method, []), ()]),)]), warp::filter::and_then::AndThen, Closure(DefId(112:893 ~ warp[975c]::filters::fs::path_from_tail::{closure#0}), [i8, Binder(extern "RustCall" fn((warp::path::Tail,)) - futures_util::future::AndThen Coroutine(DefId(112:895 ~ warp[975c]::filters::fs::path_from_tail::{closure#0}::{closure#0}::{closure#0}), [std::future::ResumeTy, (), std::result::Result, CoroutineWitness(DefId(112:895 ~ warp[975c]::filters::fs::path_from_tail::{closure#0}::{closure#0}::{closure#0}), []), (std::path::PathBuf,)]), []), ()]), []), (std::sync::Arc,)]), warp::filter::map::Map futures_util::future::Ready, [Region(BrAnon)]), ()]),)]), warp::filter::FilterFn futures_util::future::Ready, [Region(BrAnon)]), ()]), futures_util::future::Ready, i8, Binder(extern "RustCall" fn((&ReBound(DebruijnIndex(0), BoundRegion { var: 0, kind: BrAnon }) mut warp::route::Route,)) - futures_util::future::MapOk futures_util::future::Ready, [Region(BrAnon)]), ()]), futures_util::future::Ready, i32, Binder(extern "RustCall" fn((std::option::Option,)) - (std::option::Option,), []), ()]), [Region(BrAnon)]), (Closure(DefId(112:977 ~ warp[975c]::filters::header::optional2::{closure#0}), [headers::common::if_unmodified_since::IfUnmodifiedSince, i8, Binder(extern "RustCall" fn((&ReBound(DebruijnIndex(0), BoundRegion { var: 0, kind: BrAnon }) mut warp::route::Route,)) - futures_util::future::Ready, [Region(BrAnon)]), ()]),)]), warp::filter::FilterFn futures_util::future::Ready, [Region(BrAnon)]), ()]), futures_util::future::Ready, i8, Binder(extern "RustCall" fn((&ReBound(DebruijnIndex(0), BoundRegion { var: 0, kind: BrAnon }) mut warp::route::Route,)) - futures_util::future::MapOk futures_util::future::Ready, [Region(BrAnon)]), ()]), futures_util::future::Ready, i32, Binder(extern "RustCall" fn((std::option::Option,)) - (std::option::Option,), []), ()]), [Region(BrAnon)]), (Closure(DefId(112:977 ~ warp[975c]::filters::header::optional2::{closure#0}), [headers::common::if_range::IfRange, i8, Binder(extern "RustCall" fn((&ReBound(DebruijnIndex(0), BoundRegion { var: 0, kind: BrAnon }) mut warp::route::Route,)) - futures_util::future::Ready, [Region(BrAnon)]), ()]),)]), warp::filter::FilterFn futures_util::future::Ready, [Region(BrAnon)]), ()]), futures_util::future::Ready, i8, Binder(extern "RustCall" fn((&ReBound(DebruijnIndex(0), BoundRegion { var: 0, kind: BrAnon }) mut warp::route::Route,)) - futures_util::future::MapOk futures_util::future::Ready, [Region(BrAnon)]), ()]), futures_util::future::Ready, i32, Binder(extern "RustCall" fn((std::option::Option,)) - (std::option::Option,), []), ()]), [Region(BrAnon)]), (Closure(DefId(112:977 ~ warp[975c]::filters::header::optional2::{closure#0}), [headers::common::range::Range, i8, Binder(extern "RustCall" fn((&ReBound(DebruijnIndex(0), BoundRegion { var: 0, kind: BrAnon }) mut warp::route::Route,)) - futures_util::future::Ready, [Region(BrAnon)]), ()]),)]), Closure(DefId(112:910 ~ warp[975c]::filters::fs::conditionals::{closure#0}), [i8, Binder(extern "RustCall" fn((std::option::Option, std::option::Option, std::option::Option, std::option::Option)) - warp::fs::Conditionals, []), ()]), FnDef(DefId(112:917 ~ warp[975c]::filters::fs::file_reply), []), warp::filter::map::Map futures_util::future::MapOk futures_util::future::Ready, [Region(BrAnon)]), ()]), futures_util::future::Ready, i32, Binder(extern "RustCall" fn((std::option::Option,)) - (std::option::Option,), []), ()]), [Region(BrAnon)]), (Closure(DefId(112:977 ~ warp[975c]::filters::header::optional2::{closure#0}), [headers::common::if_unmodified_since::IfUnmodifiedSince, i8, Binder(extern "RustCall" fn((&ReBound(DebruijnIndex(0), BoundRegion { var: 0, kind: BrAnon }) mut warp::route::Route,)) - futures_util::future::Ready, [Region(BrAnon)]), ()]),)]), warp::filter::FilterFn futures_util::future::Ready, [Region(BrAnon)]), ()]), futures_util::future::Ready, i8, Binder(extern "RustCall" fn((&ReBound(DebruijnIndex(0), BoundRegion { var: 0, kind: BrAnon }) mut warp::route::Route,)) - futures_util::future::MapOk futures_util::future::Ready, [Region(BrAnon)]), ()]), futures_util::future::Ready, i32, Binder(extern "RustCall" fn((std::option::Option,)) - (std::option::Option,), []), ()]), [Region(BrAnon)]), (Closure(DefId(112:977 ~ warp[975c]::filters::header::optional2::{closure#0}), [headers::common::if_range::IfRange, i8, Binder(extern "RustCall" fn((&ReBound(DebruijnIndex(0), BoundRegion { var: 0, kind: BrAnon }) mut warp::route::Route,)) - futures_util::future::Ready, [Region(BrAnon)]), ()]),)]), warp::filter::FilterFn futures_util::future::Ready, [Region(BrAnon)]), ()]), futures_util::future::Ready, i8, Binder(extern "RustCall" fn((&ReBound(DebruijnIndex(0), BoundRegion { var: 0, kind: BrAnon }) mut warp::route::Route,)) - futures_util::future::MapOk futures_util::future::Ready, [Region(BrAnon)]), ()]), futures_util::future::Ready, i32, Binder(extern "RustCall" fn((std::option::Option,)) - (std::option::Option,), []), ()]), [Region(BrAnon)]), (Closure(DefId(112:977 ~ warp[975c]::filters::header::optional2::{closure#0}), [headers::common::range::Range, i8, Binder(extern "RustCall" fn((&ReBound(DebruijnIndex(0), BoundRegion { var: 0, kind: BrAnon }) mut warp::route::Route,)) - futures_util::future::Ready, [Region(BrAnon)]), ()]),)]), Closure(DefId(112:910 ~ warp[975c]::filters::fs::conditionals::{closure#0}), [i8, Binder(extern "RustCall" fn((std::option::Option, std::option::Option, std::option::Option, std::option::Option)) - warp::fs::Conditionals, []), ()]), FnDef(DefId(112:917 ~ warp[975c]::filters::fs::file_reply), []), Closure(DefId(0:167 ~ mdbook[0db1]::cmd::serve::serve::{closure#0}::{closure#2}), [i8, Binder(extern "RustCall" fn((warp::fs::File,)) - warp::reply::WithStatus, []), ()]), std::option::Option)]), warp::hyper::Body, warp::hyper::common::exec::Exec, warp::hyper::server::server::NoopWatcher, std::sync::Arc
4	4	1	2	tokio::runtime::task::harness::{impl#0}::state futures_util::future::Ready, [Region(BrAnon)]), ()]),)]), warp::filter::FilterFn futures_util::future::Ready, [Region(BrAnon)]), ()]), futures_util::future::Ready, i8, Binder(extern "RustCall" fn((&ReBound(DebruijnIndex(0), BoundRegion { var: 0, kind: BrAnon }) mut warp::route::Route,)) - futures_util::future::MapOk futures_util::future::Ready, [Region(BrAnon)]), ()]), futures_util::future::Ready, i32, Binder(extern "RustCall" fn((std::option::Option,)) - (std::option::Option,), []), ()]), [Region(BrAnon)]), (Closure(DefId(112:1530 ~ warp[975c]::filters::ws::on_upgrade::{closure#0}), [i8, Binder(extern "RustCall" fn((&ReBound(DebruijnIndex(0), BoundRegion { var: 0, kind: BrAnon }) mut warp::route::Route,)) - futures_util::future::Ready, [Region(BrAnon)]), ()]),)]), Closure(DefId(112:1503 ~ warp[975c]::filters::ws::ws::{closure#1}), [i8, Binder(extern "RustCall" fn((headers::common::sec_websocket_key::SecWebsocketKey, std::option::Option)) - warp::ws::Ws, []), ()]), warp::filter::map::Map tokio::sync::broadcast::Receiver, []), (tokio::sync::broadcast::Sender,)]), Closure(DefId(0:164 ~ mdbook[0db1]::cmd::serve::serve::{closure#0}::{closure#1}), [i8, Binder(extern "RustCall" fn((warp::ws::Ws, tokio::sync::broadcast::Receiver)) - warp::ws::WsReply Coroutine(DefId(0:166 ~ mdbook[0db1]::cmd::serve::serve::{closure#0}::{closure#1}::{closure#0}::{closure#0}), [std::future::ResumeTy, (), (), CoroutineWitness(DefId(0:166 ~ mdbook[0db1]::cmd::serve::serve::{closure#0}::{closure#1}::{closure#0}::{closure#0}), []), (warp::ws::WebSocket, tokio::sync::broadcast::Receiver)]), []), (tokio::sync::broadcast::Receiver,)]), []), ()]), warp::filter::and_then::AndThen &ReErased warp::http::Method, []), ()]),)]), warp::filter::and_then::AndThen, Closure(DefId(112:893 ~ warp[975c]::filters::fs::path_from_tail::{closure#0}), [i8, Binder(extern "RustCall" fn((warp::path::Tail,)) - futures_util::future::AndThen Coroutine(DefId(112:895 ~ warp[975c]::filters::fs::path_from_tail::{closure#0}::{closure#0}::{closure#0}), [std::future::ResumeTy, (), std::result::Result, CoroutineWitness(DefId(112:895 ~ warp[975c]::filters::fs::path_from_tail::{closure#0}::{closure#0}::{closure#0}), []), (std::path::PathBuf,)]), []), ()]), []), (std::sync::Arc,)]), warp::filter::map::Map futures_util::future::Ready, [Region(BrAnon)]), ()]),)]), warp::filter::FilterFn futures_util::future::Ready, [Region(BrAnon)]), ()]), futures_util::future::Ready, i8, Binder(extern "RustCall" fn((&ReBound(DebruijnIndex(0), BoundRegion { var: 0, kind: BrAnon }) mut warp::route::Route,)) - futures_util::future::MapOk futures_util::future::Ready, [Region(BrAnon)]), ()]), futures_util::future::Ready, i32, Binder(extern "RustCall" fn((std::option::Option,)) - (std::option::Option,), []), ()]), [Region(BrAnon)]), (Closure(DefId(112:977 ~ warp[975c]::filters::header::optional2::{closure#0}), [headers::common::if_unmodified_since::IfUnmodifiedSince, i8, Binder(extern "RustCall" fn((&ReBound(DebruijnIndex(0), BoundRegion { var: 0, kind: BrAnon }) mut warp::route::Route,)) - futures_util::future::Ready, [Region(BrAnon)]), ()]),)]), warp::filter::FilterFn futures_util::future::Ready, [Region(BrAnon)]), ()]), futures_util::future::Ready, i8, Binder(extern "RustCall" fn((&ReBound(DebruijnIndex(0), BoundRegion { var: 0, kind: BrAnon }) mut warp::route::Route,)) - futures_util::future::MapOk futures_util::future::Ready, [Region(BrAnon)]), ()]), futures_util::future::Ready, i32, Binder(extern "RustCall" fn((std::option::Option,)) - (std::option::Option,), []), ()]), [Region(BrAnon)]), (Closure(DefId(112:977 ~ warp[975c]::filters::header::optional2::{closure#0}), [headers::common::if_range::IfRange, i8, Binder(extern "RustCall" fn((&ReBound(DebruijnIndex(0), BoundRegion { var: 0, kind: BrAnon }) mut warp::route::Route,)) - futures_util::future::Ready, [Region(BrAnon)]), ()]),)]), warp::filter::FilterFn futures_util::future::Ready, [Region(BrAnon)]), ()]), futures_util::future::Ready, i8, Binder(extern "RustCall" fn((&ReBound(DebruijnIndex(0), BoundRegion { var: 0, kind: BrAnon }) mut warp::route::Route,)) - futures_util::future::MapOk futures_util::future::Ready, [Region(BrAnon)]), ()]), futures_util::future::Ready, i32, Binder(extern "RustCall" fn((std::option::Option,)) - (std::option::Option,), []), ()]), [Region(BrAnon)]), (Closure(DefId(112:977 ~ warp[975c]::filters::header::optional2::{closure#0}), [headers::common::range::Range, i8, Binder(extern "RustCall" fn((&ReBound(DebruijnIndex(0), BoundRegion { var: 0, kind: BrAnon }) mut warp::route::Route,)) - futures_util::future::Ready, [Region(BrAnon)]), ()]),)]), Closure(DefId(112:910 ~ warp[975c]::filters::fs::conditionals::{closure#0}), [i8, Binder(extern "RustCall" fn((std::option::Option, std::option::Option, std::option::Option, std::option::Option)) - warp::fs::Conditionals, []), ()]), FnDef(DefId(112:917 ~ warp[975c]::filters::fs::file_reply), []), warp::filter::map::Map futures_util::future::MapOk futures_util::future::Ready, [Region(BrAnon)]), ()]), futures_util::future::Ready, i32, Binder(extern "RustCall" fn((std::option::Option,)) - (std::option::Option,), []), ()]), [Region(BrAnon)]), (Closure(DefId(112:977 ~ warp[975c]::filters::header::optional2::{closure#0}), [headers::common::if_unmodified_since::IfUnmodifiedSince, i8, Binder(extern "RustCall" fn((&ReBound(DebruijnIndex(0), BoundRegion { var: 0, kind: BrAnon }) mut warp::route::Route,)) - futures_util::future::Ready, [Region(BrAnon)]), ()]),)]), warp::filter::FilterFn futures_util::future::Ready, [Region(BrAnon)]), ()]), futures_util::future::Ready, i8, Binder(extern "RustCall" fn((&ReBound(DebruijnIndex(0), BoundRegion { var: 0, kind: BrAnon }) mut warp::route::Route,)) - futures_util::future::MapOk futures_util::future::Ready, [Region(BrAnon)]), ()]), futures_util::future::Ready, i32, Binder(extern "RustCall" fn((std::option::Option,)) - (std::option::Option,), []), ()]), [Region(BrAnon)]), (Closure(DefId(112:977 ~ warp[975c]::filters::header::optional2::{closure#0}), [headers::common::if_range::IfRange, i8, Binder(extern "RustCall" fn((&ReBound(DebruijnIndex(0), BoundRegion { var: 0, kind: BrAnon }) mut warp::route::Route,)) - futures_util::future::Ready, [Region(BrAnon)]), ()]),)]), warp::filter::FilterFn futures_util::future::Ready, [Region(BrAnon)]), ()]), futures_util::future::Ready, i8, Binder(extern "RustCall" fn((&ReBound(DebruijnIndex(0), BoundRegion { var: 0, kind: BrAnon }) mut warp::route::Route,)) - futures_util::future::MapOk futures_util::future::Ready, [Region(BrAnon)]), ()]), futures_util::future::Ready, i32, Binder(extern "RustCall" fn((std::option::Option,)) - (std::option::Option,), []), ()]), [Region(BrAnon)]), (Closure(DefId(112:977 ~ warp[975c]::filters::header::optional2::{closure#0}), [headers::common::range::Range, i8, Binder(extern "RustCall" fn((&ReBound(DebruijnIndex(0), BoundRegion { var: 0, kind: BrAnon }) mut warp::route::Route,)) - futures_util::future::Ready, [Region(BrAnon)]), ()]),)]), Closure(DefId(112:910 ~ warp[975c]::filters::fs::conditionals::{closure#0}), [i8, Binder(extern "RustCall" fn((std::option::Option, std::option::Option, std::option::Option, std::option::Option)) - warp::fs::Conditionals, []), ()]), FnDef(DefId(112:917 ~ warp[975c]::filters::fs::file_reply), []), Closure(DefId(0:167 ~ mdbook[0db1]::cmd::serve::serve::{closure#0}::{closure#2}), [i8, Binder(extern "RustCall" fn((warp::fs::File,)) - warp::reply::WithStatus, []), ()]), std::net::SocketAddr, i16, Binder(extern "RustCall" fn((warp::http::Request,)) - warp::filter::service::FilteredFuture, warp::filter::FilterFn futures_util::future::Ready, [Region(BrAnon)]), (&ReErased str, &ReErased str)]), warp::filter::FilterFn futures_util::future::Ready, [Region(BrAnon)]), ()]), futures_util::future::Ready, i8, Binder(extern "RustCall" fn((&ReBound(DebruijnIndex(0), BoundRegion { var: 0, kind: BrAnon }) mut warp::route::Route,)) - futures_util::future::MapOk futures_util::future::Ready, [Region(BrAnon)]), ()]), futures_util::future::Ready, i32, Binder(extern "RustCall" fn((headers::common::sec_websocket_key::SecWebsocketKey,)) - (headers::common::sec_websocket_key::SecWebsocketKey,), []), ()]), [Region(BrAnon)]), (Closure(DefId(112:967 ~ warp[975c]::filters::header::header2::{closure#0}), [headers::common::sec_websocket_key::SecWebsocketKey, i8, Binder(extern "RustCall" fn((&ReBound(DebruijnIndex(0), BoundRegion { var: 0, kind: BrAnon }) mut warp::route::Route,)) - futures_util::future::Ready, [Region(BrAnon)]), ()]),)]), warp::filter::FilterFn futures_util::future::Ready, [Region(BrAnon)]), ()]), futures_util::future::Ready, i8, Binder(extern "RustCall" fn((&ReBound(DebruijnIndex(0), BoundRegion { var: 0, kind: BrAnon }) mut warp::route::Route,)) - futures_util::future::MapOk futures_util::future::Ready, [Region(BrAnon)]), ()]), futures_util::future::Ready, i32, Binder(extern "RustCall" fn((std::option::Option,)) - (std::option::Option,), []), ()]), [Region(BrAnon)]), (Closure(DefId(112:1530 ~ warp[975c]::filters::ws::on_upgrade::{closure#0}), [i8, Binder(extern "RustCall" fn((&ReBound(DebruijnIndex(0), BoundRegion { var: 0, kind: BrAnon }) mut warp::route::Route,)) - futures_util::future::Ready, [Region(BrAnon)]), ()]),)]), Closure(DefId(112:1503 ~ warp[975c]::filters::ws::ws::{closure#1}), [i8, Binder(extern "RustCall" fn((headers::common::sec_websocket_key::SecWebsocketKey, std::option::Option)) - warp::ws::Ws, []), ()]), warp::filter::map::Map tokio::sync::broadcast::Receiver, []), (tokio::sync::broadcast::Sender,)]), Closure(DefId(0:164 ~ mdbook[0db1]::cmd::serve::serve::{closure#0}::{closure#1}), [i8, Binder(extern "RustCall" fn((warp::ws::Ws, tokio::sync::broadcast::Receiver)) - warp::ws::WsReply Coroutine(DefId(0:166 ~ mdbook[0db1]::cmd::serve::serve::{closure#0}::{closure#1}::{closure#0}::{closure#0}), [std::future::ResumeTy, (), (), CoroutineWitness(DefId(0:166 ~ mdbook[0db1]::cmd::serve::serve::{closure#0}::{closure#1}::{closure#0}::{closure#0}), []), (warp::ws::WebSocket, tokio::sync::broadcast::Receiver)]), []), (tokio::sync::broadcast::Receiver,)]), []), ()]), warp::filter::and_then::AndThen &ReErased warp::http::Method, []), ()]),)]), warp::filter::and_then::AndThen, Closure(DefId(112:893 ~ warp[975c]::filters::fs::path_from_tail::{closure#0}), [i8, Binder(extern "RustCall" fn((warp::path::Tail,)) - futures_util::future::AndThen Coroutine(DefId(112:895 ~ warp[975c]::filters::fs::path_from_tail::{closure#0}::{closure#0}::{closure#0}), [std::future::ResumeTy, (), std::result::Result, CoroutineWitness(DefId(112:895 ~ warp[975c]::filters::fs::path_from_tail::{closure#0}::{closure#0}::{closure#0}), []), (std::path::PathBuf,)]), []), ()]), []), (std::sync::Arc,)]), warp::filter::map::Map futures_util::future::Ready, [Region(BrAnon)]), ()]),)]), warp::filter::FilterFn futures_util::future::Ready, [Region(BrAnon)]), ()]), futures_util::future::Ready, i8, Binder(extern "RustCall" fn((&ReBound(DebruijnIndex(0), BoundRegion { var: 0, kind: BrAnon }) mut warp::route::Route,)) - futures_util::future::MapOk futures_util::future::Ready, [Region(BrAnon)]), ()]), futures_util::future::Ready, i32, Binder(extern "RustCall" fn((std::option::Option,)) - (std::option::Option,), []), ()]), [Region(BrAnon)]), (Closure(DefId(112:977 ~ warp[975c]::filters::header::optional2::{closure#0}), [headers::common::if_unmodified_since::IfUnmodifiedSince, i8, Binder(extern "RustCall" fn((&ReBound(DebruijnIndex(0), BoundRegion { var: 0, kind: BrAnon }) mut warp::route::Route,)) - futures_util::future::Ready, [Region(BrAnon)]), ()]),)]), warp::filter::FilterFn futures_util::future::Ready, [Region(BrAnon)]), ()]), futures_util::future::Ready, i8, Binder(extern "RustCall" fn((&ReBound(DebruijnIndex(0), BoundRegion { var: 0, kind: BrAnon }) mut warp::route::Route,)) - futures_util::future::MapOk futures_util::future::Ready, [Region(BrAnon)]), ()]), futures_util::future::Ready, i32, Binder(extern "RustCall" fn((std::option::Option,)) - (std::option::Option,), []), ()]), [Region(BrAnon)]), (Closure(DefId(112:977 ~ warp[975c]::filters::header::optional2::{closure#0}), [headers::common::if_range::IfRange, i8, Binder(extern "RustCall" fn((&ReBound(DebruijnIndex(0), BoundRegion { var: 0, kind: BrAnon }) mut warp::route::Route,)) - futures_util::future::Ready, [Region(BrAnon)]), ()]),)]), warp::filter::FilterFn futures_util::future::Ready, [Region(BrAnon)]), ()]), futures_util::future::Ready, i8, Binder(extern "RustCall" fn((&ReBound(DebruijnIndex(0), BoundRegion { var: 0, kind: BrAnon }) mut warp::route::Route,)) - futures_util::future::MapOk futures_util::future::Ready, [Region(BrAnon)]), ()]), futures_util::future::Ready, i32, Binder(extern "RustCall" fn((std::option::Option,)) - (std::option::Option,), []), ()]), [Region(BrAnon)]), (Closure(DefId(112:977 ~ warp[975c]::filters::header::optional2::{closure#0}), [headers::common::range::Range, i8, Binder(extern "RustCall" fn((&ReBound(DebruijnIndex(0), BoundRegion { var: 0, kind: BrAnon }) mut warp::route::Route,)) - futures_util::future::Ready, [Region(BrAnon)]), ()]),)]), Closure(DefId(112:910 ~ warp[975c]::filters::fs::conditionals::{closure#0}), [i8, Binder(extern "RustCall" fn((std::option::Option, std::option::Option, std::option::Option, std::option::Option)) - warp::fs::Conditionals, []), ()]), FnDef(DefId(112:917 ~ warp[975c]::filters::fs::file_reply), []), warp::filter::map::Map futures_util::future::MapOk futures_util::future::Ready, [Region(BrAnon)]), ()]), futures_util::future::Ready, i32, Binder(extern "RustCall" fn((std::option::Option,)) - (std::option::Option,), []), ()]), [Region(BrAnon)]), (Closure(DefId(112:977 ~ warp[975c]::filters::header::optional2::{closure#0}), [headers::common::if_unmodified_since::IfUnmodifiedSince, i8, Binder(extern "RustCall" fn((&ReBound(DebruijnIndex(0), BoundRegion { var: 0, kind: BrAnon }) mut warp::route::Route,)) - futures_util::future::Ready, [Region(BrAnon)]), ()]),)]), warp::filter::FilterFn futures_util::future::Ready, [Region(BrAnon)]), ()]), futures_util::future::Ready, i8, Binder(extern "RustCall" fn((&ReBound(DebruijnIndex(0), BoundRegion { var: 0, kind: BrAnon }) mut warp::route::Route,)) - futures_util::future::MapOk futures_util::future::Ready, [Region(BrAnon)]), ()]), futures_util::future::Ready, i32, Binder(extern "RustCall" fn((std::option::Option,)) - (std::option::Option,), []), ()]), [Region(BrAnon)]), (Closure(DefId(112:977 ~ warp[975c]::filters::header::optional2::{closure#0}), [headers::common::if_range::IfRange, i8, Binder(extern "RustCall" fn((&ReBound(DebruijnIndex(0), BoundRegion { var: 0, kind: BrAnon }) mut warp::route::Route,)) - futures_util::future::Ready, [Region(BrAnon)]), ()]),)]), warp::filter::FilterFn futures_util::future::Ready, [Region(BrAnon)]), ()]), futures_util::future::Ready, i8, Binder(extern "RustCall" fn((&ReBound(DebruijnIndex(0), BoundRegion { var: 0, kind: BrAnon }) mut warp::route::Route,)) - futures_util::future::MapOk futures_util::future::Ready, [Region(BrAnon)]), ()]), futures_util::future::Ready, i32, Binder(extern "RustCall" fn((std::option::Option,)) - (std::option::Option,), []), ()]), [Region(BrAnon)]), (Closure(DefId(112:977 ~ warp[975c]::filters::header::optional2::{closure#0}), [headers::common::range::Range, i8, Binder(extern "RustCall" fn((&ReBound(DebruijnIndex(0), BoundRegion { var: 0, kind: BrAnon }) mut warp::route::Route,)) - futures_util::future::Ready, [Region(BrAnon)]), ()]),)]), Closure(DefId(112:910 ~ warp[975c]::filters::fs::conditionals::{closure#0}), [i8, Binder(extern "RustCall" fn((std::option::Option, std::option::Option, std::option::Option, std::option::Option)) - warp::fs::Conditionals, []), ()]), FnDef(DefId(112:917 ~ warp[975c]::filters::fs::file_reply), []), Closure(DefId(0:167 ~ mdbook[0db1]::cmd::serve::serve::{closure#0}::{closure#2}), [i8, Binder(extern "RustCall" fn((warp::fs::File,)) - warp::reply::WithStatus, []), ()]), []), (warp::filter::service::FilteredService, warp::filter::FilterFn futures_util::future::Ready, [Region(BrAnon)]), (&ReErased str, &ReErased str)]), warp::filter::FilterFn futures_util::future::Ready, [Region(BrAnon)]), ()]), futures_util::future::Ready, i8, Binder(extern "RustCall" fn((&ReBound(DebruijnIndex(0), BoundRegion { var: 0, kind: BrAnon }) mut warp::route::Route,)) - futures_util::future::MapOk futures_util::future::Ready, [Region(BrAnon)]), ()]), futures_util::future::Ready, i32, Binder(extern "RustCall" fn((headers::common::sec_websocket_key::SecWebsocketKey,)) - (headers::common::sec_websocket_key::SecWebsocketKey,), []), ()]), [Region(BrAnon)]), (Closure(DefId(112:967 ~ warp[975c]::filters::header::header2::{closure#0}), [headers::common::sec_websocket_key::SecWebsocketKey, i8, Binder(extern "RustCall" fn((&ReBound(DebruijnIndex(0), BoundRegion { var: 0, kind: BrAnon }) mut warp::route::Route,)) - futures_util::future::Ready, [Region(BrAnon)]), ()]),)]), warp::filter::FilterFn futures_util::future::Ready, [Region(BrAnon)]), ()]), futures_util::future::Ready, i8, Binder(extern "RustCall" fn((&ReBound(DebruijnIndex(0), BoundRegion { var: 0, kind: BrAnon }) mut warp::route::Route,)) - futures_util::future::MapOk futures_util::future::Ready, [Region(BrAnon)]), ()]), futures_util::future::Ready, i32, Binder(extern "RustCall" fn((std::option::Option,)) - (std::option::Option,), []), ()]), [Region(BrAnon)]), (Closure(DefId(112:1530 ~ warp[975c]::filters::ws::on_upgrade::{closure#0}), [i8, Binder(extern "RustCall" fn((&ReBound(DebruijnIndex(0), BoundRegion { var: 0, kind: BrAnon }) mut warp::route::Route,)) - futures_util::future::Ready, [Region(BrAnon)]), ()]),)]), Closure(DefId(112:1503 ~ warp[975c]::filters::ws::ws::{closure#1}), [i8, Binder(extern "RustCall" fn((headers::common::sec_websocket_key::SecWebsocketKey, std::option::Option)) - warp::ws::Ws, []), ()]), warp::filter::map::Map tokio::sync::broadcast::Receiver, []), (tokio::sync::broadcast::Sender,)]), Closure(DefId(0:164 ~ mdbook[0db1]::cmd::serve::serve::{closure#0}::{closure#1}), [i8, Binder(extern "RustCall" fn((warp::ws::Ws, tokio::sync::broadcast::Receiver)) - warp::ws::WsReply Coroutine(DefId(0:166 ~ mdbook[0db1]::cmd::serve::serve::{closure#0}::{closure#1}::{closure#0}::{closure#0}), [std::future::ResumeTy, (), (), CoroutineWitness(DefId(0:166 ~ mdbook[0db1]::cmd::serve::serve::{closure#0}::{closure#1}::{closure#0}::{closure#0}), []), (warp::ws::WebSocket, tokio::sync::broadcast::Receiver)]), []), (tokio::sync::broadcast::Receiver,)]), []), ()]), warp::filter::and_then::AndThen &ReErased warp::http::Method, []), ()]),)]), warp::filter::and_then::AndThen, Closure(DefId(112:893 ~ warp[975c]::filters::fs::path_from_tail::{closure#0}), [i8, Binder(extern "RustCall" fn((warp::path::Tail,)) - futures_util::future::AndThen Coroutine(DefId(112:895 ~ warp[975c]::filters::fs::path_from_tail::{closure#0}::{closure#0}::{closure#0}), [std::future::ResumeTy, (), std::result::Result, CoroutineWitness(DefId(112:895 ~ warp[975c]::filters::fs::path_from_tail::{closure#0}::{closure#0}::{closure#0}), []), (std::path::PathBuf,)]), []), ()]), []), (std::sync::Arc,)]), warp::filter::map::Map futures_util::future::Ready, [Region(BrAnon)]), ()]),)]), warp::filter::FilterFn futures_util::future::Ready, [Region(BrAnon)]), ()]), futures_util::future::Ready, i8, Binder(extern "RustCall" fn((&ReBound(DebruijnIndex(0), BoundRegion { var: 0, kind: BrAnon }) mut warp::route::Route,)) - futures_util::future::MapOk futures_util::future::Ready, [Region(BrAnon)]), ()]), futures_util::future::Ready, i32, Binder(extern "RustCall" fn((std::option::Option,)) - (std::option::Option,), []), ()]), [Region(BrAnon)]), (Closure(DefId(112:977 ~ warp[975c]::filters::header::optional2::{closure#0}), [headers::common::if_unmodified_since::IfUnmodifiedSince, i8, Binder(extern "RustCall" fn((&ReBound(DebruijnIndex(0), BoundRegion { var: 0, kind: BrAnon }) mut warp::route::Route,)) - futures_util::future::Ready, [Region(BrAnon)]), ()]),)]), warp::filter::FilterFn futures_util::future::Ready, [Region(BrAnon)]), ()]), futures_util::future::Ready, i8, Binder(extern "RustCall" fn((&ReBound(DebruijnIndex(0), BoundRegion { var: 0, kind: BrAnon }) mut warp::route::Route,)) - futures_util::future::MapOk futures_util::future::Ready, [Region(BrAnon)]), ()]), futures_util::future::Ready, i32, Binder(extern "RustCall" fn((std::option::Option,)) - (std::option::Option,), []), ()]), [Region(BrAnon)]), (Closure(DefId(112:977 ~ warp[975c]::filters::header::optional2::{closure#0}), [headers::common::if_range::IfRange, i8, Binder(extern "RustCall" fn((&ReBound(DebruijnIndex(0), BoundRegion { var: 0, kind: BrAnon }) mut warp::route::Route,)) - futures_util::future::Ready, [Region(BrAnon)]), ()]),)]), warp::filter::FilterFn futures_util::future::Ready, [Region(BrAnon)]), ()]), futures_util::future::Ready, i8, Binder(extern "RustCall" fn((&ReBound(DebruijnIndex(0), BoundRegion { var: 0, kind: BrAnon }) mut warp::route::Route,)) - futures_util::future::MapOk futures_util::future::Ready, [Region(BrAnon)]), ()]), futures_util::future::Ready, i32, Binder(extern "RustCall" fn((std::option::Option,)) - (std::option::Option,), []), ()]), [Region(BrAnon)]), (Closure(DefId(112:977 ~ warp[975c]::filters::header::optional2::{closure#0}), [headers::common::range::Range, i8, Binder(extern "RustCall" fn((&ReBound(DebruijnIndex(0), BoundRegion { var: 0, kind: BrAnon }) mut warp::route::Route,)) - futures_util::future::Ready, [Region(BrAnon)]), ()]),)]), Closure(DefId(112:910 ~ warp[975c]::filters::fs::conditionals::{closure#0}), [i8, Binder(extern "RustCall" fn((std::option::Option, std::option::Option, std::option::Option, std::option::Option)) - warp::fs::Conditionals, []), ()]), FnDef(DefId(112:917 ~ warp[975c]::filters::fs::file_reply), []), warp::filter::map::Map futures_util::future::MapOk futures_util::future::Ready, [Region(BrAnon)]), ()]), futures_util::future::Ready, i32, Binder(extern "RustCall" fn((std::option::Option,)) - (std::option::Option,), []), ()]), [Region(BrAnon)]), (Closure(DefId(112:977 ~ warp[975c]::filters::header::optional2::{closure#0}), [headers::common::if_unmodified_since::IfUnmodifiedSince, i8, Binder(extern "RustCall" fn((&ReBound(DebruijnIndex(0), BoundRegion { var: 0, kind: BrAnon }) mut warp::route::Route,)) - futures_util::future::Ready, [Region(BrAnon)]), ()]),)]), warp::filter::FilterFn futures_util::future::Ready, [Region(BrAnon)]), ()]), futures_util::future::Ready, i8, Binder(extern "RustCall" fn((&ReBound(DebruijnIndex(0), BoundRegion { var: 0, kind: BrAnon }) mut warp::route::Route,)) - futures_util::future::MapOk futures_util::future::Ready, [Region(BrAnon)]), ()]), futures_util::future::Ready, i32, Binder(extern "RustCall" fn((std::option::Option,)) - (std::option::Option,), []), ()]), [Region(BrAnon)]), (Closure(DefId(112:977 ~ warp[975c]::filters::header::optional2::{closure#0}), [headers::common::if_range::IfRange, i8, Binder(extern "RustCall" fn((&ReBound(DebruijnIndex(0), BoundRegion { var: 0, kind: BrAnon }) mut warp::route::Route,)) - futures_util::future::Ready, [Region(BrAnon)]), ()]),)]), warp::filter::FilterFn futures_util::future::Ready, [Region(BrAnon)]), ()]), futures_util::future::Ready, i8, Binder(extern "RustCall" fn((&ReBound(DebruijnIndex(0), BoundRegion { var: 0, kind: BrAnon }) mut warp::route::Route,)) - futures_util::future::MapOk futures_util::future::Ready, [Region(BrAnon)]), ()]), futures_util::future::Ready, i32, Binder(extern "RustCall" fn((std::option::Option,)) - (std::option::Option,), []), ()]), [Region(BrAnon)]), (Closure(DefId(112:977 ~ warp[975c]::filters::header::optional2::{closure#0}), [headers::common::range::Range, i8, Binder(extern "RustCall" fn((&ReBound(DebruijnIndex(0), BoundRegion { var: 0, kind: BrAnon }) mut warp::route::Route,)) - futures_util::future::Ready, [Region(BrAnon)]), ()]),)]), Closure(DefId(112:910 ~ warp[975c]::filters::fs::conditionals::{closure#0}), [i8, Binder(extern "RustCall" fn((std::option::Option, std::option::Option, std::option::Option, std::option::Option)) - warp::fs::Conditionals, []), ()]), FnDef(DefId(112:917 ~ warp[975c]::filters::fs::file_reply), []), Closure(DefId(0:167 ~ mdbook[0db1]::cmd::serve::serve::{closure#0}::{closure#2}), [i8, Binder(extern "RustCall" fn((warp::fs::File,)) - warp::reply::WithStatus, []), ()]), std::option::Option)]), warp::hyper::Body, std::convert::Infallible, warp::hyper::service::util::ServiceFn, warp::filter::FilterFn futures_util::future::Ready, [Region(BrAnon)]), (&ReErased str, &ReErased str)]), warp::filter::FilterFn futures_util::future::Ready, [Region(BrAnon)]), ()]), futures_util::future::Ready, i8, Binder(extern "RustCall" fn((&ReBound(DebruijnIndex(0), BoundRegion { var: 0, kind: BrAnon }) mut warp::route::Route,)) - futures_util::future::MapOk futures_util::future::Ready, [Region(BrAnon)]), ()]), futures_util::future::Ready, i32, Binder(extern "RustCall" fn((headers::common::sec_websocket_key::SecWebsocketKey,)) - (headers::common::sec_websocket_key::SecWebsocketKey,), []), ()]), [Region(BrAnon)]), (Closure(DefId(112:967 ~ warp[975c]::filters::header::header2::{closure#0}), [headers::common::sec_websocket_key::SecWebsocketKey, i8, Binder(extern "RustCall" fn((&ReBound(DebruijnIndex(0), BoundRegion { var: 0, kind: BrAnon }) mut warp::route::Route,)) - futures_util::future::Ready, [Region(BrAnon)]), ()]),)]), warp::filter::FilterFn futures_util::future::Ready, [Region(BrAnon)]), ()]), futures_util::future::Ready, i8, Binder(extern "RustCall" fn((&ReBound(DebruijnIndex(0), BoundRegion { var: 0, kind: BrAnon }) mut warp::route::Route,)) - futures_util::future::MapOk futures_util::future::Ready, [Region(BrAnon)]), ()]), futures_util::future::Ready, i32, Binder(extern "RustCall" fn((std::option::Option,)) - (std::option::Option,), []), ()]), [Region(BrAnon)]), (Closure(DefId(112:1530 ~ warp[975c]::filters::ws::on_upgrade::{closure#0}), [i8, Binder(extern "RustCall" fn((&ReBound(DebruijnIndex(0), BoundRegion { var: 0, kind: BrAnon }) mut warp::route::Route,)) - futures_util::future::Ready, [Region(BrAnon)]), ()]),)]), Closure(DefId(112:1503 ~ warp[975c]::filters::ws::ws::{closure#1}), [i8, Binder(extern "RustCall" fn((headers::common::sec_websocket_key::SecWebsocketKey, std::option::Option)) - warp::ws::Ws, []), ()]), warp::filter::map::Map tokio::sync::broadcast::Receiver, []), (tokio::sync::broadcast::Sender,)]), Closure(DefId(0:164 ~ mdbook[0db1]::cmd::serve::serve::{closure#0}::{closure#1}), [i8, Binder(extern "RustCall" fn((warp::ws::Ws, tokio::sync::broadcast::Receiver)) - warp::ws::WsReply Coroutine(DefId(0:166 ~ mdbook[0db1]::cmd::serve::serve::{closure#0}::{closure#1}::{closure#0}::{closure#0}), [std::future::ResumeTy, (), (), CoroutineWitness(DefId(0:166 ~ mdbook[0db1]::cmd::serve::serve::{closure#0}::{closure#1}::{closure#0}::{closure#0}), []), (warp::ws::WebSocket, tokio::sync::broadcast::Receiver)]), []), (tokio::sync::broadcast::Receiver,)]), []), ()]), warp::filter::and_then::AndThen &ReErased warp::http::Method, []), ()]),)]), warp::filter::and_then::AndThen, Closure(DefId(112:893 ~ warp[975c]::filters::fs::path_from_tail::{closure#0}), [i8, Binder(extern "RustCall" fn((warp::path::Tail,)) - futures_util::future::AndThen Coroutine(DefId(112:895 ~ warp[975c]::filters::fs::path_from_tail::{closure#0}::{closure#0}::{closure#0}), [std::future::ResumeTy, (), std::result::Result, CoroutineWitness(DefId(112:895 ~ warp[975c]::filters::fs::path_from_tail::{closure#0}::{closure#0}::{closure#0}), []), (std::path::PathBuf,)]), []), ()]), []), (std::sync::Arc,)]), warp::filter::map::Map futures_util::future::Ready, [Region(BrAnon)]), ()]),)]), warp::filter::FilterFn futures_util::future::Ready, [Region(BrAnon)]), ()]), futures_util::future::Ready, i8, Binder(extern "RustCall" fn((&ReBound(DebruijnIndex(0), BoundRegion { var: 0, kind: BrAnon }) mut warp::route::Route,)) - futures_util::future::MapOk futures_util::future::Ready, [Region(BrAnon)]), ()]), futures_util::future::Ready, i32, Binder(extern "RustCall" fn((std::option::Option,)) - (std::option::Option,), []), ()]), [Region(BrAnon)]), (Closure(DefId(112:977 ~ warp[975c]::filters::header::optional2::{closure#0}), [headers::common::if_unmodified_since::IfUnmodifiedSince, i8, Binder(extern "RustCall" fn((&ReBound(DebruijnIndex(0), BoundRegion { var: 0, kind: BrAnon }) mut warp::route::Route,)) - futures_util::future::Ready, [Region(BrAnon)]), ()]),)]), warp::filter::FilterFn futures_util::future::Ready, [Region(BrAnon)]), ()]), futures_util::future::Ready, i8, Binder(extern "RustCall" fn((&ReBound(DebruijnIndex(0), BoundRegion { var: 0, kind: BrAnon }) mut warp::route::Route,)) - futures_util::future::MapOk futures_util::future::Ready, [Region(BrAnon)]), ()]), futures_util::future::Ready, i32, Binder(extern "RustCall" fn((std::option::Option,)) - (std::option::Option,), []), ()]), [Region(BrAnon)]), (Closure(DefId(112:977 ~ warp[975c]::filters::header::optional2::{closure#0}), [headers::common::if_range::IfRange, i8, Binder(extern "RustCall" fn((&ReBound(DebruijnIndex(0), BoundRegion { var: 0, kind: BrAnon }) mut warp::route::Route,)) - futures_util::future::Ready, [Region(BrAnon)]), ()]),)]), warp::filter::FilterFn futures_util::future::Ready, [Region(BrAnon)]), ()]), futures_util::future::Ready, i8, Binder(extern "RustCall" fn((&ReBound(DebruijnIndex(0), BoundRegion { var: 0, kind: BrAnon }) mut warp::route::Route,)) - futures_util::future::MapOk futures_util::future::Ready, [Region(BrAnon)]), ()]), futures_util::future::Ready, i32, Binder(extern "RustCall" fn((std::option::Option,)) - (std::option::Option,), []), ()]), [Region(BrAnon)]), (Closure(DefId(112:977 ~ warp[975c]::filters::header::optional2::{closure#0}), [headers::common::range::Range, i8, Binder(extern "RustCall" fn((&ReBound(DebruijnIndex(0), BoundRegion { var: 0, kind: BrAnon }) mut warp::route::Route,)) - futures_util::future::Ready, [Region(BrAnon)]), ()]),)]), Closure(DefId(112:910 ~ warp[975c]::filters::fs::conditionals::{closure#0}), [i8, Binder(extern "RustCall" fn((std::option::Option, std::option::Option, std::option::Option, std::option::Option)) - warp::fs::Conditionals, []), ()]), FnDef(DefId(112:917 ~ warp[975c]::filters::fs::file_reply), []), warp::filter::map::Map futures_util::future::MapOk futures_util::future::Ready, [Region(BrAnon)]), ()]), futures_util::future::Ready, i32, Binder(extern "RustCall" fn((std::option::Option,)) - (std::option::Option,), []), ()]), [Region(BrAnon)]), (Closure(DefId(112:977 ~ warp[975c]::filters::header::optional2::{closure#0}), [headers::common::if_unmodified_since::IfUnmodifiedSince, i8, Binder(extern "RustCall" fn((&ReBound(DebruijnIndex(0), BoundRegion { var: 0, kind: BrAnon }) mut warp::route::Route,)) - futures_util::future::Ready, [Region(BrAnon)]), ()]),)]), warp::filter::FilterFn futures_util::future::Ready, [Region(BrAnon)]), ()]), futures_util::future::Ready, i8, Binder(extern "RustCall" fn((&ReBound(DebruijnIndex(0), BoundRegion { var: 0, kind: BrAnon }) mut warp::route::Route,)) - futures_util::future::MapOk futures_util::future::Ready, [Region(BrAnon)]), ()]), futures_util::future::Ready, i32, Binder(extern "RustCall" fn((std::option::Option,)) - (std::option::Option,), []), ()]), [Region(BrAnon)]), (Closure(DefId(112:977 ~ warp[975c]::filters::header::optional2::{closure#0}), [headers::common::if_range::IfRange, i8, Binder(extern "RustCall" fn((&ReBound(DebruijnIndex(0), BoundRegion { var: 0, kind: BrAnon }) mut warp::route::Route,)) - futures_util::future::Ready, [Region(BrAnon)]), ()]),)]), warp::filter::FilterFn futures_util::future::Ready, [Region(BrAnon)]), ()]), futures_util::future::Ready, i8, Binder(extern "RustCall" fn((&ReBound(DebruijnIndex(0), BoundRegion { var: 0, kind: BrAnon }) mut warp::route::Route,)) - futures_util::future::MapOk futures_util::future::Ready, [Region(BrAnon)]), ()]), futures_util::future::Ready, i32, Binder(extern "RustCall" fn((std::option::Option,)) - (std::option::Option,), []), ()]), [Region(BrAnon)]), (Closure(DefId(112:977 ~ warp[975c]::filters::header::optional2::{closure#0}), [headers::common::range::Range, i8, Binder(extern "RustCall" fn((&ReBound(DebruijnIndex(0), BoundRegion { var: 0, kind: BrAnon }) mut warp::route::Route,)) - futures_util::future::Ready, [Region(BrAnon)]), ()]),)]), Closure(DefId(112:910 ~ warp[975c]::filters::fs::conditionals::{closure#0}), [i8, Binder(extern "RustCall" fn((std::option::Option, std::option::Option, std::option::Option, std::option::Option)) - warp::fs::Conditionals, []), ()]), FnDef(DefId(112:917 ~ warp[975c]::filters::fs::file_reply), []), Closure(DefId(0:167 ~ mdbook[0db1]::cmd::serve::serve::{closure#0}::{closure#2}), [i8, Binder(extern "RustCall" fn((warp::fs::File,)) - warp::reply::WithStatus, []), ()]), std::net::SocketAddr, i16, Binder(extern "RustCall" fn((warp::http::Request,)) - warp::filter::service::FilteredFuture, warp::filter::FilterFn futures_util::future::Ready, [Region(BrAnon)]), (&ReErased str, &ReErased str)]), warp::filter::FilterFn futures_util::future::Ready, [Region(BrAnon)]), ()]), futures_util::future::Ready, i8, Binder(extern "RustCall" fn((&ReBound(DebruijnIndex(0), BoundRegion { var: 0, kind: BrAnon }) mut warp::route::Route,)) - futures_util::future::MapOk futures_util::future::Ready, [Region(BrAnon)]), ()]), futures_util::future::Ready, i32, Binder(extern "RustCall" fn((headers::common::sec_websocket_key::SecWebsocketKey,)) - (headers::common::sec_websocket_key::SecWebsocketKey,), []), ()]), [Region(BrAnon)]), (Closure(DefId(112:967 ~ warp[975c]::filters::header::header2::{closure#0}), [headers::common::sec_websocket_key::SecWebsocketKey, i8, Binder(extern "RustCall" fn((&ReBound(DebruijnIndex(0), BoundRegion { var: 0, kind: BrAnon }) mut warp::route::Route,)) - futures_util::future::Ready, [Region(BrAnon)]), ()]),)]), warp::filter::FilterFn futures_util::future::Ready, [Region(BrAnon)]), ()]), futures_util::future::Ready, i8, Binder(extern "RustCall" fn((&ReBound(DebruijnIndex(0), BoundRegion { var: 0, kind: BrAnon }) mut warp::route::Route,)) - futures_util::future::MapOk futures_util::future::Ready, [Region(BrAnon)]), ()]), futures_util::future::Ready, i32, Binder(extern "RustCall" fn((std::option::Option,)) - (std::option::Option,), []), ()]), [Region(BrAnon)]), (Closure(DefId(112:1530 ~ warp[975c]::filters::ws::on_upgrade::{closure#0}), [i8, Binder(extern "RustCall" fn((&ReBound(DebruijnIndex(0), BoundRegion { var: 0, kind: BrAnon }) mut warp::route::Route,)) - futures_util::future::Ready, [Region(BrAnon)]), ()]),)]), Closure(DefId(112:1503 ~ warp[975c]::filters::ws::ws::{closure#1}), [i8, Binder(extern "RustCall" fn((headers::common::sec_websocket_key::SecWebsocketKey, std::option::Option)) - warp::ws::Ws, []), ()]), warp::filter::map::Map tokio::sync::broadcast::Receiver, []), (tokio::sync::broadcast::Sender,)]), Closure(DefId(0:164 ~ mdbook[0db1]::cmd::serve::serve::{closure#0}::{closure#1}), [i8, Binder(extern "RustCall" fn((warp::ws::Ws, tokio::sync::broadcast::Receiver)) - warp::ws::WsReply Coroutine(DefId(0:166 ~ mdbook[0db1]::cmd::serve::serve::{closure#0}::{closure#1}::{closure#0}::{closure#0}), [std::future::ResumeTy, (), (), CoroutineWitness(DefId(0:166 ~ mdbook[0db1]::cmd::serve::serve::{closure#0}::{closure#1}::{closure#0}::{closure#0}), []), (warp::ws::WebSocket, tokio::sync::broadcast::Receiver)]), []), (tokio::sync::broadcast::Receiver,)]), []), ()]), warp::filter::and_then::AndThen &ReErased warp::http::Method, []), ()]),)]), warp::filter::and_then::AndThen, Closure(DefId(112:893 ~ warp[975c]::filters::fs::path_from_tail::{closure#0}), [i8, Binder(extern "RustCall" fn((warp::path::Tail,)) - futures_util::future::AndThen Coroutine(DefId(112:895 ~ warp[975c]::filters::fs::path_from_tail::{closure#0}::{closure#0}::{closure#0}), [std::future::ResumeTy, (), std::result::Result, CoroutineWitness(DefId(112:895 ~ warp[975c]::filters::fs::path_from_tail::{closure#0}::{closure#0}::{closure#0}), []), (std::path::PathBuf,)]), []), ()]), []), (std::sync::Arc,)]), warp::filter::map::Map futures_util::future::Ready, [Region(BrAnon)]), ()]),)]), warp::filter::FilterFn futures_util::future::Ready, [Region(BrAnon)]), ()]), futures_util::future::Ready, i8, Binder(extern "RustCall" fn((&ReBound(DebruijnIndex(0), BoundRegion { var: 0, kind: BrAnon }) mut warp::route::Route,)) - futures_util::future::MapOk futures_util::future::Ready, [Region(BrAnon)]), ()]), futures_util::future::Ready, i32, Binder(extern "RustCall" fn((std::option::Option,)) - (std::option::Option,), []), ()]), [Region(BrAnon)]), (Closure(DefId(112:977 ~ warp[975c]::filters::header::optional2::{closure#0}), [headers::common::if_unmodified_since::IfUnmodifiedSince, i8, Binder(extern "RustCall" fn((&ReBound(DebruijnIndex(0), BoundRegion { var: 0, kind: BrAnon }) mut warp::route::Route,)) - futures_util::future::Ready, [Region(BrAnon)]), ()]),)]), warp::filter::FilterFn futures_util::future::Ready, [Region(BrAnon)]), ()]), futures_util::future::Ready, i8, Binder(extern "RustCall" fn((&ReBound(DebruijnIndex(0), BoundRegion { var: 0, kind: BrAnon }) mut warp::route::Route,)) - futures_util::future::MapOk futures_util::future::Ready, [Region(BrAnon)]), ()]), futures_util::future::Ready, i32, Binder(extern "RustCall" fn((std::option::Option,)) - (std::option::Option,), []), ()]), [Region(BrAnon)]), (Closure(DefId(112:977 ~ warp[975c]::filters::header::optional2::{closure#0}), [headers::common::if_range::IfRange, i8, Binder(extern "RustCall" fn((&ReBound(DebruijnIndex(0), BoundRegion { var: 0, kind: BrAnon }) mut warp::route::Route,)) - futures_util::future::Ready, [Region(BrAnon)]), ()]),)]), warp::filter::FilterFn futures_util::future::Ready, [Region(BrAnon)]), ()]), futures_util::future::Ready, i8, Binder(extern "RustCall" fn((&ReBound(DebruijnIndex(0), BoundRegion { var: 0, kind: BrAnon }) mut warp::route::Route,)) - futures_util::future::MapOk futures_util::future::Ready, [Region(BrAnon)]), ()]), futures_util::future::Ready, i32, Binder(extern "RustCall" fn((std::option::Option,)) - (std::option::Option,), []), ()]), [Region(BrAnon)]), (Closure(DefId(112:977 ~ warp[975c]::filters::header::optional2::{closure#0}), [headers::common::range::Range, i8, Binder(extern "RustCall" fn((&ReBound(DebruijnIndex(0), BoundRegion { var: 0, kind: BrAnon }) mut warp::route::Route,)) - futures_util::future::Ready, [Region(BrAnon)]), ()]),)]), Closure(DefId(112:910 ~ warp[975c]::filters::fs::conditionals::{closure#0}), [i8, Binder(extern "RustCall" fn((std::option::Option, std::option::Option, std::option::Option, std::option::Option)) - warp::fs::Conditionals, []), ()]), FnDef(DefId(112:917 ~ warp[975c]::filters::fs::file_reply), []), warp::filter::map::Map futures_util::future::MapOk futures_util::future::Ready, [Region(BrAnon)]), ()]), futures_util::future::Ready, i32, Binder(extern "RustCall" fn((std::option::Option,)) - (std::option::Option,), []), ()]), [Region(BrAnon)]), (Closure(DefId(112:977 ~ warp[975c]::filters::header::optional2::{closure#0}), [headers::common::if_unmodified_since::IfUnmodifiedSince, i8, Binder(extern "RustCall" fn((&ReBound(DebruijnIndex(0), BoundRegion { var: 0, kind: BrAnon }) mut warp::route::Route,)) - futures_util::future::Ready, [Region(BrAnon)]), ()]),)]), warp::filter::FilterFn futures_util::future::Ready, [Region(BrAnon)]), ()]), futures_util::future::Ready, i8, Binder(extern "RustCall" fn((&ReBound(DebruijnIndex(0), BoundRegion { var: 0, kind: BrAnon }) mut warp::route::Route,)) - futures_util::future::MapOk futures_util::future::Ready, [Region(BrAnon)]), ()]), futures_util::future::Ready, i32, Binder(extern "RustCall" fn((std::option::Option,)) - (std::option::Option,), []), ()]), [Region(BrAnon)]), (Closure(DefId(112:977 ~ warp[975c]::filters::header::optional2::{closure#0}), [headers::common::if_range::IfRange, i8, Binder(extern "RustCall" fn((&ReBound(DebruijnIndex(0), BoundRegion { var: 0, kind: BrAnon }) mut warp::route::Route,)) - futures_util::future::Ready, [Region(BrAnon)]), ()]),)]), warp::filter::FilterFn futures_util::future::Ready, [Region(BrAnon)]), ()]), futures_util::future::Ready, i8, Binder(extern "RustCall" fn((&ReBound(DebruijnIndex(0), BoundRegion { var: 0, kind: BrAnon }) mut warp::route::Route,)) - futures_util::future::MapOk futures_util::future::Ready, [Region(BrAnon)]), ()]), futures_util::future::Ready, i32, Binder(extern "RustCall" fn((std::option::Option,)) - (std::option::Option,), []), ()]), [Region(BrAnon)]), (Closure(DefId(112:977 ~ warp[975c]::filters::header::optional2::{closure#0}), [headers::common::range::Range, i8, Binder(extern "RustCall" fn((&ReBound(DebruijnIndex(0), BoundRegion { var: 0, kind: BrAnon }) mut warp::route::Route,)) - futures_util::future::Ready, [Region(BrAnon)]), ()]),)]), Closure(DefId(112:910 ~ warp[975c]::filters::fs::conditionals::{closure#0}), [i8, Binder(extern "RustCall" fn((std::option::Option, std::option::Option, std::option::Option, std::option::Option)) - warp::fs::Conditionals, []), ()]), FnDef(DefId(112:917 ~ warp[975c]::filters::fs::file_reply), []), Closure(DefId(0:167 ~ mdbook[0db1]::cmd::serve::serve::{closure#0}::{closure#2}), [i8, Binder(extern "RustCall" fn((warp::fs::File,)) - warp::reply::WithStatus, []), ()]), []), (warp::filter::service::FilteredService, warp::filter::FilterFn futures_util::future::Ready, [Region(BrAnon)]), (&ReErased str, &ReErased str)]), warp::filter::FilterFn futures_util::future::Ready, [Region(BrAnon)]), ()]), futures_util::future::Ready, i8, Binder(extern "RustCall" fn((&ReBound(DebruijnIndex(0), BoundRegion { var: 0, kind: BrAnon }) mut warp::route::Route,)) - futures_util::future::MapOk futures_util::future::Ready, [Region(BrAnon)]), ()]), futures_util::future::Ready, i32, Binder(extern "RustCall" fn((headers::common::sec_websocket_key::SecWebsocketKey,)) - (headers::common::sec_websocket_key::SecWebsocketKey,), []), ()]), [Region(BrAnon)]), (Closure(DefId(112:967 ~ warp[975c]::filters::header::header2::{closure#0}), [headers::common::sec_websocket_key::SecWebsocketKey, i8, Binder(extern "RustCall" fn((&ReBound(DebruijnIndex(0), BoundRegion { var: 0, kind: BrAnon }) mut warp::route::Route,)) - futures_util::future::Ready, [Region(BrAnon)]), ()]),)]), warp::filter::FilterFn futures_util::future::Ready, [Region(BrAnon)]), ()]), futures_util::future::Ready, i8, Binder(extern "RustCall" fn((&ReBound(DebruijnIndex(0), BoundRegion { var: 0, kind: BrAnon }) mut warp::route::Route,)) - futures_util::future::MapOk futures_util::future::Ready, [Region(BrAnon)]), ()]), futures_util::future::Ready, i32, Binder(extern "RustCall" fn((std::option::Option,)) - (std::option::Option,), []), ()]), [Region(BrAnon)]), (Closure(DefId(112:1530 ~ warp[975c]::filters::ws::on_upgrade::{closure#0}), [i8, Binder(extern "RustCall" fn((&ReBound(DebruijnIndex(0), BoundRegion { var: 0, kind: BrAnon }) mut warp::route::Route,)) - futures_util::future::Ready, [Region(BrAnon)]), ()]),)]), Closure(DefId(112:1503 ~ warp[975c]::filters::ws::ws::{closure#1}), [i8, Binder(extern "RustCall" fn((headers::common::sec_websocket_key::SecWebsocketKey, std::option::Option)) - warp::ws::Ws, []), ()]), warp::filter::map::Map tokio::sync::broadcast::Receiver, []), (tokio::sync::broadcast::Sender,)]), Closure(DefId(0:164 ~ mdbook[0db1]::cmd::serve::serve::{closure#0}::{closure#1}), [i8, Binder(extern "RustCall" fn((warp::ws::Ws, tokio::sync::broadcast::Receiver)) - warp::ws::WsReply Coroutine(DefId(0:166 ~ mdbook[0db1]::cmd::serve::serve::{closure#0}::{closure#1}::{closure#0}::{closure#0}), [std::future::ResumeTy, (), (), CoroutineWitness(DefId(0:166 ~ mdbook[0db1]::cmd::serve::serve::{closure#0}::{closure#1}::{closure#0}::{closure#0}), []), (warp::ws::WebSocket, tokio::sync::broadcast::Receiver)]), []), (tokio::sync::broadcast::Receiver,)]), []), ()]), warp::filter::and_then::AndThen &ReErased warp::http::Method, []), ()]),)]), warp::filter::and_then::AndThen, Closure(DefId(112:893 ~ warp[975c]::filters::fs::path_from_tail::{closure#0}), [i8, Binder(extern "RustCall" fn((warp::path::Tail,)) - futures_util::future::AndThen Coroutine(DefId(112:895 ~ warp[975c]::filters::fs::path_from_tail::{closure#0}::{closure#0}::{closure#0}), [std::future::ResumeTy, (), std::result::Result, CoroutineWitness(DefId(112:895 ~ warp[975c]::filters::fs::path_from_tail::{closure#0}::{closure#0}::{closure#0}), []), (std::path::PathBuf,)]), []), ()]), []), (std::sync::Arc,)]), warp::filter::map::Map futures_util::future::Ready, [Region(BrAnon)]), ()]),)]), warp::filter::FilterFn futures_util::future::Ready, [Region(BrAnon)]), ()]), futures_util::future::Ready, i8, Binder(extern "RustCall" fn((&ReBound(DebruijnIndex(0), BoundRegion { var: 0, kind: BrAnon }) mut warp::route::Route,)) - futures_util::future::MapOk futures_util::future::Ready, [Region(BrAnon)]), ()]), futures_util::future::Ready, i32, Binder(extern "RustCall" fn((std::option::Option,)) - (std::option::Option,), []), ()]), [Region(BrAnon)]), (Closure(DefId(112:977 ~ warp[975c]::filters::header::optional2::{closure#0}), [headers::common::if_unmodified_since::IfUnmodifiedSince, i8, Binder(extern "RustCall" fn((&ReBound(DebruijnIndex(0), BoundRegion { var: 0, kind: BrAnon }) mut warp::route::Route,)) - futures_util::future::Ready, [Region(BrAnon)]), ()]),)]), warp::filter::FilterFn futures_util::future::Ready, [Region(BrAnon)]), ()]), futures_util::future::Ready, i8, Binder(extern "RustCall" fn((&ReBound(DebruijnIndex(0), BoundRegion { var: 0, kind: BrAnon }) mut warp::route::Route,)) - futures_util::future::MapOk futures_util::future::Ready, [Region(BrAnon)]), ()]), futures_util::future::Ready, i32, Binder(extern "RustCall" fn((std::option::Option,)) - (std::option::Option,), []), ()]), [Region(BrAnon)]), (Closure(DefId(112:977 ~ warp[975c]::filters::header::optional2::{closure#0}), [headers::common::if_range::IfRange, i8, Binder(extern "RustCall" fn((&ReBound(DebruijnIndex(0), BoundRegion { var: 0, kind: BrAnon }) mut warp::route::Route,)) - futures_util::future::Ready, [Region(BrAnon)]), ()]),)]), warp::filter::FilterFn futures_util::future::Ready, [Region(BrAnon)]), ()]), futures_util::future::Ready, i8, Binder(extern "RustCall" fn((&ReBound(DebruijnIndex(0), BoundRegion { var: 0, kind: BrAnon }) mut warp::route::Route,)) - futures_util::future::MapOk futures_util::future::Ready, [Region(BrAnon)]), ()]), futures_util::future::Ready, i32, Binder(extern "RustCall" fn((std::option::Option,)) - (std::option::Option,), []), ()]), [Region(BrAnon)]), (Closure(DefId(112:977 ~ warp[975c]::filters::header::optional2::{closure#0}), [headers::common::range::Range, i8, Binder(extern "RustCall" fn((&ReBound(DebruijnIndex(0), BoundRegion { var: 0, kind: BrAnon }) mut warp::route::Route,)) - futures_util::future::Ready, [Region(BrAnon)]), ()]),)]), Closure(DefId(112:910 ~ warp[975c]::filters::fs::conditionals::{closure#0}), [i8, Binder(extern "RustCall" fn((std::option::Option, std::option::Option, std::option::Option, std::option::Option)) - warp::fs::Conditionals, []), ()]), FnDef(DefId(112:917 ~ warp[975c]::filters::fs::file_reply), []), warp::filter::map::Map futures_util::future::MapOk futures_util::future::Ready, [Region(BrAnon)]), ()]), futures_util::future::Ready, i32, Binder(extern "RustCall" fn((std::option::Option,)) - (std::option::Option,), []), ()]), [Region(BrAnon)]), (Closure(DefId(112:977 ~ warp[975c]::filters::header::optional2::{closure#0}), [headers::common::if_unmodified_since::IfUnmodifiedSince, i8, Binder(extern "RustCall" fn((&ReBound(DebruijnIndex(0), BoundRegion { var: 0, kind: BrAnon }) mut warp::route::Route,)) - futures_util::future::Ready, [Region(BrAnon)]), ()]),)]), warp::filter::FilterFn futures_util::future::Ready, [Region(BrAnon)]), ()]), futures_util::future::Ready, i8, Binder(extern "RustCall" fn((&ReBound(DebruijnIndex(0), BoundRegion { var: 0, kind: BrAnon }) mut warp::route::Route,)) - futures_util::future::MapOk futures_util::future::Ready, [Region(BrAnon)]), ()]), futures_util::future::Ready, i32, Binder(extern "RustCall" fn((std::option::Option,)) - (std::option::Option,), []), ()]), [Region(BrAnon)]), (Closure(DefId(112:977 ~ warp[975c]::filters::header::optional2::{closure#0}), [headers::common::if_range::IfRange, i8, Binder(extern "RustCall" fn((&ReBound(DebruijnIndex(0), BoundRegion { var: 0, kind: BrAnon }) mut warp::route::Route,)) - futures_util::future::Ready, [Region(BrAnon)]), ()]),)]), warp::filter::FilterFn futures_util::future::Ready, [Region(BrAnon)]), ()]), futures_util::future::Ready, i8, Binder(extern "RustCall" fn((&ReBound(DebruijnIndex(0), BoundRegion { var: 0, kind: BrAnon }) mut warp::route::Route,)) - futures_util::future::MapOk futures_util::future::Ready, [Region(BrAnon)]), ()]), futures_util::future::Ready, i32, Binder(extern "RustCall" fn((std::option::Option,)) - (std::option::Option,), []), ()]), [Region(BrAnon)]), (Closure(DefId(112:977 ~ warp[975c]::filters::header::optional2::{closure#0}), [headers::common::range::Range, i8, Binder(extern "RustCall" fn((&ReBound(DebruijnIndex(0), BoundRegion { var: 0, kind: BrAnon }) mut warp::route::Route,)) - futures_util::future::Ready, [Region(BrAnon)]), ()]),)]), Closure(DefId(112:910 ~ warp[975c]::filters::fs::conditionals::{closure#0}), [i8, Binder(extern "RustCall" fn((std::option::Option, std::option::Option, std::option::Option, std::option::Option)) - warp::fs::Conditionals, []), ()]), FnDef(DefId(112:917 ~ warp[975c]::filters::fs::file_reply), []), Closure(DefId(0:167 ~ mdbook[0db1]::cmd::serve::serve::{closure#0}::{closure#2}), [i8, Binder(extern "RustCall" fn((warp::fs::File,)) - warp::reply::WithStatus, []), ()]), std::option::Option)]), warp::hyper::Body, warp::hyper::common::exec::Exec, warp::hyper::server::server::NoopWatcher, std::alloc::Global, std::sync::Arc
4	2	1	2	tokio::runtime::task::harness::{impl#0}::core futures_util::future::Ready, [Region(BrAnon)]), ()]),)]), warp::filter::FilterFn futures_util::future::Ready, [Region(BrAnon)]), ()]), futures_util::future::Ready, i8, Binder(extern "RustCall" fn((&ReBound(DebruijnIndex(0), BoundRegion { var: 0, kind: BrAnon }) mut warp::route::Route,)) - futures_util::future::MapOk futures_util::future::Ready, [Region(BrAnon)]), ()]), futures_util::future::Ready, i32, Binder(extern "RustCall" fn((std::option::Option,)) - (std::option::Option,), []), ()]), [Region(BrAnon)]), (Closure(DefId(112:1530 ~ warp[975c]::filters::ws::on_upgrade::{closure#0}), [i8, Binder(extern "RustCall" fn((&ReBound(DebruijnIndex(0), BoundRegion { var: 0, kind: BrAnon }) mut warp::route::Route,)) - futures_util::future::Ready, [Region(BrAnon)]), ()]),)]), Closure(DefId(112:1503 ~ warp[975c]::filters::ws::ws::{closure#1}), [i8, Binder(extern "RustCall" fn((headers::common::sec_websocket_key::SecWebsocketKey, std::option::Option)) - warp::ws::Ws, []), ()]), warp::filter::map::Map tokio::sync::broadcast::Receiver, []), (tokio::sync::broadcast::Sender,)]), Closure(DefId(0:164 ~ mdbook[0db1]::cmd::serve::serve::{closure#0}::{closure#1}), [i8, Binder(extern "RustCall" fn((warp::ws::Ws, tokio::sync::broadcast::Receiver)) - warp::ws::WsReply Coroutine(DefId(0:166 ~ mdbook[0db1]::cmd::serve::serve::{closure#0}::{closure#1}::{closure#0}::{closure#0}), [std::future::ResumeTy, (), (), CoroutineWitness(DefId(0:166 ~ mdbook[0db1]::cmd::serve::serve::{closure#0}::{closure#1}::{closure#0}::{closure#0}), []), (warp::ws::WebSocket, tokio::sync::broadcast::Receiver)]), []), (tokio::sync::broadcast::Receiver,)]), []), ()]), warp::filter::and_then::AndThen &ReErased warp::http::Method, []), ()]),)]), warp::filter::and_then::AndThen, Closure(DefId(112:893 ~ warp[975c]::filters::fs::path_from_tail::{closure#0}), [i8, Binder(extern "RustCall" fn((warp::path::Tail,)) - futures_util::future::AndThen Coroutine(DefId(112:895 ~ warp[975c]::filters::fs::path_from_tail::{closure#0}::{closure#0}::{closure#0}), [std::future::ResumeTy, (), std::result::Result, CoroutineWitness(DefId(112:895 ~ warp[975c]::filters::fs::path_from_tail::{closure#0}::{closure#0}::{closure#0}), []), (std::path::PathBuf,)]), []), ()]), []), (std::sync::Arc,)]), warp::filter::map::Map futures_util::future::Ready, [Region(BrAnon)]), ()]),)]), warp::filter::FilterFn futures_util::future::Ready, [Region(BrAnon)]), ()]), futures_util::future::Ready, i8, Binder(extern "RustCall" fn((&ReBound(DebruijnIndex(0), BoundRegion { var: 0, kind: BrAnon }) mut warp::route::Route,)) - futures_util::future::MapOk futures_util::future::Ready, [Region(BrAnon)]), ()]), futures_util::future::Ready, i32, Binder(extern "RustCall" fn((std::option::Option,)) - (std::option::Option,), []), ()]), [Region(BrAnon)]), (Closure(DefId(112:977 ~ warp[975c]::filters::header::optional2::{closure#0}), [headers::common::if_unmodified_since::IfUnmodifiedSince, i8, Binder(extern "RustCall" fn((&ReBound(DebruijnIndex(0), BoundRegion { var: 0, kind: BrAnon }) mut warp::route::Route,)) - futures_util::future::Ready, [Region(BrAnon)]), ()]),)]), warp::filter::FilterFn futures_util::future::Ready, [Region(BrAnon)]), ()]), futures_util::future::Ready, i8, Binder(extern "RustCall" fn((&ReBound(DebruijnIndex(0), BoundRegion { var: 0, kind: BrAnon }) mut warp::route::Route,)) - futures_util::future::MapOk futures_util::future::Ready, [Region(BrAnon)]), ()]), futures_util::future::Ready, i32, Binder(extern "RustCall" fn((std::option::Option,)) - (std::option::Option,), []), ()]), [Region(BrAnon)]), (Closure(DefId(112:977 ~ warp[975c]::filters::header::optional2::{closure#0}), [headers::common::if_range::IfRange, i8, Binder(extern "RustCall" fn((&ReBound(DebruijnIndex(0), BoundRegion { var: 0, kind: BrAnon }) mut warp::route::Route,)) - futures_util::future::Ready, [Region(BrAnon)]), ()]),)]), warp::filter::FilterFn futures_util::future::Ready, [Region(BrAnon)]), ()]), futures_util::future::Ready, i8, Binder(extern "RustCall" fn((&ReBound(DebruijnIndex(0), BoundRegion { var: 0, kind: BrAnon }) mut warp::route::Route,)) - futures_util::future::MapOk futures_util::future::Ready, [Region(BrAnon)]), ()]), futures_util::future::Ready, i32, Binder(extern "RustCall" fn((std::option::Option,)) - (std::option::Option,), []), ()]), [Region(BrAnon)]), (Closure(DefId(112:977 ~ warp[975c]::filters::header::optional2::{closure#0}), [headers::common::range::Range, i8, Binder(extern "RustCall" fn((&ReBound(DebruijnIndex(0), BoundRegion { var: 0, kind: BrAnon }) mut warp::route::Route,)) - futures_util::future::Ready, [Region(BrAnon)]), ()]),)]), Closure(DefId(112:910 ~ warp[975c]::filters::fs::conditionals::{closure#0}), [i8, Binder(extern "RustCall" fn((std::option::Option, std::option::Option, std::option::Option, std::option::Option)) - warp::fs::Conditionals, []), ()]), FnDef(DefId(112:917 ~ warp[975c]::filters::fs::file_reply), []), warp::filter::map::Map futures_util::future::MapOk futures_util::future::Ready, [Region(BrAnon)]), ()]), futures_util::future::Ready, i32, Binder(extern "RustCall" fn((std::option::Option,)) - (std::option::Option,), []), ()]), [Region(BrAnon)]), (Closure(DefId(112:977 ~ warp[975c]::filters::header::optional2::{closure#0}), [headers::common::if_unmodified_since::IfUnmodifiedSince, i8, Binder(extern "RustCall" fn((&ReBound(DebruijnIndex(0), BoundRegion { var: 0, kind: BrAnon }) mut warp::route::Route,)) - futures_util::future::Ready, [Region(BrAnon)]), ()]),)]), warp::filter::FilterFn futures_util::future::Ready, [Region(BrAnon)]), ()]), futures_util::future::Ready, i8, Binder(extern "RustCall" fn((&ReBound(DebruijnIndex(0), BoundRegion { var: 0, kind: BrAnon }) mut warp::route::Route,)) - futures_util::future::MapOk futures_util::future::Ready, [Region(BrAnon)]), ()]), futures_util::future::Ready, i32, Binder(extern "RustCall" fn((std::option::Option,)) - (std::option::Option,), []), ()]), [Region(BrAnon)]), (Closure(DefId(112:977 ~ warp[975c]::filters::header::optional2::{closure#0}), [headers::common::if_range::IfRange, i8, Binder(extern "RustCall" fn((&ReBound(DebruijnIndex(0), BoundRegion { var: 0, kind: BrAnon }) mut warp::route::Route,)) - futures_util::future::Ready, [Region(BrAnon)]), ()]),)]), warp::filter::FilterFn futures_util::future::Ready, [Region(BrAnon)]), ()]), futures_util::future::Ready, i8, Binder(extern "RustCall" fn((&ReBound(DebruijnIndex(0), BoundRegion { var: 0, kind: BrAnon }) mut warp::route::Route,)) - futures_util::future::MapOk futures_util::future::Ready, [Region(BrAnon)]), ()]), futures_util::future::Ready, i32, Binder(extern "RustCall" fn((std::option::Option,)) - (std::option::Option,), []), ()]), [Region(BrAnon)]), (Closure(DefId(112:977 ~ warp[975c]::filters::header::optional2::{closure#0}), [headers::common::range::Range, i8, Binder(extern "RustCall" fn((&ReBound(DebruijnIndex(0), BoundRegion { var: 0, kind: BrAnon }) mut warp::route::Route,)) - futures_util::future::Ready, [Region(BrAnon)]), ()]),)]), Closure(DefId(112:910 ~ warp[975c]::filters::fs::conditionals::{closure#0}), [i8, Binder(extern "RustCall" fn((std::option::Option, std::option::Option, std::option::Option, std::option::Option)) - warp::fs::Conditionals, []), ()]), FnDef(DefId(112:917 ~ warp[975c]::filters::fs::file_reply), []), Closure(DefId(0:167 ~ mdbook[0db1]::cmd::serve::serve::{closure#0}::{closure#2}), [i8, Binder(extern "RustCall" fn((warp::fs::File,)) - warp::reply::WithStatus, []), ()]), std::net::SocketAddr, i16, Binder(extern "RustCall" fn((warp::http::Request,)) - warp::filter::service::FilteredFuture, warp::filter::FilterFn futures_util::future::Ready, [Region(BrAnon)]), (&ReErased str, &ReErased str)]), warp::filter::FilterFn futures_util::future::Ready, [Region(BrAnon)]), ()]), futures_util::future::Ready, i8, Binder(extern "RustCall" fn((&ReBound(DebruijnIndex(0), BoundRegion { var: 0, kind: BrAnon }) mut warp::route::Route,)) - futures_util::future::MapOk futures_util::future::Ready, [Region(BrAnon)]), ()]), futures_util::future::Ready, i32, Binder(extern "RustCall" fn((headers::common::sec_websocket_key::SecWebsocketKey,)) - (headers::common::sec_websocket_key::SecWebsocketKey,), []), ()]), [Region(BrAnon)]), (Closure(DefId(112:967 ~ warp[975c]::filters::header::header2::{closure#0}), [headers::common::sec_websocket_key::SecWebsocketKey, i8, Binder(extern "RustCall" fn((&ReBound(DebruijnIndex(0), BoundRegion { var: 0, kind: BrAnon }) mut warp::route::Route,)) - futures_util::future::Ready, [Region(BrAnon)]), ()]),)]), warp::filter::FilterFn futures_util::future::Ready, [Region(BrAnon)]), ()]), futures_util::future::Ready, i8, Binder(extern "RustCall" fn((&ReBound(DebruijnIndex(0), BoundRegion { var: 0, kind: BrAnon }) mut warp::route::Route,)) - futures_util::future::MapOk futures_util::future::Ready, [Region(BrAnon)]), ()]), futures_util::future::Ready, i32, Binder(extern "RustCall" fn((std::option::Option,)) - (std::option::Option,), []), ()]), [Region(BrAnon)]), (Closure(DefId(112:1530 ~ warp[975c]::filters::ws::on_upgrade::{closure#0}), [i8, Binder(extern "RustCall" fn((&ReBound(DebruijnIndex(0), BoundRegion { var: 0, kind: BrAnon }) mut warp::route::Route,)) - futures_util::future::Ready, [Region(BrAnon)]), ()]),)]), Closure(DefId(112:1503 ~ warp[975c]::filters::ws::ws::{closure#1}), [i8, Binder(extern "RustCall" fn((headers::common::sec_websocket_key::SecWebsocketKey, std::option::Option)) - warp::ws::Ws, []), ()]), warp::filter::map::Map tokio::sync::broadcast::Receiver, []), (tokio::sync::broadcast::Sender,)]), Closure(DefId(0:164 ~ mdbook[0db1]::cmd::serve::serve::{closure#0}::{closure#1}), [i8, Binder(extern "RustCall" fn((warp::ws::Ws, tokio::sync::broadcast::Receiver)) - warp::ws::WsReply Coroutine(DefId(0:166 ~ mdbook[0db1]::cmd::serve::serve::{closure#0}::{closure#1}::{closure#0}::{closure#0}), [std::future::ResumeTy, (), (), CoroutineWitness(DefId(0:166 ~ mdbook[0db1]::cmd::serve::serve::{closure#0}::{closure#1}::{closure#0}::{closure#0}), []), (warp::ws::WebSocket, tokio::sync::broadcast::Receiver)]), []), (tokio::sync::broadcast::Receiver,)]), []), ()]), warp::filter::and_then::AndThen &ReErased warp::http::Method, []), ()]),)]), warp::filter::and_then::AndThen, Closure(DefId(112:893 ~ warp[975c]::filters::fs::path_from_tail::{closure#0}), [i8, Binder(extern "RustCall" fn((warp::path::Tail,)) - futures_util::future::AndThen Coroutine(DefId(112:895 ~ warp[975c]::filters::fs::path_from_tail::{closure#0}::{closure#0}::{closure#0}), [std::future::ResumeTy, (), std::result::Result, CoroutineWitness(DefId(112:895 ~ warp[975c]::filters::fs::path_from_tail::{closure#0}::{closure#0}::{closure#0}), []), (std::path::PathBuf,)]), []), ()]), []), (std::sync::Arc,)]), warp::filter::map::Map futures_util::future::Ready, [Region(BrAnon)]), ()]),)]), warp::filter::FilterFn futures_util::future::Ready, [Region(BrAnon)]), ()]), futures_util::future::Ready, i8, Binder(extern "RustCall" fn((&ReBound(DebruijnIndex(0), BoundRegion { var: 0, kind: BrAnon }) mut warp::route::Route,)) - futures_util::future::MapOk futures_util::future::Ready, [Region(BrAnon)]), ()]), futures_util::future::Ready, i32, Binder(extern "RustCall" fn((std::option::Option,)) - (std::option::Option,), []), ()]), [Region(BrAnon)]), (Closure(DefId(112:977 ~ warp[975c]::filters::header::optional2::{closure#0}), [headers::common::if_unmodified_since::IfUnmodifiedSince, i8, Binder(extern "RustCall" fn((&ReBound(DebruijnIndex(0), BoundRegion { var: 0, kind: BrAnon }) mut warp::route::Route,)) - futures_util::future::Ready, [Region(BrAnon)]), ()]),)]), warp::filter::FilterFn futures_util::future::Ready, [Region(BrAnon)]), ()]), futures_util::future::Ready, i8, Binder(extern "RustCall" fn((&ReBound(DebruijnIndex(0), BoundRegion { var: 0, kind: BrAnon }) mut warp::route::Route,)) - futures_util::future::MapOk futures_util::future::Ready, [Region(BrAnon)]), ()]), futures_util::future::Ready, i32, Binder(extern "RustCall" fn((std::option::Option,)) - (std::option::Option,), []), ()]), [Region(BrAnon)]), (Closure(DefId(112:977 ~ warp[975c]::filters::header::optional2::{closure#0}), [headers::common::if_range::IfRange, i8, Binder(extern "RustCall" fn((&ReBound(DebruijnIndex(0), BoundRegion { var: 0, kind: BrAnon }) mut warp::route::Route,)) - futures_util::future::Ready, [Region(BrAnon)]), ()]),)]), warp::filter::FilterFn futures_util::future::Ready, [Region(BrAnon)]), ()]), futures_util::future::Ready, i8, Binder(extern "RustCall" fn((&ReBound(DebruijnIndex(0), BoundRegion { var: 0, kind: BrAnon }) mut warp::route::Route,)) - futures_util::future::MapOk futures_util::future::Ready, [Region(BrAnon)]), ()]), futures_util::future::Ready, i32, Binder(extern "RustCall" fn((std::option::Option,)) - (std::option::Option,), []), ()]), [Region(BrAnon)]), (Closure(DefId(112:977 ~ warp[975c]::filters::header::optional2::{closure#0}), [headers::common::range::Range, i8, Binder(extern "RustCall" fn((&ReBound(DebruijnIndex(0), BoundRegion { var: 0, kind: BrAnon }) mut warp::route::Route,)) - futures_util::future::Ready, [Region(BrAnon)]), ()]),)]), Closure(DefId(112:910 ~ warp[975c]::filters::fs::conditionals::{closure#0}), [i8, Binder(extern "RustCall" fn((std::option::Option, std::option::Option, std::option::Option, std::option::Option)) - warp::fs::Conditionals, []), ()]), FnDef(DefId(112:917 ~ warp[975c]::filters::fs::file_reply), []), warp::filter::map::Map futures_util::future::MapOk futures_util::future::Ready, [Region(BrAnon)]), ()]), futures_util::future::Ready, i32, Binder(extern "RustCall" fn((std::option::Option,)) - (std::option::Option,), []), ()]), [Region(BrAnon)]), (Closure(DefId(112:977 ~ warp[975c]::filters::header::optional2::{closure#0}), [headers::common::if_unmodified_since::IfUnmodifiedSince, i8, Binder(extern "RustCall" fn((&ReBound(DebruijnIndex(0), BoundRegion { var: 0, kind: BrAnon }) mut warp::route::Route,)) - futures_util::future::Ready, [Region(BrAnon)]), ()]),)]), warp::filter::FilterFn futures_util::future::Ready, [Region(BrAnon)]), ()]), futures_util::future::Ready, i8, Binder(extern "RustCall" fn((&ReBound(DebruijnIndex(0), BoundRegion { var: 0, kind: BrAnon }) mut warp::route::Route,)) - futures_util::future::MapOk futures_util::future::Ready, [Region(BrAnon)]), ()]), futures_util::future::Ready, i32, Binder(extern "RustCall" fn((std::option::Option,)) - (std::option::Option,), []), ()]), [Region(BrAnon)]), (Closure(DefId(112:977 ~ warp[975c]::filters::header::optional2::{closure#0}), [headers::common::if_range::IfRange, i8, Binder(extern "RustCall" fn((&ReBound(DebruijnIndex(0), BoundRegion { var: 0, kind: BrAnon }) mut warp::route::Route,)) - futures_util::future::Ready, [Region(BrAnon)]), ()]),)]), warp::filter::FilterFn futures_util::future::Ready, [Region(BrAnon)]), ()]), futures_util::future::Ready, i8, Binder(extern "RustCall" fn((&ReBound(DebruijnIndex(0), BoundRegion { var: 0, kind: BrAnon }) mut warp::route::Route,)) - futures_util::future::MapOk futures_util::future::Ready, [Region(BrAnon)]), ()]), futures_util::future::Ready, i32, Binder(extern "RustCall" fn((std::option::Option,)) - (std::option::Option,), []), ()]), [Region(BrAnon)]), (Closure(DefId(112:977 ~ warp[975c]::filters::header::optional2::{closure#0}), [headers::common::range::Range, i8, Binder(extern "RustCall" fn((&ReBound(DebruijnIndex(0), BoundRegion { var: 0, kind: BrAnon }) mut warp::route::Route,)) - futures_util::future::Ready, [Region(BrAnon)]), ()]),)]), Closure(DefId(112:910 ~ warp[975c]::filters::fs::conditionals::{closure#0}), [i8, Binder(extern "RustCall" fn((std::option::Option, std::option::Option, std::option::Option, std::option::Option)) - warp::fs::Conditionals, []), ()]), FnDef(DefId(112:917 ~ warp[975c]::filters::fs::file_reply), []), Closure(DefId(0:167 ~ mdbook[0db1]::cmd::serve::serve::{closure#0}::{closure#2}), [i8, Binder(extern "RustCall" fn((warp::fs::File,)) - warp::reply::WithStatus, []), ()]), []), (warp::filter::service::FilteredService, warp::filter::FilterFn futures_util::future::Ready, [Region(BrAnon)]), (&ReErased str, &ReErased str)]), warp::filter::FilterFn futures_util::future::Ready, [Region(BrAnon)]), ()]), futures_util::future::Ready, i8, Binder(extern "RustCall" fn((&ReBound(DebruijnIndex(0), BoundRegion { var: 0, kind: BrAnon }) mut warp::route::Route,)) - futures_util::future::MapOk futures_util::future::Ready, [Region(BrAnon)]), ()]), futures_util::future::Ready, i32, Binder(extern "RustCall" fn((headers::common::sec_websocket_key::SecWebsocketKey,)) - (headers::common::sec_websocket_key::SecWebsocketKey,), []), ()]), [Region(BrAnon)]), (Closure(DefId(112:967 ~ warp[975c]::filters::header::header2::{closure#0}), [headers::common::sec_websocket_key::SecWebsocketKey, i8, Binder(extern "RustCall" fn((&ReBound(DebruijnIndex(0), BoundRegion { var: 0, kind: BrAnon }) mut warp::route::Route,)) - futures_util::future::Ready, [Region(BrAnon)]), ()]),)]), warp::filter::FilterFn futures_util::future::Ready, [Region(BrAnon)]), ()]), futures_util::future::Ready, i8, Binder(extern "RustCall" fn((&ReBound(DebruijnIndex(0), BoundRegion { var: 0, kind: BrAnon }) mut warp::route::Route,)) - futures_util::future::MapOk futures_util::future::Ready, [Region(BrAnon)]), ()]), futures_util::future::Ready, i32, Binder(extern "RustCall" fn((std::option::Option,)) - (std::option::Option,), []), ()]), [Region(BrAnon)]), (Closure(DefId(112:1530 ~ warp[975c]::filters::ws::on_upgrade::{closure#0}), [i8, Binder(extern "RustCall" fn((&ReBound(DebruijnIndex(0), BoundRegion { var: 0, kind: BrAnon }) mut warp::route::Route,)) - futures_util::future::Ready, [Region(BrAnon)]), ()]),)]), Closure(DefId(112:1503 ~ warp[975c]::filters::ws::ws::{closure#1}), [i8, Binder(extern "RustCall" fn((headers::common::sec_websocket_key::SecWebsocketKey, std::option::Option)) - warp::ws::Ws, []), ()]), warp::filter::map::Map tokio::sync::broadcast::Receiver, []), (tokio::sync::broadcast::Sender,)]), Closure(DefId(0:164 ~ mdbook[0db1]::cmd::serve::serve::{closure#0}::{closure#1}), [i8, Binder(extern "RustCall" fn((warp::ws::Ws, tokio::sync::broadcast::Receiver)) - warp::ws::WsReply Coroutine(DefId(0:166 ~ mdbook[0db1]::cmd::serve::serve::{closure#0}::{closure#1}::{closure#0}::{closure#0}), [std::future::ResumeTy, (), (), CoroutineWitness(DefId(0:166 ~ mdbook[0db1]::cmd::serve::serve::{closure#0}::{closure#1}::{closure#0}::{closure#0}), []), (warp::ws::WebSocket, tokio::sync::broadcast::Receiver)]), []), (tokio::sync::broadcast::Receiver,)]), []), ()]), warp::filter::and_then::AndThen &ReErased warp::http::Method, []), ()]),)]), warp::filter::and_then::AndThen, Closure(DefId(112:893 ~ warp[975c]::filters::fs::path_from_tail::{closure#0}), [i8, Binder(extern "RustCall" fn((warp::path::Tail,)) - futures_util::future::AndThen Coroutine(DefId(112:895 ~ warp[975c]::filters::fs::path_from_tail::{closure#0}::{closure#0}::{closure#0}), [std::future::ResumeTy, (), std::result::Result, CoroutineWitness(DefId(112:895 ~ warp[975c]::filters::fs::path_from_tail::{closure#0}::{closure#0}::{closure#0}), []), (std::path::PathBuf,)]), []), ()]), []), (std::sync::Arc,)]), warp::filter::map::Map futures_util::future::Ready, [Region(BrAnon)]), ()]),)]), warp::filter::FilterFn futures_util::future::Ready, [Region(BrAnon)]), ()]), futures_util::future::Ready, i8, Binder(extern "RustCall" fn((&ReBound(DebruijnIndex(0), BoundRegion { var: 0, kind: BrAnon }) mut warp::route::Route,)) - futures_util::future::MapOk futures_util::future::Ready, [Region(BrAnon)]), ()]), futures_util::future::Ready, i32, Binder(extern "RustCall" fn((std::option::Option,)) - (std::option::Option,), []), ()]), [Region(BrAnon)]), (Closure(DefId(112:977 ~ warp[975c]::filters::header::optional2::{closure#0}), [headers::common::if_unmodified_since::IfUnmodifiedSince, i8, Binder(extern "RustCall" fn((&ReBound(DebruijnIndex(0), BoundRegion { var: 0, kind: BrAnon }) mut warp::route::Route,)) - futures_util::future::Ready, [Region(BrAnon)]), ()]),)]), warp::filter::FilterFn futures_util::future::Ready, [Region(BrAnon)]), ()]), futures_util::future::Ready, i8, Binder(extern "RustCall" fn((&ReBound(DebruijnIndex(0), BoundRegion { var: 0, kind: BrAnon }) mut warp::route::Route,)) - futures_util::future::MapOk futures_util::future::Ready, [Region(BrAnon)]), ()]), futures_util::future::Ready, i32, Binder(extern "RustCall" fn((std::option::Option,)) - (std::option::Option,), []), ()]), [Region(BrAnon)]), (Closure(DefId(112:977 ~ warp[975c]::filters::header::optional2::{closure#0}), [headers::common::if_range::IfRange, i8, Binder(extern "RustCall" fn((&ReBound(DebruijnIndex(0), BoundRegion { var: 0, kind: BrAnon }) mut warp::route::Route,)) - futures_util::future::Ready, [Region(BrAnon)]), ()]),)]), warp::filter::FilterFn futures_util::future::Ready, [Region(BrAnon)]), ()]), futures_util::future::Ready, i8, Binder(extern "RustCall" fn((&ReBound(DebruijnIndex(0), BoundRegion { var: 0, kind: BrAnon }) mut warp::route::Route,)) - futures_util::future::MapOk futures_util::future::Ready, [Region(BrAnon)]), ()]), futures_util::future::Ready, i32, Binder(extern "RustCall" fn((std::option::Option,)) - (std::option::Option,), []), ()]), [Region(BrAnon)]), (Closure(DefId(112:977 ~ warp[975c]::filters::header::optional2::{closure#0}), [headers::common::range::Range, i8, Binder(extern "RustCall" fn((&ReBound(DebruijnIndex(0), BoundRegion { var: 0, kind: BrAnon }) mut warp::route::Route,)) - futures_util::future::Ready, [Region(BrAnon)]), ()]),)]), Closure(DefId(112:910 ~ warp[975c]::filters::fs::conditionals::{closure#0}), [i8, Binder(extern "RustCall" fn((std::option::Option, std::option::Option, std::option::Option, std::option::Option)) - warp::fs::Conditionals, []), ()]), FnDef(DefId(112:917 ~ warp[975c]::filters::fs::file_reply), []), warp::filter::map::Map futures_util::future::MapOk futures_util::future::Ready, [Region(BrAnon)]), ()]), futures_util::future::Ready, i32, Binder(extern "RustCall" fn((std::option::Option,)) - (std::option::Option,), []), ()]), [Region(BrAnon)]), (Closure(DefId(112:977 ~ warp[975c]::filters::header::optional2::{closure#0}), [headers::common::if_unmodified_since::IfUnmodifiedSince, i8, Binder(extern "RustCall" fn((&ReBound(DebruijnIndex(0), BoundRegion { var: 0, kind: BrAnon }) mut warp::route::Route,)) - futures_util::future::Ready, [Region(BrAnon)]), ()]),)]), warp::filter::FilterFn futures_util::future::Ready, [Region(BrAnon)]), ()]), futures_util::future::Ready, i8, Binder(extern "RustCall" fn((&ReBound(DebruijnIndex(0), BoundRegion { var: 0, kind: BrAnon }) mut warp::route::Route,)) - futures_util::future::MapOk futures_util::future::Ready, [Region(BrAnon)]), ()]), futures_util::future::Ready, i32, Binder(extern "RustCall" fn((std::option::Option,)) - (std::option::Option,), []), ()]), [Region(BrAnon)]), (Closure(DefId(112:977 ~ warp[975c]::filters::header::optional2::{closure#0}), [headers::common::if_range::IfRange, i8, Binder(extern "RustCall" fn((&ReBound(DebruijnIndex(0), BoundRegion { var: 0, kind: BrAnon }) mut warp::route::Route,)) - futures_util::future::Ready, [Region(BrAnon)]), ()]),)]), warp::filter::FilterFn futures_util::future::Ready, [Region(BrAnon)]), ()]), futures_util::future::Ready, i8, Binder(extern "RustCall" fn((&ReBound(DebruijnIndex(0), BoundRegion { var: 0, kind: BrAnon }) mut warp::route::Route,)) - futures_util::future::MapOk futures_util::future::Ready, [Region(BrAnon)]), ()]), futures_util::future::Ready, i32, Binder(extern "RustCall" fn((std::option::Option,)) - (std::option::Option,), []), ()]), [Region(BrAnon)]), (Closure(DefId(112:977 ~ warp[975c]::filters::header::optional2::{closure#0}), [headers::common::range::Range, i8, Binder(extern "RustCall" fn((&ReBound(DebruijnIndex(0), BoundRegion { var: 0, kind: BrAnon }) mut warp::route::Route,)) - futures_util::future::Ready, [Region(BrAnon)]), ()]),)]), Closure(DefId(112:910 ~ warp[975c]::filters::fs::conditionals::{closure#0}), [i8, Binder(extern "RustCall" fn((std::option::Option, std::option::Option, std::option::Option, std::option::Option)) - warp::fs::Conditionals, []), ()]), FnDef(DefId(112:917 ~ warp[975c]::filters::fs::file_reply), []), Closure(DefId(0:167 ~ mdbook[0db1]::cmd::serve::serve::{closure#0}::{closure#2}), [i8, Binder(extern "RustCall" fn((warp::fs::File,)) - warp::reply::WithStatus, []), ()]), std::option::Option)]), warp::hyper::Body, std::convert::Infallible, warp::hyper::service::util::ServiceFn, warp::filter::FilterFn futures_util::future::Ready, [Region(BrAnon)]), (&ReErased str, &ReErased str)]), warp::filter::FilterFn futures_util::future::Ready, [Region(BrAnon)]), ()]), futures_util::future::Ready, i8, Binder(extern "RustCall" fn((&ReBound(DebruijnIndex(0), BoundRegion { var: 0, kind: BrAnon }) mut warp::route::Route,)) - futures_util::future::MapOk futures_util::future::Ready, [Region(BrAnon)]), ()]), futures_util::future::Ready, i32, Binder(extern "RustCall" fn((headers::common::sec_websocket_key::SecWebsocketKey,)) - (headers::common::sec_websocket_key::SecWebsocketKey,), []), ()]), [Region(BrAnon)]), (Closure(DefId(112:967 ~ warp[975c]::filters::header::header2::{closure#0}), [headers::common::sec_websocket_key::SecWebsocketKey, i8, Binder(extern "RustCall" fn((&ReBound(DebruijnIndex(0), BoundRegion { var: 0, kind: BrAnon }) mut warp::route::Route,)) - futures_util::future::Ready, [Region(BrAnon)]), ()]),)]), warp::filter::FilterFn futures_util::future::Ready, [Region(BrAnon)]), ()]), futures_util::future::Ready, i8, Binder(extern "RustCall" fn((&ReBound(DebruijnIndex(0), BoundRegion { var: 0, kind: BrAnon }) mut warp::route::Route,)) - futures_util::future::MapOk futures_util::future::Ready, [Region(BrAnon)]), ()]), futures_util::future::Ready, i32, Binder(extern "RustCall" fn((std::option::Option,)) - (std::option::Option,), []), ()]), [Region(BrAnon)]), (Closure(DefId(112:1530 ~ warp[975c]::filters::ws::on_upgrade::{closure#0}), [i8, Binder(extern "RustCall" fn((&ReBound(DebruijnIndex(0), BoundRegion { var: 0, kind: BrAnon }) mut warp::route::Route,)) - futures_util::future::Ready, [Region(BrAnon)]), ()]),)]), Closure(DefId(112:1503 ~ warp[975c]::filters::ws::ws::{closure#1}), [i8, Binder(extern "RustCall" fn((headers::common::sec_websocket_key::SecWebsocketKey, std::option::Option)) - warp::ws::Ws, []), ()]), warp::filter::map::Map tokio::sync::broadcast::Receiver, []), (tokio::sync::broadcast::Sender,)]), Closure(DefId(0:164 ~ mdbook[0db1]::cmd::serve::serve::{closure#0}::{closure#1}), [i8, Binder(extern "RustCall" fn((warp::ws::Ws, tokio::sync::broadcast::Receiver)) - warp::ws::WsReply Coroutine(DefId(0:166 ~ mdbook[0db1]::cmd::serve::serve::{closure#0}::{closure#1}::{closure#0}::{closure#0}), [std::future::ResumeTy, (), (), CoroutineWitness(DefId(0:166 ~ mdbook[0db1]::cmd::serve::serve::{closure#0}::{closure#1}::{closure#0}::{closure#0}), []), (warp::ws::WebSocket, tokio::sync::broadcast::Receiver)]), []), (tokio::sync::broadcast::Receiver,)]), []), ()]), warp::filter::and_then::AndThen &ReErased warp::http::Method, []), ()]),)]), warp::filter::and_then::AndThen, Closure(DefId(112:893 ~ warp[975c]::filters::fs::path_from_tail::{closure#0}), [i8, Binder(extern "RustCall" fn((warp::path::Tail,)) - futures_util::future::AndThen Coroutine(DefId(112:895 ~ warp[975c]::filters::fs::path_from_tail::{closure#0}::{closure#0}::{closure#0}), [std::future::ResumeTy, (), std::result::Result, CoroutineWitness(DefId(112:895 ~ warp[975c]::filters::fs::path_from_tail::{closure#0}::{closure#0}::{closure#0}), []), (std::path::PathBuf,)]), []), ()]), []), (std::sync::Arc,)]), warp::filter::map::Map futures_util::future::Ready, [Region(BrAnon)]), ()]),)]), warp::filter::FilterFn futures_util::future::Ready, [Region(BrAnon)]), ()]), futures_util::future::Ready, i8, Binder(extern "RustCall" fn((&ReBound(DebruijnIndex(0), BoundRegion { var: 0, kind: BrAnon }) mut warp::route::Route,)) - futures_util::future::MapOk futures_util::future::Ready, [Region(BrAnon)]), ()]), futures_util::future::Ready, i32, Binder(extern "RustCall" fn((std::option::Option,)) - (std::option::Option,), []), ()]), [Region(BrAnon)]), (Closure(DefId(112:977 ~ warp[975c]::filters::header::optional2::{closure#0}), [headers::common::if_unmodified_since::IfUnmodifiedSince, i8, Binder(extern "RustCall" fn((&ReBound(DebruijnIndex(0), BoundRegion { var: 0, kind: BrAnon }) mut warp::route::Route,)) - futures_util::future::Ready, [Region(BrAnon)]), ()]),)]), warp::filter::FilterFn futures_util::future::Ready, [Region(BrAnon)]), ()]), futures_util::future::Ready, i8, Binder(extern "RustCall" fn((&ReBound(DebruijnIndex(0), BoundRegion { var: 0, kind: BrAnon }) mut warp::route::Route,)) - futures_util::future::MapOk futures_util::future::Ready, [Region(BrAnon)]), ()]), futures_util::future::Ready, i32, Binder(extern "RustCall" fn((std::option::Option,)) - (std::option::Option,), []), ()]), [Region(BrAnon)]), (Closure(DefId(112:977 ~ warp[975c]::filters::header::optional2::{closure#0}), [headers::common::if_range::IfRange, i8, Binder(extern "RustCall" fn((&ReBound(DebruijnIndex(0), BoundRegion { var: 0, kind: BrAnon }) mut warp::route::Route,)) - futures_util::future::Ready, [Region(BrAnon)]), ()]),)]), warp::filter::FilterFn futures_util::future::Ready, [Region(BrAnon)]), ()]), futures_util::future::Ready, i8, Binder(extern "RustCall" fn((&ReBound(DebruijnIndex(0), BoundRegion { var: 0, kind: BrAnon }) mut warp::route::Route,)) - futures_util::future::MapOk futures_util::future::Ready, [Region(BrAnon)]), ()]), futures_util::future::Ready, i32, Binder(extern "RustCall" fn((std::option::Option,)) - (std::option::Option,), []), ()]), [Region(BrAnon)]), (Closure(DefId(112:977 ~ warp[975c]::filters::header::optional2::{closure#0}), [headers::common::range::Range, i8, Binder(extern "RustCall" fn((&ReBound(DebruijnIndex(0), BoundRegion { var: 0, kind: BrAnon }) mut warp::route::Route,)) - futures_util::future::Ready, [Region(BrAnon)]), ()]),)]), Closure(DefId(112:910 ~ warp[975c]::filters::fs::conditionals::{closure#0}), [i8, Binder(extern "RustCall" fn((std::option::Option, std::option::Option, std::option::Option, std::option::Option)) - warp::fs::Conditionals, []), ()]), FnDef(DefId(112:917 ~ warp[975c]::filters::fs::file_reply), []), warp::filter::map::Map futures_util::future::MapOk futures_util::future::Ready, [Region(BrAnon)]), ()]), futures_util::future::Ready, i32, Binder(extern "RustCall" fn((std::option::Option,)) - (std::option::Option,), []), ()]), [Region(BrAnon)]), (Closure(DefId(112:977 ~ warp[975c]::filters::header::optional2::{closure#0}), [headers::common::if_unmodified_since::IfUnmodifiedSince, i8, Binder(extern "RustCall" fn((&ReBound(DebruijnIndex(0), BoundRegion { var: 0, kind: BrAnon }) mut warp::route::Route,)) - futures_util::future::Ready, [Region(BrAnon)]), ()]),)]), warp::filter::FilterFn futures_util::future::Ready, [Region(BrAnon)]), ()]), futures_util::future::Ready, i8, Binder(extern "RustCall" fn((&ReBound(DebruijnIndex(0), BoundRegion { var: 0, kind: BrAnon }) mut warp::route::Route,)) - futures_util::future::MapOk futures_util::future::Ready, [Region(BrAnon)]), ()]), futures_util::future::Ready, i32, Binder(extern "RustCall" fn((std::option::Option,)) - (std::option::Option,), []), ()]), [Region(BrAnon)]), (Closure(DefId(112:977 ~ warp[975c]::filters::header::optional2::{closure#0}), [headers::common::if_range::IfRange, i8, Binder(extern "RustCall" fn((&ReBound(DebruijnIndex(0), BoundRegion { var: 0, kind: BrAnon }) mut warp::route::Route,)) - futures_util::future::Ready, [Region(BrAnon)]), ()]),)]), warp::filter::FilterFn futures_util::future::Ready, [Region(BrAnon)]), ()]), futures_util::future::Ready, i8, Binder(extern "RustCall" fn((&ReBound(DebruijnIndex(0), BoundRegion { var: 0, kind: BrAnon }) mut warp::route::Route,)) - futures_util::future::MapOk futures_util::future::Ready, [Region(BrAnon)]), ()]), futures_util::future::Ready, i32, Binder(extern "RustCall" fn((std::option::Option,)) - (std::option::Option,), []), ()]), [Region(BrAnon)]), (Closure(DefId(112:977 ~ warp[975c]::filters::header::optional2::{closure#0}), [headers::common::range::Range, i8, Binder(extern "RustCall" fn((&ReBound(DebruijnIndex(0), BoundRegion { var: 0, kind: BrAnon }) mut warp::route::Route,)) - futures_util::future::Ready, [Region(BrAnon)]), ()]),)]), Closure(DefId(112:910 ~ warp[975c]::filters::fs::conditionals::{closure#0}), [i8, Binder(extern "RustCall" fn((std::option::Option, std::option::Option, std::option::Option, std::option::Option)) - warp::fs::Conditionals, []), ()]), FnDef(DefId(112:917 ~ warp[975c]::filters::fs::file_reply), []), Closure(DefId(0:167 ~ mdbook[0db1]::cmd::serve::serve::{closure#0}::{closure#2}), [i8, Binder(extern "RustCall" fn((warp::fs::File,)) - warp::reply::WithStatus, []), ()]), std::net::SocketAddr, i16, Binder(extern "RustCall" fn((warp::http::Request,)) - warp::filter::service::FilteredFuture, warp::filter::FilterFn futures_util::future::Ready, [Region(BrAnon)]), (&ReErased str, &ReErased str)]), warp::filter::FilterFn futures_util::future::Ready, [Region(BrAnon)]), ()]), futures_util::future::Ready, i8, Binder(extern "RustCall" fn((&ReBound(DebruijnIndex(0), BoundRegion { var: 0, kind: BrAnon }) mut warp::route::Route,)) - futures_util::future::MapOk futures_util::future::Ready, [Region(BrAnon)]), ()]), futures_util::future::Ready, i32, Binder(extern "RustCall" fn((headers::common::sec_websocket_key::SecWebsocketKey,)) - (headers::common::sec_websocket_key::SecWebsocketKey,), []), ()]), [Region(BrAnon)]), (Closure(DefId(112:967 ~ warp[975c]::filters::header::header2::{closure#0}), [headers::common::sec_websocket_key::SecWebsocketKey, i8, Binder(extern "RustCall" fn((&ReBound(DebruijnIndex(0), BoundRegion { var: 0, kind: BrAnon }) mut warp::route::Route,)) - futures_util::future::Ready, [Region(BrAnon)]), ()]),)]), warp::filter::FilterFn futures_util::future::Ready, [Region(BrAnon)]), ()]), futures_util::future::Ready, i8, Binder(extern "RustCall" fn((&ReBound(DebruijnIndex(0), BoundRegion { var: 0, kind: BrAnon }) mut warp::route::Route,)) - futures_util::future::MapOk futures_util::future::Ready, [Region(BrAnon)]), ()]), futures_util::future::Ready, i32, Binder(extern "RustCall" fn((std::option::Option,)) - (std::option::Option,), []), ()]), [Region(BrAnon)]), (Closure(DefId(112:1530 ~ warp[975c]::filters::ws::on_upgrade::{closure#0}), [i8, Binder(extern "RustCall" fn((&ReBound(DebruijnIndex(0), BoundRegion { var: 0, kind: BrAnon }) mut warp::route::Route,)) - futures_util::future::Ready, [Region(BrAnon)]), ()]),)]), Closure(DefId(112:1503 ~ warp[975c]::filters::ws::ws::{closure#1}), [i8, Binder(extern "RustCall" fn((headers::common::sec_websocket_key::SecWebsocketKey, std::option::Option)) - warp::ws::Ws, []), ()]), warp::filter::map::Map tokio::sync::broadcast::Receiver, []), (tokio::sync::broadcast::Sender,)]), Closure(DefId(0:164 ~ mdbook[0db1]::cmd::serve::serve::{closure#0}::{closure#1}), [i8, Binder(extern "RustCall" fn((warp::ws::Ws, tokio::sync::broadcast::Receiver)) - warp::ws::WsReply Coroutine(DefId(0:166 ~ mdbook[0db1]::cmd::serve::serve::{closure#0}::{closure#1}::{closure#0}::{closure#0}), [std::future::ResumeTy, (), (), CoroutineWitness(DefId(0:166 ~ mdbook[0db1]::cmd::serve::serve::{closure#0}::{closure#1}::{closure#0}::{closure#0}), []), (warp::ws::WebSocket, tokio::sync::broadcast::Receiver)]), []), (tokio::sync::broadcast::Receiver,)]), []), ()]), warp::filter::and_then::AndThen &ReErased warp::http::Method, []), ()]),)]), warp::filter::and_then::AndThen, Closure(DefId(112:893 ~ warp[975c]::filters::fs::path_from_tail::{closure#0}), [i8, Binder(extern "RustCall" fn((warp::path::Tail,)) - futures_util::future::AndThen Coroutine(DefId(112:895 ~ warp[975c]::filters::fs::path_from_tail::{closure#0}::{closure#0}::{closure#0}), [std::future::ResumeTy, (), std::result::Result, CoroutineWitness(DefId(112:895 ~ warp[975c]::filters::fs::path_from_tail::{closure#0}::{closure#0}::{closure#0}), []), (std::path::PathBuf,)]), []), ()]), []), (std::sync::Arc,)]), warp::filter::map::Map futures_util::future::Ready, [Region(BrAnon)]), ()]),)]), warp::filter::FilterFn futures_util::future::Ready, [Region(BrAnon)]), ()]), futures_util::future::Ready, i8, Binder(extern "RustCall" fn((&ReBound(DebruijnIndex(0), BoundRegion { var: 0, kind: BrAnon }) mut warp::route::Route,)) - futures_util::future::MapOk futures_util::future::Ready, [Region(BrAnon)]), ()]), futures_util::future::Ready, i32, Binder(extern "RustCall" fn((std::option::Option,)) - (std::option::Option,), []), ()]), [Region(BrAnon)]), (Closure(DefId(112:977 ~ warp[975c]::filters::header::optional2::{closure#0}), [headers::common::if_unmodified_since::IfUnmodifiedSince, i8, Binder(extern "RustCall" fn((&ReBound(DebruijnIndex(0), BoundRegion { var: 0, kind: BrAnon }) mut warp::route::Route,)) - futures_util::future::Ready, [Region(BrAnon)]), ()]),)]), warp::filter::FilterFn futures_util::future::Ready, [Region(BrAnon)]), ()]), futures_util::future::Ready, i8, Binder(extern "RustCall" fn((&ReBound(DebruijnIndex(0), BoundRegion { var: 0, kind: BrAnon }) mut warp::route::Route,)) - futures_util::future::MapOk futures_util::future::Ready, [Region(BrAnon)]), ()]), futures_util::future::Ready, i32, Binder(extern "RustCall" fn((std::option::Option,)) - (std::option::Option,), []), ()]), [Region(BrAnon)]), (Closure(DefId(112:977 ~ warp[975c]::filters::header::optional2::{closure#0}), [headers::common::if_range::IfRange, i8, Binder(extern "RustCall" fn((&ReBound(DebruijnIndex(0), BoundRegion { var: 0, kind: BrAnon }) mut warp::route::Route,)) - futures_util::future::Ready, [Region(BrAnon)]), ()]),)]), warp::filter::FilterFn futures_util::future::Ready, [Region(BrAnon)]), ()]), futures_util::future::Ready, i8, Binder(extern "RustCall" fn((&ReBound(DebruijnIndex(0), BoundRegion { var: 0, kind: BrAnon }) mut warp::route::Route,)) - futures_util::future::MapOk futures_util::future::Ready, [Region(BrAnon)]), ()]), futures_util::future::Ready, i32, Binder(extern "RustCall" fn((std::option::Option,)) - (std::option::Option,), []), ()]), [Region(BrAnon)]), (Closure(DefId(112:977 ~ warp[975c]::filters::header::optional2::{closure#0}), [headers::common::range::Range, i8, Binder(extern "RustCall" fn((&ReBound(DebruijnIndex(0), BoundRegion { var: 0, kind: BrAnon }) mut warp::route::Route,)) - futures_util::future::Ready, [Region(BrAnon)]), ()]),)]), Closure(DefId(112:910 ~ warp[975c]::filters::fs::conditionals::{closure#0}), [i8, Binder(extern "RustCall" fn((std::option::Option, std::option::Option, std::option::Option, std::option::Option)) - warp::fs::Conditionals, []), ()]), FnDef(DefId(112:917 ~ warp[975c]::filters::fs::file_reply), []), warp::filter::map::Map futures_util::future::MapOk futures_util::future::Ready, [Region(BrAnon)]), ()]), futures_util::future::Ready, i32, Binder(extern "RustCall" fn((std::option::Option,)) - (std::option::Option,), []), ()]), [Region(BrAnon)]), (Closure(DefId(112:977 ~ warp[975c]::filters::header::optional2::{closure#0}), [headers::common::if_unmodified_since::IfUnmodifiedSince, i8, Binder(extern "RustCall" fn((&ReBound(DebruijnIndex(0), BoundRegion { var: 0, kind: BrAnon }) mut warp::route::Route,)) - futures_util::future::Ready, [Region(BrAnon)]), ()]),)]), warp::filter::FilterFn futures_util::future::Ready, [Region(BrAnon)]), ()]), futures_util::future::Ready, i8, Binder(extern "RustCall" fn((&ReBound(DebruijnIndex(0), BoundRegion { var: 0, kind: BrAnon }) mut warp::route::Route,)) - futures_util::future::MapOk futures_util::future::Ready, [Region(BrAnon)]), ()]), futures_util::future::Ready, i32, Binder(extern "RustCall" fn((std::option::Option,)) - (std::option::Option,), []), ()]), [Region(BrAnon)]), (Closure(DefId(112:977 ~ warp[975c]::filters::header::optional2::{closure#0}), [headers::common::if_range::IfRange, i8, Binder(extern "RustCall" fn((&ReBound(DebruijnIndex(0), BoundRegion { var: 0, kind: BrAnon }) mut warp::route::Route,)) - futures_util::future::Ready, [Region(BrAnon)]), ()]),)]), warp::filter::FilterFn futures_util::future::Ready, [Region(BrAnon)]), ()]), futures_util::future::Ready, i8, Binder(extern "RustCall" fn((&ReBound(DebruijnIndex(0), BoundRegion { var: 0, kind: BrAnon }) mut warp::route::Route,)) - futures_util::future::MapOk futures_util::future::Ready, [Region(BrAnon)]), ()]), futures_util::future::Ready, i32, Binder(extern "RustCall" fn((std::option::Option,)) - (std::option::Option,), []), ()]), [Region(BrAnon)]), (Closure(DefId(112:977 ~ warp[975c]::filters::header::optional2::{closure#0}), [headers::common::range::Range, i8, Binder(extern "RustCall" fn((&ReBound(DebruijnIndex(0), BoundRegion { var: 0, kind: BrAnon }) mut warp::route::Route,)) - futures_util::future::Ready, [Region(BrAnon)]), ()]),)]), Closure(DefId(112:910 ~ warp[975c]::filters::fs::conditionals::{closure#0}), [i8, Binder(extern "RustCall" fn((std::option::Option, std::option::Option, std::option::Option, std::option::Option)) - warp::fs::Conditionals, []), ()]), FnDef(DefId(112:917 ~ warp[975c]::filters::fs::file_reply), []), Closure(DefId(0:167 ~ mdbook[0db1]::cmd::serve::serve::{closure#0}::{closure#2}), [i8, Binder(extern "RustCall" fn((warp::fs::File,)) - warp::reply::WithStatus, []), ()]), []), (warp::filter::service::FilteredService, warp::filter::FilterFn futures_util::future::Ready, [Region(BrAnon)]), (&ReErased str, &ReErased str)]), warp::filter::FilterFn futures_util::future::Ready, [Region(BrAnon)]), ()]), futures_util::future::Ready, i8, Binder(extern "RustCall" fn((&ReBound(DebruijnIndex(0), BoundRegion { var: 0, kind: BrAnon }) mut warp::route::Route,)) - futures_util::future::MapOk futures_util::future::Ready, [Region(BrAnon)]), ()]), futures_util::future::Ready, i32, Binder(extern "RustCall" fn((headers::common::sec_websocket_key::SecWebsocketKey,)) - (headers::common::sec_websocket_key::SecWebsocketKey,), []), ()]), [Region(BrAnon)]), (Closure(DefId(112:967 ~ warp[975c]::filters::header::header2::{closure#0}), [headers::common::sec_websocket_key::SecWebsocketKey, i8, Binder(extern "RustCall" fn((&ReBound(DebruijnIndex(0), BoundRegion { var: 0, kind: BrAnon }) mut warp::route::Route,)) - futures_util::future::Ready, [Region(BrAnon)]), ()]),)]), warp::filter::FilterFn futures_util::future::Ready, [Region(BrAnon)]), ()]), futures_util::future::Ready, i8, Binder(extern "RustCall" fn((&ReBound(DebruijnIndex(0), BoundRegion { var: 0, kind: BrAnon }) mut warp::route::Route,)) - futures_util::future::MapOk futures_util::future::Ready, [Region(BrAnon)]), ()]), futures_util::future::Ready, i32, Binder(extern "RustCall" fn((std::option::Option,)) - (std::option::Option,), []), ()]), [Region(BrAnon)]), (Closure(DefId(112:1530 ~ warp[975c]::filters::ws::on_upgrade::{closure#0}), [i8, Binder(extern "RustCall" fn((&ReBound(DebruijnIndex(0), BoundRegion { var: 0, kind: BrAnon }) mut warp::route::Route,)) - futures_util::future::Ready, [Region(BrAnon)]), ()]),)]), Closure(DefId(112:1503 ~ warp[975c]::filters::ws::ws::{closure#1}), [i8, Binder(extern "RustCall" fn((headers::common::sec_websocket_key::SecWebsocketKey, std::option::Option)) - warp::ws::Ws, []), ()]), warp::filter::map::Map tokio::sync::broadcast::Receiver, []), (tokio::sync::broadcast::Sender,)]), Closure(DefId(0:164 ~ mdbook[0db1]::cmd::serve::serve::{closure#0}::{closure#1}), [i8, Binder(extern "RustCall" fn((warp::ws::Ws, tokio::sync::broadcast::Receiver)) - warp::ws::WsReply Coroutine(DefId(0:166 ~ mdbook[0db1]::cmd::serve::serve::{closure#0}::{closure#1}::{closure#0}::{closure#0}), [std::future::ResumeTy, (), (), CoroutineWitness(DefId(0:166 ~ mdbook[0db1]::cmd::serve::serve::{closure#0}::{closure#1}::{closure#0}::{closure#0}), []), (warp::ws::WebSocket, tokio::sync::broadcast::Receiver)]), []), (tokio::sync::broadcast::Receiver,)]), []), ()]), warp::filter::and_then::AndThen &ReErased warp::http::Method, []), ()]),)]), warp::filter::and_then::AndThen, Closure(DefId(112:893 ~ warp[975c]::filters::fs::path_from_tail::{closure#0}), [i8, Binder(extern "RustCall" fn((warp::path::Tail,)) - futures_util::future::AndThen Coroutine(DefId(112:895 ~ warp[975c]::filters::fs::path_from_tail::{closure#0}::{closure#0}::{closure#0}), [std::future::ResumeTy, (), std::result::Result, CoroutineWitness(DefId(112:895 ~ warp[975c]::filters::fs::path_from_tail::{closure#0}::{closure#0}::{closure#0}), []), (std::path::PathBuf,)]), []), ()]), []), (std::sync::Arc,)]), warp::filter::map::Map futures_util::future::Ready, [Region(BrAnon)]), ()]),)]), warp::filter::FilterFn futures_util::future::Ready, [Region(BrAnon)]), ()]), futures_util::future::Ready, i8, Binder(extern "RustCall" fn((&ReBound(DebruijnIndex(0), BoundRegion { var: 0, kind: BrAnon }) mut warp::route::Route,)) - futures_util::future::MapOk futures_util::future::Ready, [Region(BrAnon)]), ()]), futures_util::future::Ready, i32, Binder(extern "RustCall" fn((std::option::Option,)) - (std::option::Option,), []), ()]), [Region(BrAnon)]), (Closure(DefId(112:977 ~ warp[975c]::filters::header::optional2::{closure#0}), [headers::common::if_unmodified_since::IfUnmodifiedSince, i8, Binder(extern "RustCall" fn((&ReBound(DebruijnIndex(0), BoundRegion { var: 0, kind: BrAnon }) mut warp::route::Route,)) - futures_util::future::Ready, [Region(BrAnon)]), ()]),)]), warp::filter::FilterFn futures_util::future::Ready, [Region(BrAnon)]), ()]), futures_util::future::Ready, i8, Binder(extern "RustCall" fn((&ReBound(DebruijnIndex(0), BoundRegion { var: 0, kind: BrAnon }) mut warp::route::Route,)) - futures_util::future::MapOk futures_util::future::Ready, [Region(BrAnon)]), ()]), futures_util::future::Ready, i32, Binder(extern "RustCall" fn((std::option::Option,)) - (std::option::Option,), []), ()]), [Region(BrAnon)]), (Closure(DefId(112:977 ~ warp[975c]::filters::header::optional2::{closure#0}), [headers::common::if_range::IfRange, i8, Binder(extern "RustCall" fn((&ReBound(DebruijnIndex(0), BoundRegion { var: 0, kind: BrAnon }) mut warp::route::Route,)) - futures_util::future::Ready, [Region(BrAnon)]), ()]),)]), warp::filter::FilterFn futures_util::future::Ready, [Region(BrAnon)]), ()]), futures_util::future::Ready, i8, Binder(extern "RustCall" fn((&ReBound(DebruijnIndex(0), BoundRegion { var: 0, kind: BrAnon }) mut warp::route::Route,)) - futures_util::future::MapOk futures_util::future::Ready, [Region(BrAnon)]), ()]), futures_util::future::Ready, i32, Binder(extern "RustCall" fn((std::option::Option,)) - (std::option::Option,), []), ()]), [Region(BrAnon)]), (Closure(DefId(112:977 ~ warp[975c]::filters::header::optional2::{closure#0}), [headers::common::range::Range, i8, Binder(extern "RustCall" fn((&ReBound(DebruijnIndex(0), BoundRegion { var: 0, kind: BrAnon }) mut warp::route::Route,)) - futures_util::future::Ready, [Region(BrAnon)]), ()]),)]), Closure(DefId(112:910 ~ warp[975c]::filters::fs::conditionals::{closure#0}), [i8, Binder(extern "RustCall" fn((std::option::Option, std::option::Option, std::option::Option, std::option::Option)) - warp::fs::Conditionals, []), ()]), FnDef(DefId(112:917 ~ warp[975c]::filters::fs::file_reply), []), warp::filter::map::Map futures_util::future::MapOk futures_util::future::Ready, [Region(BrAnon)]), ()]), futures_util::future::Ready, i32, Binder(extern "RustCall" fn((std::option::Option,)) - (std::option::Option,), []), ()]), [Region(BrAnon)]), (Closure(DefId(112:977 ~ warp[975c]::filters::header::optional2::{closure#0}), [headers::common::if_unmodified_since::IfUnmodifiedSince, i8, Binder(extern "RustCall" fn((&ReBound(DebruijnIndex(0), BoundRegion { var: 0, kind: BrAnon }) mut warp::route::Route,)) - futures_util::future::Ready, [Region(BrAnon)]), ()]),)]), warp::filter::FilterFn futures_util::future::Ready, [Region(BrAnon)]), ()]), futures_util::future::Ready, i8, Binder(extern "RustCall" fn((&ReBound(DebruijnIndex(0), BoundRegion { var: 0, kind: BrAnon }) mut warp::route::Route,)) - futures_util::future::MapOk futures_util::future::Ready, [Region(BrAnon)]), ()]), futures_util::future::Ready, i32, Binder(extern "RustCall" fn((std::option::Option,)) - (std::option::Option,), []), ()]), [Region(BrAnon)]), (Closure(DefId(112:977 ~ warp[975c]::filters::header::optional2::{closure#0}), [headers::common::if_range::IfRange, i8, Binder(extern "RustCall" fn((&ReBound(DebruijnIndex(0), BoundRegion { var: 0, kind: BrAnon }) mut warp::route::Route,)) - futures_util::future::Ready, [Region(BrAnon)]), ()]),)]), warp::filter::FilterFn futures_util::future::Ready, [Region(BrAnon)]), ()]), futures_util::future::Ready, i8, Binder(extern "RustCall" fn((&ReBound(DebruijnIndex(0), BoundRegion { var: 0, kind: BrAnon }) mut warp::route::Route,)) - futures_util::future::MapOk futures_util::future::Ready, [Region(BrAnon)]), ()]), futures_util::future::Ready, i32, Binder(extern "RustCall" fn((std::option::Option,)) - (std::option::Option,), []), ()]), [Region(BrAnon)]), (Closure(DefId(112:977 ~ warp[975c]::filters::header::optional2::{closure#0}), [headers::common::range::Range, i8, Binder(extern "RustCall" fn((&ReBound(DebruijnIndex(0), BoundRegion { var: 0, kind: BrAnon }) mut warp::route::Route,)) - futures_util::future::Ready, [Region(BrAnon)]), ()]),)]), Closure(DefId(112:910 ~ warp[975c]::filters::fs::conditionals::{closure#0}), [i8, Binder(extern "RustCall" fn((std::option::Option, std::option::Option, std::option::Option, std::option::Option)) - warp::fs::Conditionals, []), ()]), FnDef(DefId(112:917 ~ warp[975c]::filters::fs::file_reply), []), Closure(DefId(0:167 ~ mdbook[0db1]::cmd::serve::serve::{closure#0}::{closure#2}), [i8, Binder(extern "RustCall" fn((warp::fs::File,)) - warp::reply::WithStatus, []), ()]), std::option::Option)]), warp::hyper::Body, warp::hyper::common::exec::Exec, warp::hyper::server::server::NoopWatcher, std::alloc::Global, std::sync::Arc
4	2	2	1	inotify::watches::{impl#30}::clone
4	2	1	2	tokio::runtime::task::harness::{impl#0}::core (headers::common::sec_websocket_key::SecWebsocketKey,), []), ()]), [Region(BrAnon)]), (Closure(DefId(112:967 ~ warp[975c]::filters::header::header2::{closure#0}), [headers::common::sec_websocket_key::SecWebsocketKey, i8, Binder(extern "RustCall" fn((&ReBound(DebruijnIndex(0), BoundRegion { var: 0, kind: BrAnon }) mut warp::route::Route,)) - futures_util::future::Ready, [Region(BrAnon)]), ()]),)]), warp::filter::FilterFn futures_util::future::Ready, [Region(BrAnon)]), ()]), futures_util::future::Ready, i8, Binder(extern "RustCall" fn((&ReBound(DebruijnIndex(0), BoundRegion { var: 0, kind: BrAnon }) mut warp::route::Route,)) - futures_util::future::MapOk futures_util::future::Ready, [Region(BrAnon)]), ()]), futures_util::future::Ready, i32, Binder(extern "RustCall" fn((std::option::Option,)) - (std::option::Option,), []), ()]), [Region(BrAnon)]), (Closure(DefId(112:1530 ~ warp[975c]::filters::ws::on_upgrade::{closure#0}), [i8, Binder(extern "RustCall" fn((&ReBound(DebruijnIndex(0), BoundRegion { var: 0, kind: BrAnon }) mut warp::route::Route,)) - futures_util::future::Ready, [Region(BrAnon)]), ()]),)]), Closure(DefId(112:1503 ~ warp[975c]::filters::ws::ws::{closure#1}), [i8, Binder(extern "RustCall" fn((headers::common::sec_websocket_key::SecWebsocketKey, std::option::Option)) - warp::ws::Ws, []), ()]), warp::filter::map::Map tokio::sync::broadcast::Receiver, []), (tokio::sync::broadcast::Sender,)]), Closure(DefId(0:164 ~ mdbook[0db1]::cmd::serve::serve::{closure#0}::{closure#1}), [i8, Binder(extern "RustCall" fn((warp::ws::Ws, tokio::sync::broadcast::Receiver)) - warp::ws::WsReply Coroutine(DefId(0:166 ~ mdbook[0db1]::cmd::serve::serve::{closure#0}::{closure#1}::{closure#0}::{closure#0}), [std::future::ResumeTy, (), (), CoroutineWitness(DefId(0:166 ~ mdbook[0db1]::cmd::serve::serve::{closure#0}::{closure#1}::{closure#0}::{closure#0}), []), (warp::ws::WebSocket, tokio::sync::broadcast::Receiver)]), []), (tokio::sync::broadcast::Receiver,)]), []), ()]), warp::filter::and_then::AndThen &ReErased warp::http::Method, []), ()]),)]), warp::filter::and_then::AndThen, Closure(DefId(112:893 ~ warp[975c]::filters::fs::path_from_tail::{closure#0}), [i8, Binder(extern "RustCall" fn((warp::path::Tail,)) - futures_util::future::AndThen Coroutine(DefId(112:895 ~ warp[975c]::filters::fs::path_from_tail::{closure#0}::{closure#0}::{closure#0}), [std::future::ResumeTy, (), std::result::Result, CoroutineWitness(DefId(112:895 ~ warp[975c]::filters::fs::path_from_tail::{closure#0}::{closure#0}::{closure#0}), []), (std::path::PathBuf,)]), []), ()]), []), (std::sync::Arc,)]), warp::filter::map::Map futures_util::future::Ready, [Region(BrAnon)]), ()]),)]), warp::filter::FilterFn futures_util::future::Ready, [Region(BrAnon)]), ()]), futures_util::future::Ready, i8, Binder(extern "RustCall" fn((&ReBound(DebruijnIndex(0), BoundRegion { var: 0, kind: BrAnon }) mut warp::route::Route,)) - futures_util::future::MapOk futures_util::future::Ready, [Region(BrAnon)]), ()]), futures_util::future::Ready, i32, Binder(extern "RustCall" fn((std::option::Option,)) - (std::option::Option,), []), ()]), [Region(BrAnon)]), (Closure(DefId(112:977 ~ warp[975c]::filters::header::optional2::{closure#0}), [headers::common::if_unmodified_since::IfUnmodifiedSince, i8, Binder(extern "RustCall" fn((&ReBound(DebruijnIndex(0), BoundRegion { var: 0, kind: BrAnon }) mut warp::route::Route,)) - futures_util::future::Ready, [Region(BrAnon)]), ()]),)]), warp::filter::FilterFn futures_util::future::Ready, [Region(BrAnon)]), ()]), futures_util::future::Ready, i8, Binder(extern "RustCall" fn((&ReBound(DebruijnIndex(0), BoundRegion { var: 0, kind: BrAnon }) mut warp::route::Route,)) - futures_util::future::MapOk futures_util::future::Ready, [Region(BrAnon)]), ()]), futures_util::future::Ready, i32, Binder(extern "RustCall" fn((std::option::Option,)) - (std::option::Option,), []), ()]), [Region(BrAnon)]), (Closure(DefId(112:977 ~ warp[975c]::filters::header::optional2::{closure#0}), [headers::common::if_range::IfRange, i8, Binder(extern "RustCall" fn((&ReBound(DebruijnIndex(0), BoundRegion { var: 0, kind: BrAnon }) mut warp::route::Route,)) - futures_util::future::Ready, [Region(BrAnon)]), ()]),)]), warp::filter::FilterFn futures_util::future::Ready, [Region(BrAnon)]), ()]), futures_util::future::Ready, i8, Binder(extern "RustCall" fn((&ReBound(DebruijnIndex(0), BoundRegion { var: 0, kind: BrAnon }) mut warp::route::Route,)) - futures_util::future::MapOk futures_util::future::Ready, [Region(BrAnon)]), ()]), futures_util::future::Ready, i32, Binder(extern "RustCall" fn((std::option::Option,)) - (std::option::Option,), []), ()]), [Region(BrAnon)]), (Closure(DefId(112:977 ~ warp[975c]::filters::header::optional2::{closure#0}), [headers::common::range::Range, i8, Binder(extern "RustCall" fn((&ReBound(DebruijnIndex(0), BoundRegion { var: 0, kind: BrAnon }) mut warp::route::Route,)) - futures_util::future::Ready, [Region(BrAnon)]), ()]),)]), Closure(DefId(112:910 ~ warp[975c]::filters::fs::conditionals::{closure#0}), [i8, Binder(extern "RustCall" fn((std::option::Option, std::option::Option, std::option::Option, std::option::Option)) - warp::fs::Conditionals, []), ()]), FnDef(DefId(112:917 ~ warp[975c]::filters::fs::file_reply), []), warp::filter::map::Map futures_util::future::MapOk futures_util::future::Ready, [Region(BrAnon)]), ()]), futures_util::future::Ready, i32, Binder(extern "RustCall" fn((std::option::Option,)) - (std::option::Option,), []), ()]), [Region(BrAnon)]), (Closure(DefId(112:977 ~ warp[975c]::filters::header::optional2::{closure#0}), [headers::common::if_unmodified_since::IfUnmodifiedSince, i8, Binder(extern "RustCall" fn((&ReBound(DebruijnIndex(0), BoundRegion { var: 0, kind: BrAnon }) mut warp::route::Route,)) - futures_util::future::Ready, [Region(BrAnon)]), ()]),)]), warp::filter::FilterFn futures_util::future::Ready, [Region(BrAnon)]), ()]), futures_util::future::Ready, i8, Binder(extern "RustCall" fn((&ReBound(DebruijnIndex(0), BoundRegion { var: 0, kind: BrAnon }) mut warp::route::Route,)) - futures_util::future::MapOk futures_util::future::Ready, [Region(BrAnon)]), ()]), futures_util::future::Ready, i32, Binder(extern "RustCall" fn((std::option::Option,)) - (std::option::Option,), []), ()]), [Region(BrAnon)]), (Closure(DefId(112:977 ~ warp[975c]::filters::header::optional2::{closure#0}), [headers::common::if_range::IfRange, i8, Binder(extern "RustCall" fn((&ReBound(DebruijnIndex(0), BoundRegion { var: 0, kind: BrAnon }) mut warp::route::Route,)) - futures_util::future::Ready, [Region(BrAnon)]), ()]),)]), warp::filter::FilterFn futures_util::future::Ready, [Region(BrAnon)]), ()]), futures_util::future::Ready, i8, Binder(extern "RustCall" fn((&ReBound(DebruijnIndex(0), BoundRegion { var: 0, kind: BrAnon }) mut warp::route::Route,)) - futures_util::future::MapOk futures_util::future::Ready, [Region(BrAnon)]), ()]), futures_util::future::Ready, i32, Binder(extern "RustCall" fn((std::option::Option,)) - (std::option::Option,), []), ()]), [Region(BrAnon)]), (Closure(DefId(112:977 ~ warp[975c]::filters::header::optional2::{closure#0}), [headers::common::range::Range, i8, Binder(extern "RustCall" fn((&ReBound(DebruijnIndex(0), BoundRegion { var: 0, kind: BrAnon }) mut warp::route::Route,)) - futures_util::future::Ready, [Region(BrAnon)]), ()]),)]), Closure(DefId(112:910 ~ warp[975c]::filters::fs::conditionals::{closure#0}), [i8, Binder(extern "RustCall" fn((std::option::Option, std::option::Option, std::option::Option, std::option::Option)) - warp::fs::Conditionals, []), ()]), FnDef(DefId(112:917 ~ warp[975c]::filters::fs::file_reply), []), Closure(DefId(0:167 ~ mdbook[0db1]::cmd::serve::serve::{closure#0}::{closure#2}), [i8, Binder(extern "RustCall" fn((warp::fs::File,)) - warp::reply::WithStatus, []), ()]), std::net::SocketAddr, i16, Binder(extern "RustCall" fn((warp::http::Request,)) - warp::filter::service::FilteredFuture, warp::filter::FilterFn futures_util::future::Ready, [Region(BrAnon)]), (&ReErased str, &ReErased str)]), warp::filter::FilterFn futures_util::future::Ready, [Region(BrAnon)]), ()]), futures_util::future::Ready, i8, Binder(extern "RustCall" fn((&ReBound(DebruijnIndex(0), BoundRegion { var: 0, kind: BrAnon }) mut warp::route::Route,)) - futures_util::future::MapOk futures_util::future::Ready, [Region(BrAnon)]), ()]), futures_util::future::Ready, i32, Binder(extern "RustCall" fn((headers::common::sec_websocket_key::SecWebsocketKey,)) - (headers::common::sec_websocket_key::SecWebsocketKey,), []), ()]), [Region(BrAnon)]), (Closure(DefId(112:967 ~ warp[975c]::filters::header::header2::{closure#0}), [headers::common::sec_websocket_key::SecWebsocketKey, i8, Binder(extern "RustCall" fn((&ReBound(DebruijnIndex(0), BoundRegion { var: 0, kind: BrAnon }) mut warp::route::Route,)) - futures_util::future::Ready, [Region(BrAnon)]), ()]),)]), warp::filter::FilterFn futures_util::future::Ready, [Region(BrAnon)]), ()]), futures_util::future::Ready, i8, Binder(extern "RustCall" fn((&ReBound(DebruijnIndex(0), BoundRegion { var: 0, kind: BrAnon }) mut warp::route::Route,)) - futures_util::future::MapOk futures_util::future::Ready, [Region(BrAnon)]), ()]), futures_util::future::Ready, i32, Binder(extern "RustCall" fn((std::option::Option,)) - (std::option::Option,), []), ()]), [Region(BrAnon)]), (Closure(DefId(112:1530 ~ warp[975c]::filters::ws::on_upgrade::{closure#0}), [i8, Binder(extern "RustCall" fn((&ReBound(DebruijnIndex(0), BoundRegion { var: 0, kind: BrAnon }) mut warp::route::Route,)) - futures_util::future::Ready, [Region(BrAnon)]), ()]),)]), Closure(DefId(112:1503 ~ warp[975c]::filters::ws::ws::{closure#1}), [i8, Binder(extern "RustCall" fn((headers::common::sec_websocket_key::SecWebsocketKey, std::option::Option)) - warp::ws::Ws, []), ()]), warp::filter::map::Map tokio::sync::broadcast::Receiver, []), (tokio::sync::broadcast::Sender,)]), Closure(DefId(0:164 ~ mdbook[0db1]::cmd::serve::serve::{closure#0}::{closure#1}), [i8, Binder(extern "RustCall" fn((warp::ws::Ws, tokio::sync::broadcast::Receiver)) - warp::ws::WsReply Coroutine(DefId(0:166 ~ mdbook[0db1]::cmd::serve::serve::{closure#0}::{closure#1}::{closure#0}::{closure#0}), [std::future::ResumeTy, (), (), CoroutineWitness(DefId(0:166 ~ mdbook[0db1]::cmd::serve::serve::{closure#0}::{closure#1}::{closure#0}::{closure#0}), []), (warp::ws::WebSocket, tokio::sync::broadcast::Receiver)]), []), (tokio::sync::broadcast::Receiver,)]), []), ()]), warp::filter::and_then::AndThen &ReErased warp::http::Method, []), ()]),)]), warp::filter::and_then::AndThen, Closure(DefId(112:893 ~ warp[975c]::filters::fs::path_from_tail::{closure#0}), [i8, Binder(extern "RustCall" fn((warp::path::Tail,)) - futures_util::future::AndThen Coroutine(DefId(112:895 ~ warp[975c]::filters::fs::path_from_tail::{closure#0}::{closure#0}::{closure#0}), [std::future::ResumeTy, (), std::result::Result, CoroutineWitness(DefId(112:895 ~ warp[975c]::filters::fs::path_from_tail::{closure#0}::{closure#0}::{closure#0}), []), (std::path::PathBuf,)]), []), ()]), []), (std::sync::Arc,)]), warp::filter::map::Map futures_util::future::Ready, [Region(BrAnon)]), ()]),)]), warp::filter::FilterFn futures_util::future::Ready, [Region(BrAnon)]), ()]), futures_util::future::Ready, i8, Binder(extern "RustCall" fn((&ReBound(DebruijnIndex(0), BoundRegion { var: 0, kind: BrAnon }) mut warp::route::Route,)) - futures_util::future::MapOk futures_util::future::Ready, [Region(BrAnon)]), ()]), futures_util::future::Ready, i32, Binder(extern "RustCall" fn((std::option::Option,)) - (std::option::Option,), []), ()]), [Region(BrAnon)]), (Closure(DefId(112:977 ~ warp[975c]::filters::header::optional2::{closure#0}), [headers::common::if_unmodified_since::IfUnmodifiedSince, i8, Binder(extern "RustCall" fn((&ReBound(DebruijnIndex(0), BoundRegion { var: 0, kind: BrAnon }) mut warp::route::Route,)) - futures_util::future::Ready, [Region(BrAnon)]), ()]),)]), warp::filter::FilterFn futures_util::future::Ready, [Region(BrAnon)]), ()]), futures_util::future::Ready, i8, Binder(extern "RustCall" fn((&ReBound(DebruijnIndex(0), BoundRegion { var: 0, kind: BrAnon }) mut warp::route::Route,)) - futures_util::future::MapOk futures_util::future::Ready, [Region(BrAnon)]), ()]), futures_util::future::Ready, i32, Binder(extern "RustCall" fn((std::option::Option,)) - (std::option::Option,), []), ()]), [Region(BrAnon)]), (Closure(DefId(112:977 ~ warp[975c]::filters::header::optional2::{closure#0}), [headers::common::if_range::IfRange, i8, Binder(extern "RustCall" fn((&ReBound(DebruijnIndex(0), BoundRegion { var: 0, kind: BrAnon }) mut warp::route::Route,)) - futures_util::future::Ready, [Region(BrAnon)]), ()]),)]), warp::filter::FilterFn futures_util::future::Ready, [Region(BrAnon)]), ()]), futures_util::future::Ready, i8, Binder(extern "RustCall" fn((&ReBound(DebruijnIndex(0), BoundRegion { var: 0, kind: BrAnon }) mut warp::route::Route,)) - futures_util::future::MapOk futures_util::future::Ready, [Region(BrAnon)]), ()]), futures_util::future::Ready, i32, Binder(extern "RustCall" fn((std::option::Option,)) - (std::option::Option,), []), ()]), [Region(BrAnon)]), (Closure(DefId(112:977 ~ warp[975c]::filters::header::optional2::{closure#0}), [headers::common::range::Range, i8, Binder(extern "RustCall" fn((&ReBound(DebruijnIndex(0), BoundRegion { var: 0, kind: BrAnon }) mut warp::route::Route,)) - futures_util::future::Ready, [Region(BrAnon)]), ()]),)]), Closure(DefId(112:910 ~ warp[975c]::filters::fs::conditionals::{closure#0}), [i8, Binder(extern "RustCall" fn((std::option::Option, std::option::Option, std::option::Option, std::option::Option)) - warp::fs::Conditionals, []), ()]), FnDef(DefId(112:917 ~ warp[975c]::filters::fs::file_reply), []), warp::filter::map::Map futures_util::future::MapOk futures_util::future::Ready, [Region(BrAnon)]), ()]), futures_util::future::Ready, i32, Binder(extern "RustCall" fn((std::option::Option,)) - (std::option::Option,), []), ()]), [Region(BrAnon)]), (Closure(DefId(112:977 ~ warp[975c]::filters::header::optional2::{closure#0}), [headers::common::if_unmodified_since::IfUnmodifiedSince, i8, Binder(extern "RustCall" fn((&ReBound(DebruijnIndex(0), BoundRegion { var: 0, kind: BrAnon }) mut warp::route::Route,)) - futures_util::future::Ready, [Region(BrAnon)]), ()]),)]), warp::filter::FilterFn futures_util::future::Ready, [Region(BrAnon)]), ()]), futures_util::future::Ready, i8, Binder(extern "RustCall" fn((&ReBound(DebruijnIndex(0), BoundRegion { var: 0, kind: BrAnon }) mut warp::route::Route,)) - futures_util::future::MapOk futures_util::future::Ready, [Region(BrAnon)]), ()]), futures_util::future::Ready, i32, Binder(extern "RustCall" fn((std::option::Option,)) - (std::option::Option,), []), ()]), [Region(BrAnon)]), (Closure(DefId(112:977 ~ warp[975c]::filters::header::optional2::{closure#0}), [headers::common::if_range::IfRange, i8, Binder(extern "RustCall" fn((&ReBound(DebruijnIndex(0), BoundRegion { var: 0, kind: BrAnon }) mut warp::route::Route,)) - futures_util::future::Ready, [Region(BrAnon)]), ()]),)]), warp::filter::FilterFn futures_util::future::Ready, [Region(BrAnon)]), ()]), futures_util::future::Ready, i8, Binder(extern "RustCall" fn((&ReBound(DebruijnIndex(0), BoundRegion { var: 0, kind: BrAnon }) mut warp::route::Route,)) - futures_util::future::MapOk futures_util::future::Ready, [Region(BrAnon)]), ()]), futures_util::future::Ready, i32, Binder(extern "RustCall" fn((std::option::Option,)) - (std::option::Option,), []), ()]), [Region(BrAnon)]), (Closure(DefId(112:977 ~ warp[975c]::filters::header::optional2::{closure#0}), [headers::common::range::Range, i8, Binder(extern "RustCall" fn((&ReBound(DebruijnIndex(0), BoundRegion { var: 0, kind: BrAnon }) mut warp::route::Route,)) - futures_util::future::Ready, [Region(BrAnon)]), ()]),)]), Closure(DefId(112:910 ~ warp[975c]::filters::fs::conditionals::{closure#0}), [i8, Binder(extern "RustCall" fn((std::option::Option, std::option::Option, std::option::Option, std::option::Option)) - warp::fs::Conditionals, []), ()]), FnDef(DefId(112:917 ~ warp[975c]::filters::fs::file_reply), []), Closure(DefId(0:167 ~ mdbook[0db1]::cmd::serve::serve::{closure#0}::{closure#2}), [i8, Binder(extern "RustCall" fn((warp::fs::File,)) - warp::reply::WithStatus, []), ()]), []), (warp::filter::service::FilteredService, warp::filter::FilterFn futures_util::future::Ready, [Region(BrAnon)]), (&ReErased str, &ReErased str)]), warp::filter::FilterFn futures_util::future::Ready, [Region(BrAnon)]), ()]), futures_util::future::Ready, i8, Binder(extern "RustCall" fn((&ReBound(DebruijnIndex(0), BoundRegion { var: 0, kind: BrAnon }) mut warp::route::Route,)) - futures_util::future::MapOk futures_util::future::Ready, [Region(BrAnon)]), ()]), futures_util::future::Ready, i32, Binder(extern "RustCall" fn((headers::common::sec_websocket_key::SecWebsocketKey,)) - (headers::common::sec_websocket_key::SecWebsocketKey,), []), ()]), [Region(BrAnon)]), (Closure(DefId(112:967 ~ warp[975c]::filters::header::header2::{closure#0}), [headers::common::sec_websocket_key::SecWebsocketKey, i8, Binder(extern "RustCall" fn((&ReBound(DebruijnIndex(0), BoundRegion { var: 0, kind: BrAnon }) mut warp::route::Route,)) - futures_util::future::Ready, [Region(BrAnon)]), ()]),)]), warp::filter::FilterFn futures_util::future::Ready, [Region(BrAnon)]), ()]), futures_util::future::Ready, i8, Binder(extern "RustCall" fn((&ReBound(DebruijnIndex(0), BoundRegion { var: 0, kind: BrAnon }) mut warp::route::Route,)) - futures_util::future::MapOk futures_util::future::Ready, [Region(BrAnon)]), ()]), futures_util::future::Ready, i32, Binder(extern "RustCall" fn((std::option::Option,)) - (std::option::Option,), []), ()]), [Region(BrAnon)]), (Closure(DefId(112:1530 ~ warp[975c]::filters::ws::on_upgrade::{closure#0}), [i8, Binder(extern "RustCall" fn((&ReBound(DebruijnIndex(0), BoundRegion { var: 0, kind: BrAnon }) mut warp::route::Route,)) - futures_util::future::Ready, [Region(BrAnon)]), ()]),)]), Closure(DefId(112:1503 ~ warp[975c]::filters::ws::ws::{closure#1}), [i8, Binder(extern "RustCall" fn((headers::common::sec_websocket_key::SecWebsocketKey, std::option::Option)) - warp::ws::Ws, []), ()]), warp::filter::map::Map tokio::sync::broadcast::Receiver, []), (tokio::sync::broadcast::Sender,)]), Closure(DefId(0:164 ~ mdbook[0db1]::cmd::serve::serve::{closure#0}::{closure#1}), [i8, Binder(extern "RustCall" fn((warp::ws::Ws, tokio::sync::broadcast::Receiver)) - warp::ws::WsReply Coroutine(DefId(0:166 ~ mdbook[0db1]::cmd::serve::serve::{closure#0}::{closure#1}::{closure#0}::{closure#0}), [std::future::ResumeTy, (), (), CoroutineWitness(DefId(0:166 ~ mdbook[0db1]::cmd::serve::serve::{closure#0}::{closure#1}::{closure#0}::{closure#0}), []), (warp::ws::WebSocket, tokio::sync::broadcast::Receiver)]), []), (tokio::sync::broadcast::Receiver,)]), []), ()]), warp::filter::and_then::AndThen &ReErased warp::http::Method, []), ()]),)]), warp::filter::and_then::AndThen, Closure(DefId(112:893 ~ warp[975c]::filters::fs::path_from_tail::{closure#0}), [i8, Binder(extern "RustCall" fn((warp::path::Tail,)) - futures_util::future::AndThen Coroutine(DefId(112:895 ~ warp[975c]::filters::fs::path_from_tail::{closure#0}::{closure#0}::{closure#0}), [std::future::ResumeTy, (), std::result::Result, CoroutineWitness(DefId(112:895 ~ warp[975c]::filters::fs::path_from_tail::{closure#0}::{closure#0}::{closure#0}), []), (std::path::PathBuf,)]), []), ()]), []), (std::sync::Arc,)]), warp::filter::map::Map futures_util::future::Ready, [Region(BrAnon)]), ()]),)]), warp::filter::FilterFn futures_util::future::Ready, [Region(BrAnon)]), ()]), futures_util::future::Ready, i8, Binder(extern "RustCall" fn((&ReBound(DebruijnIndex(0), BoundRegion { var: 0, kind: BrAnon }) mut warp::route::Route,)) - futures_util::future::MapOk futures_util::future::Ready, [Region(BrAnon)]), ()]), futures_util::future::Ready, i32, Binder(extern "RustCall" fn((std::option::Option,)) - (std::option::Option,), []), ()]), [Region(BrAnon)]), (Closure(DefId(112:977 ~ warp[975c]::filters::header::optional2::{closure#0}), [headers::common::if_unmodified_since::IfUnmodifiedSince, i8, Binder(extern "RustCall" fn((&ReBound(DebruijnIndex(0), BoundRegion { var: 0, kind: BrAnon }) mut warp::route::Route,)) - futures_util::future::Ready, [Region(BrAnon)]), ()]),)]), warp::filter::FilterFn futures_util::future::Ready, [Region(BrAnon)]), ()]), futures_util::future::Ready, i8, Binder(extern "RustCall" fn((&ReBound(DebruijnIndex(0), BoundRegion { var: 0, kind: BrAnon }) mut warp::route::Route,)) - futures_util::future::MapOk futures_util::future::Ready, [Region(BrAnon)]), ()]), futures_util::future::Ready, i32, Binder(extern "RustCall" fn((std::option::Option,)) - (std::option::Option,), []), ()]), [Region(BrAnon)]), (Closure(DefId(112:977 ~ warp[975c]::filters::header::optional2::{closure#0}), [headers::common::if_range::IfRange, i8, Binder(extern "RustCall" fn((&ReBound(DebruijnIndex(0), BoundRegion { var: 0, kind: BrAnon }) mut warp::route::Route,)) - futures_util::future::Ready, [Region(BrAnon)]), ()]),)]), warp::filter::FilterFn futures_util::future::Ready, [Region(BrAnon)]), ()]), futures_util::future::Ready, i8, Binder(extern "RustCall" fn((&ReBound(DebruijnIndex(0), BoundRegion { var: 0, kind: BrAnon }) mut warp::route::Route,)) - futures_util::future::MapOk futures_util::future::Ready, [Region(BrAnon)]), ()]), futures_util::future::Ready, i32, Binder(extern "RustCall" fn((std::option::Option,)) - (std::option::Option,), []), ()]), [Region(BrAnon)]), (Closure(DefId(112:977 ~ warp[975c]::filters::header::optional2::{closure#0}), [headers::common::range::Range, i8, Binder(extern "RustCall" fn((&ReBound(DebruijnIndex(0), BoundRegion { var: 0, kind: BrAnon }) mut warp::route::Route,)) - futures_util::future::Ready, [Region(BrAnon)]), ()]),)]), Closure(DefId(112:910 ~ warp[975c]::filters::fs::conditionals::{closure#0}), [i8, Binder(extern "RustCall" fn((std::option::Option, std::option::Option, std::option::Option, std::option::Option)) - warp::fs::Conditionals, []), ()]), FnDef(DefId(112:917 ~ warp[975c]::filters::fs::file_reply), []), warp::filter::map::Map futures_util::future::MapOk futures_util::future::Ready, [Region(BrAnon)]), ()]), futures_util::future::Ready, i32, Binder(extern "RustCall" fn((std::option::Option,)) - (std::option::Option,), []), ()]), [Region(BrAnon)]), (Closure(DefId(112:977 ~ warp[975c]::filters::header::optional2::{closure#0}), [headers::common::if_unmodified_since::IfUnmodifiedSince, i8, Binder(extern "RustCall" fn((&ReBound(DebruijnIndex(0), BoundRegion { var: 0, kind: BrAnon }) mut warp::route::Route,)) - futures_util::future::Ready, [Region(BrAnon)]), ()]),)]), warp::filter::FilterFn futures_util::future::Ready, [Region(BrAnon)]), ()]), futures_util::future::Ready, i8, Binder(extern "RustCall" fn((&ReBound(DebruijnIndex(0), BoundRegion { var: 0, kind: BrAnon }) mut warp::route::Route,)) - futures_util::future::MapOk futures_util::future::Ready, [Region(BrAnon)]), ()]), futures_util::future::Ready, i32, Binder(extern "RustCall" fn((std::option::Option,)) - (std::option::Option,), []), ()]), [Region(BrAnon)]), (Closure(DefId(112:977 ~ warp[975c]::filters::header::optional2::{closure#0}), [headers::common::if_range::IfRange, i8, Binder(extern "RustCall" fn((&ReBound(DebruijnIndex(0), BoundRegion { var: 0, kind: BrAnon }) mut warp::route::Route,)) - futures_util::future::Ready, [Region(BrAnon)]), ()]),)]), warp::filter::FilterFn futures_util::future::Ready, [Region(BrAnon)]), ()]), futures_util::future::Ready, i8, Binder(extern "RustCall" fn((&ReBound(DebruijnIndex(0), BoundRegion { var: 0, kind: BrAnon }) mut warp::route::Route,)) - futures_util::future::MapOk futures_util::future::Ready, [Region(BrAnon)]), ()]), futures_util::future::Ready, i32, Binder(extern "RustCall" fn((std::option::Option,)) - (std::option::Option,), []), ()]), [Region(BrAnon)]), (Closure(DefId(112:977 ~ warp[975c]::filters::header::optional2::{closure#0}), [headers::common::range::Range, i8, Binder(extern "RustCall" fn((&ReBound(DebruijnIndex(0), BoundRegion { var: 0, kind: BrAnon }) mut warp::route::Route,)) - futures_util::future::Ready, [Region(BrAnon)]), ()]),)]), Closure(DefId(112:910 ~ warp[975c]::filters::fs::conditionals::{closure#0}), [i8, Binder(extern "RustCall" fn((std::option::Option, std::option::Option, std::option::Option, std::option::Option)) - warp::fs::Conditionals, []), ()]), FnDef(DefId(112:917 ~ warp[975c]::filters::fs::file_reply), []), Closure(DefId(0:167 ~ mdbook[0db1]::cmd::serve::serve::{closure#0}::{closure#2}), [i8, Binder(extern "RustCall" fn((warp::fs::File,)) - warp::reply::WithStatus, []), ()]), std::option::Option)]), warp::hyper::Body, std::convert::Infallible, warp::hyper::service::util::ServiceFn, warp::filter::FilterFn futures_util::future::Ready, [Region(BrAnon)]), (&ReErased str, &ReErased str)]), warp::filter::FilterFn futures_util::future::Ready, [Region(BrAnon)]), ()]), futures_util::future::Ready, i8, Binder(extern "RustCall" fn((&ReBound(DebruijnIndex(0), BoundRegion { var: 0, kind: BrAnon }) mut warp::route::Route,)) - futures_util::future::MapOk futures_util::future::Ready, [Region(BrAnon)]), ()]), futures_util::future::Ready, i32, Binder(extern "RustCall" fn((headers::common::sec_websocket_key::SecWebsocketKey,)) - (headers::common::sec_websocket_key::SecWebsocketKey,), []), ()]), [Region(BrAnon)]), (Closure(DefId(112:967 ~ warp[975c]::filters::header::header2::{closure#0}), [headers::common::sec_websocket_key::SecWebsocketKey, i8, Binder(extern "RustCall" fn((&ReBound(DebruijnIndex(0), BoundRegion { var: 0, kind: BrAnon }) mut warp::route::Route,)) - futures_util::future::Ready, [Region(BrAnon)]), ()]),)]), warp::filter::FilterFn futures_util::future::Ready, [Region(BrAnon)]), ()]), futures_util::future::Ready, i8, Binder(extern "RustCall" fn((&ReBound(DebruijnIndex(0), BoundRegion { var: 0, kind: BrAnon }) mut warp::route::Route,)) - futures_util::future::MapOk futures_util::future::Ready, [Region(BrAnon)]), ()]), futures_util::future::Ready, i32, Binder(extern "RustCall" fn((std::option::Option,)) - (std::option::Option,), []), ()]), [Region(BrAnon)]), (Closure(DefId(112:1530 ~ warp[975c]::filters::ws::on_upgrade::{closure#0}), [i8, Binder(extern "RustCall" fn((&ReBound(DebruijnIndex(0), BoundRegion { var: 0, kind: BrAnon }) mut warp::route::Route,)) - futures_util::future::Ready, [Region(BrAnon)]), ()]),)]), Closure(DefId(112:1503 ~ warp[975c]::filters::ws::ws::{closure#1}), [i8, Binder(extern "RustCall" fn((headers::common::sec_websocket_key::SecWebsocketKey, std::option::Option)) - warp::ws::Ws, []), ()]), warp::filter::map::Map tokio::sync::broadcast::Receiver, []), (tokio::sync::broadcast::Sender,)]), Closure(DefId(0:164 ~ mdbook[0db1]::cmd::serve::serve::{closure#0}::{closure#1}), [i8, Binder(extern "RustCall" fn((warp::ws::Ws, tokio::sync::broadcast::Receiver)) - warp::ws::WsReply Coroutine(DefId(0:166 ~ mdbook[0db1]::cmd::serve::serve::{closure#0}::{closure#1}::{closure#0}::{closure#0}), [std::future::ResumeTy, (), (), CoroutineWitness(DefId(0:166 ~ mdbook[0db1]::cmd::serve::serve::{closure#0}::{closure#1}::{closure#0}::{closure#0}), []), (warp::ws::WebSocket, tokio::sync::broadcast::Receiver)]), []), (tokio::sync::broadcast::Receiver,)]), []), ()]), warp::filter::and_then::AndThen &ReErased warp::http::Method, []), ()]),)]), warp::filter::and_then::AndThen, Closure(DefId(112:893 ~ warp[975c]::filters::fs::path_from_tail::{closure#0}), [i8, Binder(extern "RustCall" fn((warp::path::Tail,)) - futures_util::future::AndThen Coroutine(DefId(112:895 ~ warp[975c]::filters::fs::path_from_tail::{closure#0}::{closure#0}::{closure#0}), [std::future::ResumeTy, (), std::result::Result, CoroutineWitness(DefId(112:895 ~ warp[975c]::filters::fs::path_from_tail::{closure#0}::{closure#0}::{closure#0}), []), (std::path::PathBuf,)]), []), ()]), []), (std::sync::Arc,)]), warp::filter::map::Map futures_util::future::Ready, [Region(BrAnon)]), ()]),)]), warp::filter::FilterFn futures_util::future::Ready, [Region(BrAnon)]), ()]), futures_util::future::Ready, i8, Binder(extern "RustCall" fn((&ReBound(DebruijnIndex(0), BoundRegion { var: 0, kind: BrAnon }) mut warp::route::Route,)) - futures_util::future::MapOk futures_util::future::Ready, [Region(BrAnon)]), ()]), futures_util::future::Ready, i32, Binder(extern "RustCall" fn((std::option::Option,)) - (std::option::Option,), []), ()]), [Region(BrAnon)]), (Closure(DefId(112:977 ~ warp[975c]::filters::header::optional2::{closure#0}), [headers::common::if_unmodified_since::IfUnmodifiedSince, i8, Binder(extern "RustCall" fn((&ReBound(DebruijnIndex(0), BoundRegion { var: 0, kind: BrAnon }) mut warp::route::Route,)) - futures_util::future::Ready, [Region(BrAnon)]), ()]),)]), warp::filter::FilterFn futures_util::future::Ready, [Region(BrAnon)]), ()]), futures_util::future::Ready, i8, Binder(extern "RustCall" fn((&ReBound(DebruijnIndex(0), BoundRegion { var: 0, kind: BrAnon }) mut warp::route::Route,)) - futures_util::future::MapOk futures_util::future::Ready, [Region(BrAnon)]), ()]), futures_util::future::Ready, i32, Binder(extern "RustCall" fn((std::option::Option,)) - (std::option::Option,), []), ()]), [Region(BrAnon)]), (Closure(DefId(112:977 ~ warp[975c]::filters::header::optional2::{closure#0}), [headers::common::if_range::IfRange, i8, Binder(extern "RustCall" fn((&ReBound(DebruijnIndex(0), BoundRegion { var: 0, kind: BrAnon }) mut warp::route::Route,)) - futures_util::future::Ready, [Region(BrAnon)]), ()]),)]), warp::filter::FilterFn futures_util::future::Ready, [Region(BrAnon)]), ()]), futures_util::future::Ready, i8, Binder(extern "RustCall" fn((&ReBound(DebruijnIndex(0), BoundRegion { var: 0, kind: BrAnon }) mut warp::route::Route,)) - futures_util::future::MapOk futures_util::future::Ready, [Region(BrAnon)]), ()]), futures_util::future::Ready, i32, Binder(extern "RustCall" fn((std::option::Option,)) - (std::option::Option,), []), ()]), [Region(BrAnon)]), (Closure(DefId(112:977 ~ warp[975c]::filters::header::optional2::{closure#0}), [headers::common::range::Range, i8, Binder(extern "RustCall" fn((&ReBound(DebruijnIndex(0), BoundRegion { var: 0, kind: BrAnon }) mut warp::route::Route,)) - futures_util::future::Ready, [Region(BrAnon)]), ()]),)]), Closure(DefId(112:910 ~ warp[975c]::filters::fs::conditionals::{closure#0}), [i8, Binder(extern "RustCall" fn((std::option::Option, std::option::Option, std::option::Option, std::option::Option)) - warp::fs::Conditionals, []), ()]), FnDef(DefId(112:917 ~ warp[975c]::filters::fs::file_reply), []), warp::filter::map::Map futures_util::future::MapOk futures_util::future::Ready, [Region(BrAnon)]), ()]), futures_util::future::Ready, i32, Binder(extern "RustCall" fn((std::option::Option,)) - (std::option::Option,), []), ()]), [Region(BrAnon)]), (Closure(DefId(112:977 ~ warp[975c]::filters::header::optional2::{closure#0}), [headers::common::if_unmodified_since::IfUnmodifiedSince, i8, Binder(extern "RustCall" fn((&ReBound(DebruijnIndex(0), BoundRegion { var: 0, kind: BrAnon }) mut warp::route::Route,)) - futures_util::future::Ready, [Region(BrAnon)]), ()]),)]), warp::filter::FilterFn futures_util::future::Ready, [Region(BrAnon)]), ()]), futures_util::future::Ready, i8, Binder(extern "RustCall" fn((&ReBound(DebruijnIndex(0), BoundRegion { var: 0, kind: BrAnon }) mut warp::route::Route,)) - futures_util::future::MapOk futures_util::future::Ready, [Region(BrAnon)]), ()]), futures_util::future::Ready, i32, Binder(extern "RustCall" fn((std::option::Option,)) - (std::option::Option,), []), ()]), [Region(BrAnon)]), (Closure(DefId(112:977 ~ warp[975c]::filters::header::optional2::{closure#0}), [headers::common::if_range::IfRange, i8, Binder(extern "RustCall" fn((&ReBound(DebruijnIndex(0), BoundRegion { var: 0, kind: BrAnon }) mut warp::route::Route,)) - futures_util::future::Ready, [Region(BrAnon)]), ()]),)]), warp::filter::FilterFn futures_util::future::Ready, [Region(BrAnon)]), ()]), futures_util::future::Ready, i8, Binder(extern "RustCall" fn((&ReBound(DebruijnIndex(0), BoundRegion { var: 0, kind: BrAnon }) mut warp::route::Route,)) - futures_util::future::MapOk futures_util::future::Ready, [Region(BrAnon)]), ()]), futures_util::future::Ready, i32, Binder(extern "RustCall" fn((std::option::Option,)) - (std::option::Option,), []), ()]), [Region(BrAnon)]), (Closure(DefId(112:977 ~ warp[975c]::filters::header::optional2::{closure#0}), [headers::common::range::Range, i8, Binder(extern "RustCall" fn((&ReBound(DebruijnIndex(0), BoundRegion { var: 0, kind: BrAnon }) mut warp::route::Route,)) - futures_util::future::Ready, [Region(BrAnon)]), ()]),)]), Closure(DefId(112:910 ~ warp[975c]::filters::fs::conditionals::{closure#0}), [i8, Binder(extern "RustCall" fn((std::option::Option, std::option::Option, std::option::Option, std::option::Option)) - warp::fs::Conditionals, []), ()]), FnDef(DefId(112:917 ~ warp[975c]::filters::fs::file_reply), []), Closure(DefId(0:167 ~ mdbook[0db1]::cmd::serve::serve::{closure#0}::{closure#2}), [i8, Binder(extern "RustCall" fn((warp::fs::File,)) - warp::reply::WithStatus, []), ()]), std::net::SocketAddr, i16, Binder(extern "RustCall" fn((warp::http::Request,)) - warp::filter::service::FilteredFuture, warp::filter::FilterFn futures_util::future::Ready, [Region(BrAnon)]), (&ReErased str, &ReErased str)]), warp::filter::FilterFn futures_util::future::Ready, [Region(BrAnon)]), ()]), futures_util::future::Ready, i8, Binder(extern "RustCall" fn((&ReBound(DebruijnIndex(0), BoundRegion { var: 0, kind: BrAnon }) mut warp::route::Route,)) - futures_util::future::MapOk futures_util::future::Ready, [Region(BrAnon)]), ()]), futures_util::future::Ready, i32, Binder(extern "RustCall" fn((headers::common::sec_websocket_key::SecWebsocketKey,)) - (headers::common::sec_websocket_key::SecWebsocketKey,), []), ()]), [Region(BrAnon)]), (Closure(DefId(112:967 ~ warp[975c]::filters::header::header2::{closure#0}), [headers::common::sec_websocket_key::SecWebsocketKey, i8, Binder(extern "RustCall" fn((&ReBound(DebruijnIndex(0), BoundRegion { var: 0, kind: BrAnon }) mut warp::route::Route,)) - futures_util::future::Ready, [Region(BrAnon)]), ()]),)]), warp::filter::FilterFn futures_util::future::Ready, [Region(BrAnon)]), ()]), futures_util::future::Ready, i8, Binder(extern "RustCall" fn((&ReBound(DebruijnIndex(0), BoundRegion { var: 0, kind: BrAnon }) mut warp::route::Route,)) - futures_util::future::MapOk futures_util::future::Ready, [Region(BrAnon)]), ()]), futures_util::future::Ready, i32, Binder(extern "RustCall" fn((std::option::Option,)) - (std::option::Option,), []), ()]), [Region(BrAnon)]), (Closure(DefId(112:1530 ~ warp[975c]::filters::ws::on_upgrade::{closure#0}), [i8, Binder(extern "RustCall" fn((&ReBound(DebruijnIndex(0), BoundRegion { var: 0, kind: BrAnon }) mut warp::route::Route,)) - futures_util::future::Ready, [Region(BrAnon)]), ()]),)]), Closure(DefId(112:1503 ~ warp[975c]::filters::ws::ws::{closure#1}), [i8, Binder(extern "RustCall" fn((headers::common::sec_websocket_key::SecWebsocketKey, std::option::Option)) - warp::ws::Ws, []), ()]), warp::filter::map::Map tokio::sync::broadcast::Receiver, []), (tokio::sync::broadcast::Sender,)]), Closure(DefId(0:164 ~ mdbook[0db1]::cmd::serve::serve::{closure#0}::{closure#1}), [i8, Binder(extern "RustCall" fn((warp::ws::Ws, tokio::sync::broadcast::Receiver)) - warp::ws::WsReply Coroutine(DefId(0:166 ~ mdbook[0db1]::cmd::serve::serve::{closure#0}::{closure#1}::{closure#0}::{closure#0}), [std::future::ResumeTy, (), (), CoroutineWitness(DefId(0:166 ~ mdbook[0db1]::cmd::serve::serve::{closure#0}::{closure#1}::{closure#0}::{closure#0}), []), (warp::ws::WebSocket, tokio::sync::broadcast::Receiver)]), []), (tokio::sync::broadcast::Receiver,)]), []), ()]), warp::filter::and_then::AndThen &ReErased warp::http::Method, []), ()]),)]), warp::filter::and_then::AndThen, Closure(DefId(112:893 ~ warp[975c]::filters::fs::path_from_tail::{closure#0}), [i8, Binder(extern "RustCall" fn((warp::path::Tail,)) - futures_util::future::AndThen Coroutine(DefId(112:895 ~ warp[975c]::filters::fs::path_from_tail::{closure#0}::{closure#0}::{closure#0}), [std::future::ResumeTy, (), std::result::Result, CoroutineWitness(DefId(112:895 ~ warp[975c]::filters::fs::path_from_tail::{closure#0}::{closure#0}::{closure#0}), []), (std::path::PathBuf,)]), []), ()]), []), (std::sync::Arc,)]), warp::filter::map::Map futures_util::future::Ready, [Region(BrAnon)]), ()]),)]), warp::filter::FilterFn futures_util::future::Ready, [Region(BrAnon)]), ()]), futures_util::future::Ready, i8, Binder(extern "RustCall" fn((&ReBound(DebruijnIndex(0), BoundRegion { var: 0, kind: BrAnon }) mut warp::route::Route,)) - futures_util::future::MapOk futures_util::future::Ready, [Region(BrAnon)]), ()]), futures_util::future::Ready, i32, Binder(extern "RustCall" fn((std::option::Option,)) - (std::option::Option,), []), ()]), [Region(BrAnon)]), (Closure(DefId(112:977 ~ warp[975c]::filters::header::optional2::{closure#0}), [headers::common::if_unmodified_since::IfUnmodifiedSince, i8, Binder(extern "RustCall" fn((&ReBound(DebruijnIndex(0), BoundRegion { var: 0, kind: BrAnon }) mut warp::route::Route,)) - futures_util::future::Ready, [Region(BrAnon)]), ()]),)]), warp::filter::FilterFn futures_util::future::Ready, [Region(BrAnon)]), ()]), futures_util::future::Ready, i8, Binder(extern "RustCall" fn((&ReBound(DebruijnIndex(0), BoundRegion { var: 0, kind: BrAnon }) mut warp::route::Route,)) - futures_util::future::MapOk futures_util::future::Ready, [Region(BrAnon)]), ()]), futures_util::future::Ready, i32, Binder(extern "RustCall" fn((std::option::Option,)) - (std::option::Option,), []), ()]), [Region(BrAnon)]), (Closure(DefId(112:977 ~ warp[975c]::filters::header::optional2::{closure#0}), [headers::common::if_range::IfRange, i8, Binder(extern "RustCall" fn((&ReBound(DebruijnIndex(0), BoundRegion { var: 0, kind: BrAnon }) mut warp::route::Route,)) - futures_util::future::Ready, [Region(BrAnon)]), ()]),)]), warp::filter::FilterFn futures_util::future::Ready, [Region(BrAnon)]), ()]), futures_util::future::Ready, i8, Binder(extern "RustCall" fn((&ReBound(DebruijnIndex(0), BoundRegion { var: 0, kind: BrAnon }) mut warp::route::Route,)) - futures_util::future::MapOk futures_util::future::Ready, [Region(BrAnon)]), ()]), futures_util::future::Ready, i32, Binder(extern "RustCall" fn((std::option::Option,)) - (std::option::Option,), []), ()]), [Region(BrAnon)]), (Closure(DefId(112:977 ~ warp[975c]::filters::header::optional2::{closure#0}), [headers::common::range::Range, i8, Binder(extern "RustCall" fn((&ReBound(DebruijnIndex(0), BoundRegion { var: 0, kind: BrAnon }) mut warp::route::Route,)) - futures_util::future::Ready, [Region(BrAnon)]), ()]),)]), Closure(DefId(112:910 ~ warp[975c]::filters::fs::conditionals::{closure#0}), [i8, Binder(extern "RustCall" fn((std::option::Option, std::option::Option, std::option::Option, std::option::Option)) - warp::fs::Conditionals, []), ()]), FnDef(DefId(112:917 ~ warp[975c]::filters::fs::file_reply), []), warp::filter::map::Map futures_util::future::MapOk futures_util::future::Ready, [Region(BrAnon)]), ()]), futures_util::future::Ready, i32, Binder(extern "RustCall" fn((std::option::Option,)) - (std::option::Option,), []), ()]), [Region(BrAnon)]), (Closure(DefId(112:977 ~ warp[975c]::filters::header::optional2::{closure#0}), [headers::common::if_unmodified_since::IfUnmodifiedSince, i8, Binder(extern "RustCall" fn((&ReBound(DebruijnIndex(0), BoundRegion { var: 0, kind: BrAnon }) mut warp::route::Route,)) - futures_util::future::Ready, [Region(BrAnon)]), ()]),)]), warp::filter::FilterFn futures_util::future::Ready, [Region(BrAnon)]), ()]), futures_util::future::Ready, i8, Binder(extern "RustCall" fn((&ReBound(DebruijnIndex(0), BoundRegion { var: 0, kind: BrAnon }) mut warp::route::Route,)) - futures_util::future::MapOk futures_util::future::Ready, [Region(BrAnon)]), ()]), futures_util::future::Ready, i32, Binder(extern "RustCall" fn((std::option::Option,)) - (std::option::Option,), []), ()]), [Region(BrAnon)]), (Closure(DefId(112:977 ~ warp[975c]::filters::header::optional2::{closure#0}), [headers::common::if_range::IfRange, i8, Binder(extern "RustCall" fn((&ReBound(DebruijnIndex(0), BoundRegion { var: 0, kind: BrAnon }) mut warp::route::Route,)) - futures_util::future::Ready, [Region(BrAnon)]), ()]),)]), warp::filter::FilterFn futures_util::future::Ready, [Region(BrAnon)]), ()]), futures_util::future::Ready, i8, Binder(extern "RustCall" fn((&ReBound(DebruijnIndex(0), BoundRegion { var: 0, kind: BrAnon }) mut warp::route::Route,)) - futures_util::future::MapOk futures_util::future::Ready, [Region(BrAnon)]), ()]), futures_util::future::Ready, i32, Binder(extern "RustCall" fn((std::option::Option,)) - (std::option::Option,), []), ()]), [Region(BrAnon)]), (Closure(DefId(112:977 ~ warp[975c]::filters::header::optional2::{closure#0}), [headers::common::range::Range, i8, Binder(extern "RustCall" fn((&ReBound(DebruijnIndex(0), BoundRegion { var: 0, kind: BrAnon }) mut warp::route::Route,)) - futures_util::future::Ready, [Region(BrAnon)]), ()]),)]), Closure(DefId(112:910 ~ warp[975c]::filters::fs::conditionals::{closure#0}), [i8, Binder(extern "RustCall" fn((std::option::Option, std::option::Option, std::option::Option, std::option::Option)) - warp::fs::Conditionals, []), ()]), FnDef(DefId(112:917 ~ warp[975c]::filters::fs::file_reply), []), Closure(DefId(0:167 ~ mdbook[0db1]::cmd::serve::serve::{closure#0}::{closure#2}), [i8, Binder(extern "RustCall" fn((warp::fs::File,)) - warp::reply::WithStatus, []), ()]), []), (warp::filter::service::FilteredService, warp::filter::FilterFn futures_util::future::Ready, [Region(BrAnon)]), (&ReErased str, &ReErased str)]), warp::filter::FilterFn futures_util::future::Ready, [Region(BrAnon)]), ()]), futures_util::future::Ready, i8, Binder(extern "RustCall" fn((&ReBound(DebruijnIndex(0), BoundRegion { var: 0, kind: BrAnon }) mut warp::route::Route,)) - futures_util::future::MapOk futures_util::future::Ready, [Region(BrAnon)]), ()]), futures_util::future::Ready, i32, Binder(extern "RustCall" fn((headers::common::sec_websocket_key::SecWebsocketKey,)) - (headers::common::sec_websocket_key::SecWebsocketKey,), []), ()]), [Region(BrAnon)]), (Closure(DefId(112:967 ~ warp[975c]::filters::header::header2::{closure#0}), [headers::common::sec_websocket_key::SecWebsocketKey, i8, Binder(extern "RustCall" fn((&ReBound(DebruijnIndex(0), BoundRegion { var: 0, kind: BrAnon }) mut warp::route::Route,)) - futures_util::future::Ready, [Region(BrAnon)]), ()]),)]), warp::filter::FilterFn futures_util::future::Ready, [Region(BrAnon)]), ()]), futures_util::future::Ready, i8, Binder(extern "RustCall" fn((&ReBound(DebruijnIndex(0), BoundRegion { var: 0, kind: BrAnon }) mut warp::route::Route,)) - futures_util::future::MapOk futures_util::future::Ready, [Region(BrAnon)]), ()]), futures_util::future::Ready, i32, Binder(extern "RustCall" fn((std::option::Option,)) - (std::option::Option,), []), ()]), [Region(BrAnon)]), (Closure(DefId(112:1530 ~ warp[975c]::filters::ws::on_upgrade::{closure#0}), [i8, Binder(extern "RustCall" fn((&ReBound(DebruijnIndex(0), BoundRegion { var: 0, kind: BrAnon }) mut warp::route::Route,)) - futures_util::future::Ready, [Region(BrAnon)]), ()]),)]), Closure(DefId(112:1503 ~ warp[975c]::filters::ws::ws::{closure#1}), [i8, Binder(extern "RustCall" fn((headers::common::sec_websocket_key::SecWebsocketKey, std::option::Option)) - warp::ws::Ws, []), ()]), warp::filter::map::Map tokio::sync::broadcast::Receiver, []), (tokio::sync::broadcast::Sender,)]), Closure(DefId(0:164 ~ mdbook[0db1]::cmd::serve::serve::{closure#0}::{closure#1}), [i8, Binder(extern "RustCall" fn((warp::ws::Ws, tokio::sync::broadcast::Receiver)) - warp::ws::WsReply Coroutine(DefId(0:166 ~ mdbook[0db1]::cmd::serve::serve::{closure#0}::{closure#1}::{closure#0}::{closure#0}), [std::future::ResumeTy, (), (), CoroutineWitness(DefId(0:166 ~ mdbook[0db1]::cmd::serve::serve::{closure#0}::{closure#1}::{closure#0}::{closure#0}), []), (warp::ws::WebSocket, tokio::sync::broadcast::Receiver)]), []), (tokio::sync::broadcast::Receiver,)]), []), ()]), warp::filter::and_then::AndThen &ReErased warp::http::Method, []), ()]),)]), warp::filter::and_then::AndThen, Closure(DefId(112:893 ~ warp[975c]::filters::fs::path_from_tail::{closure#0}), [i8, Binder(extern "RustCall" fn((warp::path::Tail,)) - futures_util::future::AndThen Coroutine(DefId(112:895 ~ warp[975c]::filters::fs::path_from_tail::{closure#0}::{closure#0}::{closure#0}), [std::future::ResumeTy, (), std::result::Result, CoroutineWitness(DefId(112:895 ~ warp[975c]::filters::fs::path_from_tail::{closure#0}::{closure#0}::{closure#0}), []), (std::path::PathBuf,)]), []), ()]), []), (std::sync::Arc,)]), warp::filter::map::Map futures_util::future::Ready, [Region(BrAnon)]), ()]),)]), warp::filter::FilterFn futures_util::future::Ready, [Region(BrAnon)]), ()]), futures_util::future::Ready, i8, Binder(extern "RustCall" fn((&ReBound(DebruijnIndex(0), BoundRegion { var: 0, kind: BrAnon }) mut warp::route::Route,)) - futures_util::future::MapOk futures_util::future::Ready, [Region(BrAnon)]), ()]), futures_util::future::Ready, i32, Binder(extern "RustCall" fn((std::option::Option,)) - (std::option::Option,), []), ()]), [Region(BrAnon)]), (Closure(DefId(112:977 ~ warp[975c]::filters::header::optional2::{closure#0}), [headers::common::if_unmodified_since::IfUnmodifiedSince, i8, Binder(extern "RustCall" fn((&ReBound(DebruijnIndex(0), BoundRegion { var: 0, kind: BrAnon }) mut warp::route::Route,)) - futures_util::future::Ready, [Region(BrAnon)]), ()]),)]), warp::filter::FilterFn futures_util::future::Ready, [Region(BrAnon)]), ()]), futures_util::future::Ready, i8, Binder(extern "RustCall" fn((&ReBound(DebruijnIndex(0), BoundRegion { var: 0, kind: BrAnon }) mut warp::route::Route,)) - futures_util::future::MapOk futures_util::future::Ready, [Region(BrAnon)]), ()]), futures_util::future::Ready, i32, Binder(extern "RustCall" fn((std::option::Option,)) - (std::option::Option,), []), ()]), [Region(BrAnon)]), (Closure(DefId(112:977 ~ warp[975c]::filters::header::optional2::{closure#0}), [headers::common::if_range::IfRange, i8, Binder(extern "RustCall" fn((&ReBound(DebruijnIndex(0), BoundRegion { var: 0, kind: BrAnon }) mut warp::route::Route,)) - futures_util::future::Ready, [Region(BrAnon)]), ()]),)]), warp::filter::FilterFn futures_util::future::Ready, [Region(BrAnon)]), ()]), futures_util::future::Ready, i8, Binder(extern "RustCall" fn((&ReBound(DebruijnIndex(0), BoundRegion { var: 0, kind: BrAnon }) mut warp::route::Route,)) - futures_util::future::MapOk futures_util::future::Ready, [Region(BrAnon)]), ()]), futures_util::future::Ready, i32, Binder(extern "RustCall" fn((std::option::Option,)) - (std::option::Option,), []), ()]), [Region(BrAnon)]), (Closure(DefId(112:977 ~ warp[975c]::filters::header::optional2::{closure#0}), [headers::common::range::Range, i8, Binder(extern "RustCall" fn((&ReBound(DebruijnIndex(0), BoundRegion { var: 0, kind: BrAnon }) mut warp::route::Route,)) - futures_util::future::Ready, [Region(BrAnon)]), ()]),)]), Closure(DefId(112:910 ~ warp[975c]::filters::fs::conditionals::{closure#0}), [i8, Binder(extern "RustCall" fn((std::option::Option, std::option::Option, std::option::Option, std::option::Option)) - warp::fs::Conditionals, []), ()]), FnDef(DefId(112:917 ~ warp[975c]::filters::fs::file_reply), []), warp::filter::map::Map futures_util::future::MapOk futures_util::future::Ready, [Region(BrAnon)]), ()]), futures_util::future::Ready, i32, Binder(extern "RustCall" fn((std::option::Option,)) - (std::option::Option,), []), ()]), [Region(BrAnon)]), (Closure(DefId(112:977 ~ warp[975c]::filters::header::optional2::{closure#0}), [headers::common::if_unmodified_since::IfUnmodifiedSince, i8, Binder(extern "RustCall" fn((&ReBound(DebruijnIndex(0), BoundRegion { var: 0, kind: BrAnon }) mut warp::route::Route,)) - futures_util::future::Ready, [Region(BrAnon)]), ()]),)]), warp::filter::FilterFn futures_util::future::Ready, [Region(BrAnon)]), ()]), futures_util::future::Ready, i8, Binder(extern "RustCall" fn((&ReBound(DebruijnIndex(0), BoundRegion { var: 0, kind: BrAnon }) mut warp::route::Route,)) - futures_util::future::MapOk futures_util::future::Ready, [Region(BrAnon)]), ()]), futures_util::future::Ready, i32, Binder(extern "RustCall" fn((std::option::Option,)) - (std::option::Option,), []), ()]), [Region(BrAnon)]), (Closure(DefId(112:977 ~ warp[975c]::filters::header::optional2::{closure#0}), [headers::common::if_range::IfRange, i8, Binder(extern "RustCall" fn((&ReBound(DebruijnIndex(0), BoundRegion { var: 0, kind: BrAnon }) mut warp::route::Route,)) - futures_util::future::Ready, [Region(BrAnon)]), ()]),)]), warp::filter::FilterFn futures_util::future::Ready, [Region(BrAnon)]), ()]), futures_util::future::Ready, i8, Binder(extern "RustCall" fn((&ReBound(DebruijnIndex(0), BoundRegion { var: 0, kind: BrAnon }) mut warp::route::Route,)) - futures_util::future::MapOk futures_util::future::Ready, [Region(BrAnon)]), ()]), futures_util::future::Ready, i32, Binder(extern "RustCall" fn((std::option::Option,)) - (std::option::Option,), []), ()]), [Region(BrAnon)]), (Closure(DefId(112:977 ~ warp[975c]::filters::header::optional2::{closure#0}), [headers::common::range::Range, i8, Binder(extern "RustCall" fn((&ReBound(DebruijnIndex(0), BoundRegion { var: 0, kind: BrAnon }) mut warp::route::Route,)) - futures_util::future::Ready, [Region(BrAnon)]), ()]),)]), Closure(DefId(112:910 ~ warp[975c]::filters::fs::conditionals::{closure#0}), [i8, Binder(extern "RustCall" fn((std::option::Option, std::option::Option, std::option::Option, std::option::Option)) - warp::fs::Conditionals, []), ()]), FnDef(DefId(112:917 ~ warp[975c]::filters::fs::file_reply), []), Closure(DefId(0:167 ~ mdbook[0db1]::cmd::serve::serve::{closure#0}::{closure#2}), [i8, Binder(extern "RustCall" fn((warp::fs::File,)) - warp::reply::WithStatus, []), ()]), std::option::Option)]), warp::hyper::Body, warp::hyper::common::exec::Exec, warp::hyper::server::server::NoopWatcher, std::sync::Arc
4	4	4	1	tokio::runtime::scheduler::multi_thread::worker::{impl#7}::as_mut
4	4	4	1	walkdir::dent::{impl#0}::path
4	4	3	4	std::collections::hash::map::{impl#2}::entry
4	1	1	1	zoxide::shell::{impl#24}::deref
4	1	1	1	zoxide::shell::{impl#8}::deref
4	1	1	1	wasmtime_environ::fact::trampoline::{impl#0}::string_copy
4	1	1	1	alloc::vec::drain::{impl#5}::next
4	1	1	1	rustix::backend::vdso::{impl#0}::addr_from_elf
4	4	1	1	wasmtime_environ::component::types::{impl#417}::index
4	1	1	1	cranelift_codegen::isa::x64::inst::args::{impl#59}::from
4	1	1	1	regex_automata::nfa::thompson::compiler::{impl#2}::add_union
4	2	1	1	wasmparser::validator::types::{impl#50}::deref_mut
4	3	1	1	wasmtime::runtime::types::{impl#25}::params
4	1	1	1	wast::core::resolve::deinline_import_export::export
4	1	1	1	gimli::write::line::{impl#37}::deref
4	1	1	1	cranelift_codegen::isa::x64::inst::args::{impl#88}::from
4	3	1	1	wasmtime::engine::{impl#3}::signatures
4	2	1	1	wasmparser::readers::core::types::{impl#12}::unwrap_func
4	2	1	1	wasmtime_environ::component::types_builder::{impl#1}::resources_mut
4	2	1	1	cranelift_codegen::ir::instructions::{impl#0}::display
4	2	1	1	cranelift_codegen::cursor::{impl#1}::layout_mut
4	2	1	1	cranelift_codegen::isa::x64::inst::emit_state::{impl#0}::frame_layout
4	4	2	1	winnow::error::{impl#26}::or
4	4	4	3	alloc::boxed::{impl#56}::as_ref
4	4	1	4	core::iter::traits::collect::{impl#0}::into_iter, i16, Binder(extern "RustCall" fn((std::option::Option,)) - std::option::Option, []), (&ReErased wasmtime_environ::component::types_builder::ComponentTypesBuilder,)])
4	4	1	4	smallvec::{impl#6}::next
4	4	4	1	regex_automata::dense_imp::{impl#13}::states
4	4	4	1	regex_automata::dense_imp::{impl#17}::next
4	4	2	4	core::result::{impl#0}::expect
4	4	4	1	regex_automata::nfa::compiler::{impl#4}::new
4	4	4	2	std::collections::hash::map::{impl#77}::get_mut
4	4	4	1	regex_automata::nfa::{impl#0}::state
4	3	2	2	std::io::buffered::bufreader::{impl#1}::get_ref
4	2	2	1	url::{impl#1}::host
4	4	2	2	ureq::unit::{impl#1}::write_header
4	1	1	1	env_logger::fmt::style::{impl#0}::set_color
4	1	1	1	wayland_commons::wire::{impl#6}::write_to_buffers::write_buf
4	4	2	1	reqwest::error::{impl#3}::source
4	2	2	1	reqwest::proxy::{impl#13}::scheme
4	2	2	2	http_body::Body::data
4	4	2	2	shellexpand::strings::{impl#1}::into_ocow
4	4	2	1	http::byte_str::{impl#1}::deref
4	3	3	1	core::str::converts::from_utf8_unchecked
4	4	4	1	itoa::{impl#19}::write
4	3	2	1	core::slice::{impl#0}::chunks
4	2	1	1	lz4_flex::sink::Sink::pos_mut_ptr
4	3	1	1	pest::iterators::pair::{impl#0}::into_inner
4	3	1	1	tokenizers::tokenizer::normalizer::{impl#1}::get
4	3	1	1	tokenizers::tokenizer::encoding::{impl#0}::get_type_ids
4	4	2	3	tokio::sync::mpsc::chan::{impl#6}::semaphore
4	3	2	3	core::borrow::{impl#2}::borrow
4	4	2	2	ring::arithmetic::bigint::{impl#5}::oneRR
4	4	2	2	ring::arithmetic::bigint::{impl#13}::as_ref
4	4	1	1	serde_value::de::{impl#10}::new
4	1	1	1	tonic_reflection::server::{impl#3}::with_service_name
4	2	1	2	tokio::runtime::task::harness::{impl#0}::core Coroutine(DefId(160:5195 ~ collection[3b85]::shards::transfer::driver::spawn_transfer_task::{closure#0}::{closure#0}), [Coroutine(DefId(159:795 ~ storage[b6b4]::content_manager::toc::collection_meta_ops::{impl#0}::handle_transfer::{closure#0}::{closure#1}), [std::future::ResumeTy, (), (), CoroutineWitness(DefId(159:795 ~ storage[b6b4]::content_manager::toc::collection_meta_ops::{impl#0}::handle_transfer::{closure#0}::{closure#1}), []), (std::string::String, collection::shards::transfer::ShardTransfer, storage::content_manager::consensus::operation_sender::OperationSender)]), Coroutine(DefId(159:796 ~ storage[b6b4]::content_manager::toc::collection_meta_ops::{impl#0}::handle_transfer::{closure#0}::{closure#2}), [std::future::ResumeTy, (), (), CoroutineWitness(DefId(159:796 ~ storage[b6b4]::content_manager::toc::collection_meta_ops::{impl#0}::handle_transfer::{closure#0}::{closure#2}), []), (storage::content_manager::consensus::operation_sender::OperationSender, std::string::String, collection::shards::transfer::ShardTransfer)]), std::future::ResumeTy, (), bool, CoroutineWitness(DefId(160:5195 ~ collection[3b85]::shards::transfer::driver::spawn_transfer_task::{closure#0}::{closure#0}), [T/#0, F/#1]), (collection::shards::transfer::ShardTransfer, std::string::String, std::sync::Arc, std::sync::Arc, std::boxed::Box, std::string::String, collection::shards::channel_service::ChannelService, std::path::PathBuf, std::path::PathBuf, cancel::CancellationToken, Coroutine(DefId(159:795 ~ storage[b6b4]::content_manager::toc::collection_meta_ops::{impl#0}::handle_transfer::{closure#0}::{closure#1}), [std::future::ResumeTy, (), (), CoroutineWitness(DefId(159:795 ~ storage[b6b4]::content_manager::toc::collection_meta_ops::{impl#0}::handle_transfer::{closure#0}::{closure#1}), []), (std::string::String, collection::shards::transfer::ShardTransfer, storage::content_manager::consensus::operation_sender::OperationSender)]), Coroutine(DefId(159:796 ~ storage[b6b4]::content_manager::toc::collection_meta_ops::{impl#0}::handle_transfer::{closure#0}::{closure#2}), [std::future::ResumeTy, (), (), CoroutineWitness(DefId(159:796 ~ storage[b6b4]::content_manager::toc::collection_meta_ops::{impl#0}::handle_transfer::{closure#0}::{closure#2}), []), (storage::content_manager::consensus::operation_sender::OperationSender, std::string::String, collection::shards::transfer::ShardTransfer)]))]), []), (collection::shards::transfer::ShardTransfer, std::string::String, std::sync::Arc, std::sync::Arc, std::boxed::Box, std::string::String, collection::shards::channel_service::ChannelService, std::path::PathBuf, std::path::PathBuf, Coroutine(DefId(159:795 ~ storage[b6b4]::content_manager::toc::collection_meta_ops::{impl#0}::handle_transfer::{closure#0}::{closure#1}), [std::future::ResumeTy, (), (), CoroutineWitness(DefId(159:795 ~ storage[b6b4]::content_manager::toc::collection_meta_ops::{impl#0}::handle_transfer::{closure#0}::{closure#1}), []), (std::string::String, collection::shards::transfer::ShardTransfer, storage::content_manager::consensus::operation_sender::OperationSender)]), Coroutine(DefId(159:796 ~ storage[b6b4]::content_manager::toc::collection_meta_ops::{impl#0}::handle_transfer::{closure#0}::{closure#2}), [std::future::ResumeTy, (), (), CoroutineWitness(DefId(159:796 ~ storage[b6b4]::content_manager::toc::collection_meta_ops::{impl#0}::handle_transfer::{closure#0}::{closure#2}), []), (storage::content_manager::consensus::operation_sender::OperationSender, std::string::String, collection::shards::transfer::ShardTransfer)]))]), Coroutine(DefId(160:5195 ~ collection[3b85]::shards::transfer::driver::spawn_transfer_task::{closure#0}::{closure#0}), [Coroutine(DefId(159:795 ~ storage[b6b4]::content_manager::toc::collection_meta_ops::{impl#0}::handle_transfer::{closure#0}::{closure#1}), [std::future::ResumeTy, (), (), CoroutineWitness(DefId(159:795 ~ storage[b6b4]::content_manager::toc::collection_meta_ops::{impl#0}::handle_transfer::{closure#0}::{closure#1}), []), (std::string::String, collection::shards::transfer::ShardTransfer, storage::content_manager::consensus::operation_sender::OperationSender)]), Coroutine(DefId(159:796 ~ storage[b6b4]::content_manager::toc::collection_meta_ops::{impl#0}::handle_transfer::{closure#0}::{closure#2}), [std::future::ResumeTy, (), (), CoroutineWitness(DefId(159:796 ~ storage[b6b4]::content_manager::toc::collection_meta_ops::{impl#0}::handle_transfer::{closure#0}::{closure#2}), []), (storage::content_manager::consensus::operation_sender::OperationSender, std::string::String, collection::shards::transfer::ShardTransfer)]), std::future::ResumeTy, (), bool, CoroutineWitness(DefId(160:5195 ~ collection[3b85]::shards::transfer::driver::spawn_transfer_task::{closure#0}::{closure#0}), [T/#0, F/#1]), (collection::shards::transfer::ShardTransfer, std::string::String, std::sync::Arc, std::sync::Arc, std::boxed::Box, std::string::String, collection::shards::channel_service::ChannelService, std::path::PathBuf, std::path::PathBuf, cancel::CancellationToken, Coroutine(DefId(159:795 ~ storage[b6b4]::content_manager::toc::collection_meta_ops::{impl#0}::handle_transfer::{closure#0}::{closure#1}), [std::future::ResumeTy, (), (), CoroutineWitness(DefId(159:795 ~ storage[b6b4]::content_manager::toc::collection_meta_ops::{impl#0}::handle_transfer::{closure#0}::{closure#1}), []), (std::string::String, collection::shards::transfer::ShardTransfer, storage::content_manager::consensus::operation_sender::OperationSender)]), Coroutine(DefId(159:796 ~ storage[b6b4]::content_manager::toc::collection_meta_ops::{impl#0}::handle_transfer::{closure#0}::{closure#2}), [std::future::ResumeTy, (), (), CoroutineWitness(DefId(159:796 ~ storage[b6b4]::content_manager::toc::collection_meta_ops::{impl#0}::handle_transfer::{closure#0}::{closure#2}), []), (storage::content_manager::consensus::operation_sender::OperationSender, std::string::String, collection::shards::transfer::ShardTransfer)]))]), std::future::ResumeTy, (), Alias(Projection, AliasTy { args: [Coroutine(DefId(160:5195 ~ collection[3b85]::shards::transfer::driver::spawn_transfer_task::{closure#0}::{closure#0}), [Coroutine(DefId(159:795 ~ storage[b6b4]::content_manager::toc::collection_meta_ops::{impl#0}::handle_transfer::{closure#0}::{closure#1}), [std::future::ResumeTy, (), (), CoroutineWitness(DefId(159:795 ~ storage[b6b4]::content_manager::toc::collection_meta_ops::{impl#0}::handle_transfer::{closure#0}::{closure#1}), []), (std::string::String, collection::shards::transfer::ShardTransfer, storage::content_manager::consensus::operation_sender::OperationSender)]), Coroutine(DefId(159:796 ~ storage[b6b4]::content_manager::toc::collection_meta_ops::{impl#0}::handle_transfer::{closure#0}::{closure#2}), [std::future::ResumeTy, (), (), CoroutineWitness(DefId(159:796 ~ storage[b6b4]::content_manager::toc::collection_meta_ops::{impl#0}::handle_transfer::{closure#0}::{closure#2}), []), (storage::content_manager::consensus::operation_sender::OperationSender, std::string::String, collection::shards::transfer::ShardTransfer)]), std::future::ResumeTy, (), bool, CoroutineWitness(DefId(160:5195 ~ collection[3b85]::shards::transfer::driver::spawn_transfer_task::{closure#0}::{closure#0}), [T/#0, F/#1]), (collection::shards::transfer::ShardTransfer, std::string::String, std::sync::Arc, std::sync::Arc, std::boxed::Box, std::string::String, collection::shards::channel_service::ChannelService, std::path::PathBuf, std::path::PathBuf, cancel::CancellationToken, Coroutine(DefId(159:795 ~ storage[b6b4]::content_manager::toc::collection_meta_ops::{impl#0}::handle_transfer::{closure#0}::{closure#1}), [std::future::ResumeTy, (), (), CoroutineWitness(DefId(159:795 ~ storage[b6b4]::content_manager::toc::collection_meta_ops::{impl#0}::handle_transfer::{closure#0}::{closure#1}), []), (std::string::String, collection::shards::transfer::ShardTransfer, storage::content_manager::consensus::operation_sender::OperationSender)]), Coroutine(DefId(159:796 ~ storage[b6b4]::content_manager::toc::collection_meta_ops::{impl#0}::handle_transfer::{closure#0}::{closure#2}), [std::future::ResumeTy, (), (), CoroutineWitness(DefId(159:796 ~ storage[b6b4]::content_manager::toc::collection_meta_ops::{impl#0}::handle_transfer::{closure#0}::{closure#2}), []), (storage::content_manager::consensus::operation_sender::OperationSender, std::string::String, collection::shards::transfer::ShardTransfer)]))])], def_id: DefId(2:45111 ~ core[3c87]::future::future::Future::Output) }), CoroutineWitness(DefId(160:1625 ~ collection[3b85]::common::stoppable_task_async::spawn_async_cancellable::{closure#0}), [F/#0, T/#1]), (Closure(DefId(160:5194 ~ collection[3b85]::shards::transfer::driver::spawn_transfer_task::{closure#0}), [Coroutine(DefId(159:795 ~ storage[b6b4]::content_manager::toc::collection_meta_ops::{impl#0}::handle_transfer::{closure#0}::{closure#1}), [std::future::ResumeTy, (), (), CoroutineWitness(DefId(159:795 ~ storage[b6b4]::content_manager::toc::collection_meta_ops::{impl#0}::handle_transfer::{closure#0}::{closure#1}), []), (std::string::String, collection::shards::transfer::ShardTransfer, storage::content_manager::consensus::operation_sender::OperationSender)]), Coroutine(DefId(159:796 ~ storage[b6b4]::content_manager::toc::collection_meta_ops::{impl#0}::handle_transfer::{closure#0}::{closure#2}), [std::future::ResumeTy, (), (), CoroutineWitness(DefId(159:796 ~ storage[b6b4]::content_manager::toc::collection_meta_ops::{impl#0}::handle_transfer::{closure#0}::{closure#2}), []), (storage::content_manager::consensus::operation_sender::OperationSender, std::string::String, collection::shards::transfer::ShardTransfer)]), i32, Binder(extern "RustCall" fn((cancel::CancellationToken,)) - Coroutine(DefId(160:5195 ~ collection[3b85]::shards::transfer::driver::spawn_transfer_task::{closure#0}::{closure#0}), [Coroutine(DefId(159:795 ~ storage[b6b4]::content_manager::toc::collection_meta_ops::{impl#0}::handle_transfer::{closure#0}::{closure#1}), [std::future::ResumeTy, (), (), CoroutineWitness(DefId(159:795 ~ storage[b6b4]::content_manager::toc::collection_meta_ops::{impl#0}::handle_transfer::{closure#0}::{closure#1}), []), (std::string::String, collection::shards::transfer::ShardTransfer, storage::content_manager::consensus::operation_sender::OperationSender)]), Coroutine(DefId(159:796 ~ storage[b6b4]::content_manager::toc::collection_meta_ops::{impl#0}::handle_transfer::{closure#0}::{closure#2}), [std::future::ResumeTy, (), (), CoroutineWitness(DefId(159:796 ~ storage[b6b4]::content_manager::toc::collection_meta_ops::{impl#0}::handle_transfer::{closure#0}::{closure#2}), []), (storage::content_manager::consensus::operation_sender::OperationSender, std::string::String, collection::shards::transfer::ShardTransfer)]), std::future::ResumeTy, (), bool, CoroutineWitness(DefId(160:5195 ~ collection[3b85]::shards::transfer::driver::spawn_transfer_task::{closure#0}::{closure#0}), [T/#0, F/#1]), (collection::shards::transfer::ShardTransfer, std::string::String, std::sync::Arc, std::sync::Arc, std::boxed::Box, std::string::String, collection::shards::channel_service::ChannelService, std::path::PathBuf, std::path::PathBuf, cancel::CancellationToken, Coroutine(DefId(159:795 ~ storage[b6b4]::content_manager::toc::collection_meta_ops::{impl#0}::handle_transfer::{closure#0}::{closure#1}), [std::future::ResumeTy, (), (), CoroutineWitness(DefId(159:795 ~ storage[b6b4]::content_manager::toc::collection_meta_ops::{impl#0}::handle_transfer::{closure#0}::{closure#1}), []), (std::string::String, collection::shards::transfer::ShardTransfer, storage::content_manager::consensus::operation_sender::OperationSender)]), Coroutine(DefId(159:796 ~ storage[b6b4]::content_manager::toc::collection_meta_ops::{impl#0}::handle_transfer::{closure#0}::{closure#2}), [std::future::ResumeTy, (), (), CoroutineWitness(DefId(159:796 ~ storage[b6b4]::content_manager::toc::collection_meta_ops::{impl#0}::handle_transfer::{closure#0}::{closure#2}), []), (storage::content_manager::consensus::operation_sender::OperationSender, std::string::String, collection::shards::transfer::ShardTransfer)]))]), []), (collection::shards::transfer::ShardTransfer, std::string::String, std::sync::Arc, std::sync::Arc, std::boxed::Box, std::string::String, collection::shards::channel_service::ChannelService, std::path::PathBuf, std::path::PathBuf, Coroutine(DefId(159:795 ~ storage[b6b4]::content_manager::toc::collection_meta_ops::{impl#0}::handle_transfer::{closure#0}::{closure#1}), [std::future::ResumeTy, (), (), CoroutineWitness(DefId(159:795 ~ storage[b6b4]::content_manager::toc::collection_meta_ops::{impl#0}::handle_transfer::{closure#0}::{closure#1}), []), (std::string::String, collection::shards::transfer::ShardTransfer, storage::content_manager::consensus::operation_sender::OperationSender)]), Coroutine(DefId(159:796 ~ storage[b6b4]::content_manager::toc::collection_meta_ops::{impl#0}::handle_transfer::{closure#0}::{closure#2}), [std::future::ResumeTy, (), (), CoroutineWitness(DefId(159:796 ~ storage[b6b4]::content_manager::toc::collection_meta_ops::{impl#0}::handle_transfer::{closure#0}::{closure#2}), []), (storage::content_manager::consensus::operation_sender::OperationSender, std::string::String, collection::shards::transfer::ShardTransfer)]))]), cancel::CancellationToken, std::sync::Arc, std::sync::Arc)]), std::sync::Arc
4	4	2	1	regex::prog::{impl#1}::deref
4	4	1	2	tokio::runtime::task::harness::{impl#0}::state Coroutine(DefId(160:5195 ~ collection[3b85]::shards::transfer::driver::spawn_transfer_task::{closure#0}::{closure#0}), [Coroutine(DefId(159:795 ~ storage[b6b4]::content_manager::toc::collection_meta_ops::{impl#0}::handle_transfer::{closure#0}::{closure#1}), [std::future::ResumeTy, (), (), CoroutineWitness(DefId(159:795 ~ storage[b6b4]::content_manager::toc::collection_meta_ops::{impl#0}::handle_transfer::{closure#0}::{closure#1}), []), (std::string::String, collection::shards::transfer::ShardTransfer, storage::content_manager::consensus::operation_sender::OperationSender)]), Coroutine(DefId(159:796 ~ storage[b6b4]::content_manager::toc::collection_meta_ops::{impl#0}::handle_transfer::{closure#0}::{closure#2}), [std::future::ResumeTy, (), (), CoroutineWitness(DefId(159:796 ~ storage[b6b4]::content_manager::toc::collection_meta_ops::{impl#0}::handle_transfer::{closure#0}::{closure#2}), []), (storage::content_manager::consensus::operation_sender::OperationSender, std::string::String, collection::shards::transfer::ShardTransfer)]), std::future::ResumeTy, (), bool, CoroutineWitness(DefId(160:5195 ~ collection[3b85]::shards::transfer::driver::spawn_transfer_task::{closure#0}::{closure#0}), [T/#0, F/#1]), (collection::shards::transfer::ShardTransfer, std::string::String, std::sync::Arc, std::sync::Arc, std::boxed::Box, std::string::String, collection::shards::channel_service::ChannelService, std::path::PathBuf, std::path::PathBuf, cancel::CancellationToken, Coroutine(DefId(159:795 ~ storage[b6b4]::content_manager::toc::collection_meta_ops::{impl#0}::handle_transfer::{closure#0}::{closure#1}), [std::future::ResumeTy, (), (), CoroutineWitness(DefId(159:795 ~ storage[b6b4]::content_manager::toc::collection_meta_ops::{impl#0}::handle_transfer::{closure#0}::{closure#1}), []), (std::string::String, collection::shards::transfer::ShardTransfer, storage::content_manager::consensus::operation_sender::OperationSender)]), Coroutine(DefId(159:796 ~ storage[b6b4]::content_manager::toc::collection_meta_ops::{impl#0}::handle_transfer::{closure#0}::{closure#2}), [std::future::ResumeTy, (), (), CoroutineWitness(DefId(159:796 ~ storage[b6b4]::content_manager::toc::collection_meta_ops::{impl#0}::handle_transfer::{closure#0}::{closure#2}), []), (storage::content_manager::consensus::operation_sender::OperationSender, std::string::String, collection::shards::transfer::ShardTransfer)]))]), []), (collection::shards::transfer::ShardTransfer, std::string::String, std::sync::Arc, std::sync::Arc, std::boxed::Box, std::string::String, collection::shards::channel_service::ChannelService, std::path::PathBuf, std::path::PathBuf, Coroutine(DefId(159:795 ~ storage[b6b4]::content_manager::toc::collection_meta_ops::{impl#0}::handle_transfer::{closure#0}::{closure#1}), [std::future::ResumeTy, (), (), CoroutineWitness(DefId(159:795 ~ storage[b6b4]::content_manager::toc::collection_meta_ops::{impl#0}::handle_transfer::{closure#0}::{closure#1}), []), (std::string::String, collection::shards::transfer::ShardTransfer, storage::content_manager::consensus::operation_sender::OperationSender)]), Coroutine(DefId(159:796 ~ storage[b6b4]::content_manager::toc::collection_meta_ops::{impl#0}::handle_transfer::{closure#0}::{closure#2}), [std::future::ResumeTy, (), (), CoroutineWitness(DefId(159:796 ~ storage[b6b4]::content_manager::toc::collection_meta_ops::{impl#0}::handle_transfer::{closure#0}::{closure#2}), []), (storage::content_manager::consensus::operation_sender::OperationSender, std::string::String, collection::shards::transfer::ShardTransfer)]))]), Coroutine(DefId(160:5195 ~ collection[3b85]::shards::transfer::driver::spawn_transfer_task::{closure#0}::{closure#0}), [Coroutine(DefId(159:795 ~ storage[b6b4]::content_manager::toc::collection_meta_ops::{impl#0}::handle_transfer::{closure#0}::{closure#1}), [std::future::ResumeTy, (), (), CoroutineWitness(DefId(159:795 ~ storage[b6b4]::content_manager::toc::collection_meta_ops::{impl#0}::handle_transfer::{closure#0}::{closure#1}), []), (std::string::String, collection::shards::transfer::ShardTransfer, storage::content_manager::consensus::operation_sender::OperationSender)]), Coroutine(DefId(159:796 ~ storage[b6b4]::content_manager::toc::collection_meta_ops::{impl#0}::handle_transfer::{closure#0}::{closure#2}), [std::future::ResumeTy, (), (), CoroutineWitness(DefId(159:796 ~ storage[b6b4]::content_manager::toc::collection_meta_ops::{impl#0}::handle_transfer::{closure#0}::{closure#2}), []), (storage::content_manager::consensus::operation_sender::OperationSender, std::string::String, collection::shards::transfer::ShardTransfer)]), std::future::ResumeTy, (), bool, CoroutineWitness(DefId(160:5195 ~ collection[3b85]::shards::transfer::driver::spawn_transfer_task::{closure#0}::{closure#0}), [T/#0, F/#1]), (collection::shards::transfer::ShardTransfer, std::string::String, std::sync::Arc, std::sync::Arc, std::boxed::Box, std::string::String, collection::shards::channel_service::ChannelService, std::path::PathBuf, std::path::PathBuf, cancel::CancellationToken, Coroutine(DefId(159:795 ~ storage[b6b4]::content_manager::toc::collection_meta_ops::{impl#0}::handle_transfer::{closure#0}::{closure#1}), [std::future::ResumeTy, (), (), CoroutineWitness(DefId(159:795 ~ storage[b6b4]::content_manager::toc::collection_meta_ops::{impl#0}::handle_transfer::{closure#0}::{closure#1}), []), (std::string::String, collection::shards::transfer::ShardTransfer, storage::content_manager::consensus::operation_sender::OperationSender)]), Coroutine(DefId(159:796 ~ storage[b6b4]::content_manager::toc::collection_meta_ops::{impl#0}::handle_transfer::{closure#0}::{closure#2}), [std::future::ResumeTy, (), (), CoroutineWitness(DefId(159:796 ~ storage[b6b4]::content_manager::toc::collection_meta_ops::{impl#0}::handle_transfer::{closure#0}::{closure#2}), []), (storage::content_manager::consensus::operation_sender::OperationSender, std::string::String, collection::shards::transfer::ShardTransfer)]))]), std::future::ResumeTy, (), Alias(Projection, AliasTy { args: [Coroutine(DefId(160:5195 ~ collection[3b85]::shards::transfer::driver::spawn_transfer_task::{closure#0}::{closure#0}), [Coroutine(DefId(159:795 ~ storage[b6b4]::content_manager::toc::collection_meta_ops::{impl#0}::handle_transfer::{closure#0}::{closure#1}), [std::future::ResumeTy, (), (), CoroutineWitness(DefId(159:795 ~ storage[b6b4]::content_manager::toc::collection_meta_ops::{impl#0}::handle_transfer::{closure#0}::{closure#1}), []), (std::string::String, collection::shards::transfer::ShardTransfer, storage::content_manager::consensus::operation_sender::OperationSender)]), Coroutine(DefId(159:796 ~ storage[b6b4]::content_manager::toc::collection_meta_ops::{impl#0}::handle_transfer::{closure#0}::{closure#2}), [std::future::ResumeTy, (), (), CoroutineWitness(DefId(159:796 ~ storage[b6b4]::content_manager::toc::collection_meta_ops::{impl#0}::handle_transfer::{closure#0}::{closure#2}), []), (storage::content_manager::consensus::operation_sender::OperationSender, std::string::String, collection::shards::transfer::ShardTransfer)]), std::future::ResumeTy, (), bool, CoroutineWitness(DefId(160:5195 ~ collection[3b85]::shards::transfer::driver::spawn_transfer_task::{closure#0}::{closure#0}), [T/#0, F/#1]), (collection::shards::transfer::ShardTransfer, std::string::String, std::sync::Arc, std::sync::Arc, std::boxed::Box, std::string::String, collection::shards::channel_service::ChannelService, std::path::PathBuf, std::path::PathBuf, cancel::CancellationToken, Coroutine(DefId(159:795 ~ storage[b6b4]::content_manager::toc::collection_meta_ops::{impl#0}::handle_transfer::{closure#0}::{closure#1}), [std::future::ResumeTy, (), (), CoroutineWitness(DefId(159:795 ~ storage[b6b4]::content_manager::toc::collection_meta_ops::{impl#0}::handle_transfer::{closure#0}::{closure#1}), []), (std::string::String, collection::shards::transfer::ShardTransfer, storage::content_manager::consensus::operation_sender::OperationSender)]), Coroutine(DefId(159:796 ~ storage[b6b4]::content_manager::toc::collection_meta_ops::{impl#0}::handle_transfer::{closure#0}::{closure#2}), [std::future::ResumeTy, (), (), CoroutineWitness(DefId(159:796 ~ storage[b6b4]::content_manager::toc::collection_meta_ops::{impl#0}::handle_transfer::{closure#0}::{closure#2}), []), (storage::content_manager::consensus::operation_sender::OperationSender, std::string::String, collection::shards::transfer::ShardTransfer)]))])], def_id: DefId(2:45111 ~ core[3c87]::future::future::Future::Output) }), CoroutineWitness(DefId(160:1625 ~ collection[3b85]::common::stoppable_task_async::spawn_async_cancellable::{closure#0}), [F/#0, T/#1]), (Closure(DefId(160:5194 ~ collection[3b85]::shards::transfer::driver::spawn_transfer_task::{closure#0}), [Coroutine(DefId(159:795 ~ storage[b6b4]::content_manager::toc::collection_meta_ops::{impl#0}::handle_transfer::{closure#0}::{closure#1}), [std::future::ResumeTy, (), (), CoroutineWitness(DefId(159:795 ~ storage[b6b4]::content_manager::toc::collection_meta_ops::{impl#0}::handle_transfer::{closure#0}::{closure#1}), []), (std::string::String, collection::shards::transfer::ShardTransfer, storage::content_manager::consensus::operation_sender::OperationSender)]), Coroutine(DefId(159:796 ~ storage[b6b4]::content_manager::toc::collection_meta_ops::{impl#0}::handle_transfer::{closure#0}::{closure#2}), [std::future::ResumeTy, (), (), CoroutineWitness(DefId(159:796 ~ storage[b6b4]::content_manager::toc::collection_meta_ops::{impl#0}::handle_transfer::{closure#0}::{closure#2}), []), (storage::content_manager::consensus::operation_sender::OperationSender, std::string::String, collection::shards::transfer::ShardTransfer)]), i32, Binder(extern "RustCall" fn((cancel::CancellationToken,)) - Coroutine(DefId(160:5195 ~ collection[3b85]::shards::transfer::driver::spawn_transfer_task::{closure#0}::{closure#0}), [Coroutine(DefId(159:795 ~ storage[b6b4]::content_manager::toc::collection_meta_ops::{impl#0}::handle_transfer::{closure#0}::{closure#1}), [std::future::ResumeTy, (), (), CoroutineWitness(DefId(159:795 ~ storage[b6b4]::content_manager::toc::collection_meta_ops::{impl#0}::handle_transfer::{closure#0}::{closure#1}), []), (std::string::String, collection::shards::transfer::ShardTransfer, storage::content_manager::consensus::operation_sender::OperationSender)]), Coroutine(DefId(159:796 ~ storage[b6b4]::content_manager::toc::collection_meta_ops::{impl#0}::handle_transfer::{closure#0}::{closure#2}), [std::future::ResumeTy, (), (), CoroutineWitness(DefId(159:796 ~ storage[b6b4]::content_manager::toc::collection_meta_ops::{impl#0}::handle_transfer::{closure#0}::{closure#2}), []), (storage::content_manager::consensus::operation_sender::OperationSender, std::string::String, collection::shards::transfer::ShardTransfer)]), std::future::ResumeTy, (), bool, CoroutineWitness(DefId(160:5195 ~ collection[3b85]::shards::transfer::driver::spawn_transfer_task::{closure#0}::{closure#0}), [T/#0, F/#1]), (collection::shards::transfer::ShardTransfer, std::string::String, std::sync::Arc, std::sync::Arc, std::boxed::Box, std::string::String, collection::shards::channel_service::ChannelService, std::path::PathBuf, std::path::PathBuf, cancel::CancellationToken, Coroutine(DefId(159:795 ~ storage[b6b4]::content_manager::toc::collection_meta_ops::{impl#0}::handle_transfer::{closure#0}::{closure#1}), [std::future::ResumeTy, (), (), CoroutineWitness(DefId(159:795 ~ storage[b6b4]::content_manager::toc::collection_meta_ops::{impl#0}::handle_transfer::{closure#0}::{closure#1}), []), (std::string::String, collection::shards::transfer::ShardTransfer, storage::content_manager::consensus::operation_sender::OperationSender)]), Coroutine(DefId(159:796 ~ storage[b6b4]::content_manager::toc::collection_meta_ops::{impl#0}::handle_transfer::{closure#0}::{closure#2}), [std::future::ResumeTy, (), (), CoroutineWitness(DefId(159:796 ~ storage[b6b4]::content_manager::toc::collection_meta_ops::{impl#0}::handle_transfer::{closure#0}::{closure#2}), []), (storage::content_manager::consensus::operation_sender::OperationSender, std::string::String, collection::shards::transfer::ShardTransfer)]))]), []), (collection::shards::transfer::ShardTransfer, std::string::String, std::sync::Arc, std::sync::Arc, std::boxed::Box, std::string::String, collection::shards::channel_service::ChannelService, std::path::PathBuf, std::path::PathBuf, Coroutine(DefId(159:795 ~ storage[b6b4]::content_manager::toc::collection_meta_ops::{impl#0}::handle_transfer::{closure#0}::{closure#1}), [std::future::ResumeTy, (), (), CoroutineWitness(DefId(159:795 ~ storage[b6b4]::content_manager::toc::collection_meta_ops::{impl#0}::handle_transfer::{closure#0}::{closure#1}), []), (std::string::String, collection::shards::transfer::ShardTransfer, storage::content_manager::consensus::operation_sender::OperationSender)]), Coroutine(DefId(159:796 ~ storage[b6b4]::content_manager::toc::collection_meta_ops::{impl#0}::handle_transfer::{closure#0}::{closure#2}), [std::future::ResumeTy, (), (), CoroutineWitness(DefId(159:796 ~ storage[b6b4]::content_manager::toc::collection_meta_ops::{impl#0}::handle_transfer::{closure#0}::{closure#2}), []), (storage::content_manager::consensus::operation_sender::OperationSender, std::string::String, collection::shards::transfer::ShardTransfer)]))]), cancel::CancellationToken, std::sync::Arc, std::sync::Arc)]), std::sync::Arc
4	4	1	2	tokio::runtime::task::harness::{impl#0}::state, std::sync::Arc
4	2	1	2	tokio::runtime::task::harness::{impl#0}::core, std::sync::Arc
4	4	1	4	ring::arithmetic::bigint::modulus::{impl#4}::limbs
4	4	1	4	dlv_list::{impl#37}::new
4	2	1	1	clap::builder::command::{impl#4}::get_arguments
4	3	1	1	regex_syntax::hir::{impl#5}::kind
4	1	1	1	clap::parser::matches::arg_matches::{impl#0}::values_of
4	3	1	1	clap::builder::command::{impl#10}::index
4	3	1	1	os_str_bytes::raw_str::{impl#2}::new
4	1	1	1	cursive_core::views::linear_layout::{impl#3}::move_focus
4	4	1	1	cursive_core::printer::{impl#0}::focused
4	1	1	1	grin_chain::store::{impl#1}::get_block_header
4	4	2	1	clap::app::parser::{impl#0}::opts
4	3	1	3	supercow::{impl#25}::deref
4	4	2	1	clap::app::parser::{impl#0}::flags
4	1	1	1	env_logger::fmt::writer::termcolor::imp::{impl#4}::set_color
4	2	1	1	core::iter::traits::iterator::Iterator::map usize, []), ()])
4	4	1	1	filetreelist::item::{impl#0}::full_path_str
4	4	1	1	gitui::components::cred::{impl#0}::get_cred
4	3	1	1	gitui::components::utils::filetree::{impl#8}::index
4	1	1	1	tiny_skia::pipeline::highp::fn_ptr
4	1	1	1	tiny_skia::pipeline::lowp::fn_ptr
4	2	1	1	ttf_parser::tables::cff::index::{impl#5}::get
4	2	1	1	svgtypes::number::{impl#1}::parse_list_number
4	3	1	1	tiny_skia_path::path::{impl#0}::transform
4	1	1	1	roxmltree::{impl#27}::children
4	4	1	1	alloc::sync::{impl#68}::as_ref
4	2	1	2	ttf_parser::parser::{impl#33}::read_array16
3	1	1	1	core::slice::sort::merge_sort::{impl#3}::index std::cmp::Ordering, [Region(BrAnon), Region(BrAnon)]), (&ReErased mut &ReErased mut std::boxed::Box,)]), i16, Binder(extern "RustCall" fn((&ReBound(DebruijnIndex(0), BoundRegion { var: 0, kind: BrAnon }) std::result::Result, &ReBound(DebruijnIndex(0), BoundRegion { var: 1, kind: BrAnon }) std::result::Result)) - bool, [Region(BrAnon), Region(BrAnon)]), (&ReErased mut Closure(DefId(162:148 ~ walkdir[b019]::{impl#5}::push::{closure#1}), [i16, Binder(extern "RustCall" fn((&ReBound(DebruijnIndex(0), BoundRegion { var: 0, kind: BrAnon }) std::result::Result, &ReBound(DebruijnIndex(0), BoundRegion { var: 1, kind: BrAnon }) std::result::Result)) - std::cmp::Ordering, [Region(BrAnon), Region(BrAnon)]), (&ReErased mut &ReErased mut std::boxed::Box,)]),)]), i8, Binder(extern "RustCall" fn((usize,)) - *mut core::slice::sort::TimSortRun, []), ()]), Closure(DefId(5:5465 ~ alloc[484d]::slice::stable_sort::{closure#3}), [std::result::Result, Closure(DefId(5:5384 ~ alloc[484d]::slice::{impl#0}::sort_by::{closure#0}), [std::result::Result, Closure(DefId(162:148 ~ walkdir[b019]::{impl#5}::push::{closure#1}), [i16, Binder(extern "RustCall" fn((&ReBound(DebruijnIndex(0), BoundRegion { var: 0, kind: BrAnon }) std::result::Result, &ReBound(DebruijnIndex(0), BoundRegion { var: 1, kind: BrAnon }) std::result::Result)) - std::cmp::Ordering, [Region(BrAnon), Region(BrAnon)]), (&ReErased mut &ReErased mut std::boxed::Box,)]), i16, Binder(extern "RustCall" fn((&ReBound(DebruijnIndex(0), BoundRegion { var: 0, kind: BrAnon }) std::result::Result, &ReBound(DebruijnIndex(0), BoundRegion { var: 1, kind: BrAnon }) std::result::Result)) - bool, [Region(BrAnon), Region(BrAnon)]), (&ReErased mut Closure(DefId(162:148 ~ walkdir[b019]::{impl#5}::push::{closure#1}), [i16, Binder(extern "RustCall" fn((&ReBound(DebruijnIndex(0), BoundRegion { var: 0, kind: BrAnon }) std::result::Result, &ReBound(DebruijnIndex(0), BoundRegion { var: 1, kind: BrAnon }) std::result::Result)) - std::cmp::Ordering, [Region(BrAnon), Region(BrAnon)]), (&ReErased mut &ReErased mut std::boxed::Box,)]),)]), i8, Binder(extern "RustCall" fn((*mut core::slice::sort::TimSortRun, usize)), []), ()])
3	1	1	1	pulldown_cmark::scanners::{impl#0}::new
3	1	1	1	core::slice::sort::merge_sort::{impl#3}::index *mut core::slice::sort::TimSortRun, []), ()]), Closure(DefId(5:5465 ~ alloc[484d]::slice::stable_sort::{closure#3}), [handlebars::grammar::Rule, FnDef(DefId(2:2551 ~ core[3c87]::cmp::PartialOrd::lt), [handlebars::grammar::Rule, handlebars::grammar::Rule]), i8, Binder(extern "RustCall" fn((*mut core::slice::sort::TimSortRun, usize)), []), ()])
3	1	1	1	core::slice::sort::merge_sort::{impl#3}::index, i16, Binder(extern "RustCall" fn((&ReBound(DebruijnIndex(0), BoundRegion { var: 0, kind: BrAnon }) (f64, std::string::String), &ReBound(DebruijnIndex(0), BoundRegion { var: 1, kind: BrAnon }) (f64, std::string::String))) - std::cmp::Ordering, [Region(BrAnon), Region(BrAnon)]), ()]), i16, Binder(extern "RustCall" fn((&ReBound(DebruijnIndex(0), BoundRegion { var: 0, kind: BrAnon }) (f64, std::string::String), &ReBound(DebruijnIndex(0), BoundRegion { var: 1, kind: BrAnon }) (f64, std::string::String))) - bool, [Region(BrAnon), Region(BrAnon)]), (&ReErased mut Closure(DefId(20:2394 ~ clap_builder[e420]::parser::features::suggestions::did_you_mean::{closure#2}), [&ReErased str, std::iter::Map &ReErased str, []), ()]), i16, Binder(extern "RustCall" fn((&ReBound(DebruijnIndex(0), BoundRegion { var: 0, kind: BrAnon }) (f64, std::string::String), &ReBound(DebruijnIndex(0), BoundRegion { var: 1, kind: BrAnon }) (f64, std::string::String))) - std::cmp::Ordering, [Region(BrAnon), Region(BrAnon)]), ()]),)]), i8, Binder(extern "RustCall" fn((usize,)) - *mut core::slice::sort::TimSortRun, []), ()]), Closure(DefId(5:5465 ~ alloc[484d]::slice::stable_sort::{closure#3}), [(f64, std::string::String), Closure(DefId(5:5384 ~ alloc[484d]::slice::{impl#0}::sort_by::{closure#0}), [(f64, std::string::String), Closure(DefId(20:2394 ~ clap_builder[e420]::parser::features::suggestions::did_you_mean::{closure#2}), [&ReErased str, std::iter::Map &ReErased str, []), ()]), i16, Binder(extern "RustCall" fn((&ReBound(DebruijnIndex(0), BoundRegion { var: 0, kind: BrAnon }) (f64, std::string::String), &ReBound(DebruijnIndex(0), BoundRegion { var: 1, kind: BrAnon }) (f64, std::string::String))) - std::cmp::Ordering, [Region(BrAnon), Region(BrAnon)]), ()]), i16, Binder(extern "RustCall" fn((&ReBound(DebruijnIndex(0), BoundRegion { var: 0, kind: BrAnon }) (f64, std::string::String), &ReBound(DebruijnIndex(0), BoundRegion { var: 1, kind: BrAnon }) (f64, std::string::String))) - bool, [Region(BrAnon), Region(BrAnon)]), (&ReErased mut Closure(DefId(20:2394 ~ clap_builder[e420]::parser::features::suggestions::did_you_mean::{closure#2}), [&ReErased str, std::iter::Map &ReErased str, []), ()]), i16, Binder(extern "RustCall" fn((&ReBound(DebruijnIndex(0), BoundRegion { var: 0, kind: BrAnon }) (f64, std::string::String), &ReBound(DebruijnIndex(0), BoundRegion { var: 1, kind: BrAnon }) (f64, std::string::String))) - std::cmp::Ordering, [Region(BrAnon), Region(BrAnon)]), ()]),)]), i8, Binder(extern "RustCall" fn((*mut core::slice::sort::TimSortRun, usize)), []), ()])
3	1	1	1	core::slice::sort::merge_sort::{impl#3}::index std::cmp::Ordering, [Region(BrAnon), Region(BrAnon)]), ()]), i16, Binder(extern "RustCall" fn((&ReBound(DebruijnIndex(0), BoundRegion { var: 0, kind: BrAnon }) env_filter::directive::Directive, &ReBound(DebruijnIndex(0), BoundRegion { var: 1, kind: BrAnon }) env_filter::directive::Directive)) - bool, [Region(BrAnon), Region(BrAnon)]), (&ReErased mut Closure(DefId(41:34 ~ env_filter[67ce]::filter::{impl#0}::build::{closure#0}), [i16, Binder(extern "RustCall" fn((&ReBound(DebruijnIndex(0), BoundRegion { var: 0, kind: BrAnon }) env_filter::directive::Directive, &ReBound(DebruijnIndex(0), BoundRegion { var: 1, kind: BrAnon }) env_filter::directive::Directive)) - std::cmp::Ordering, [Region(BrAnon), Region(BrAnon)]), ()]),)]), i8, Binder(extern "RustCall" fn((usize,)) - *mut core::slice::sort::TimSortRun, []), ()]), Closure(DefId(5:5465 ~ alloc[484d]::slice::stable_sort::{closure#3}), [env_filter::directive::Directive, Closure(DefId(5:5384 ~ alloc[484d]::slice::{impl#0}::sort_by::{closure#0}), [env_filter::directive::Directive, Closure(DefId(41:34 ~ env_filter[67ce]::filter::{impl#0}::build::{closure#0}), [i16, Binder(extern "RustCall" fn((&ReBound(DebruijnIndex(0), BoundRegion { var: 0, kind: BrAnon }) env_filter::directive::Directive, &ReBound(DebruijnIndex(0), BoundRegion { var: 1, kind: BrAnon }) env_filter::directive::Directive)) - std::cmp::Ordering, [Region(BrAnon), Region(BrAnon)]), ()]), i16, Binder(extern "RustCall" fn((&ReBound(DebruijnIndex(0), BoundRegion { var: 0, kind: BrAnon }) env_filter::directive::Directive, &ReBound(DebruijnIndex(0), BoundRegion { var: 1, kind: BrAnon }) env_filter::directive::Directive)) - bool, [Region(BrAnon), Region(BrAnon)]), (&ReErased mut Closure(DefId(41:34 ~ env_filter[67ce]::filter::{impl#0}::build::{closure#0}), [i16, Binder(extern "RustCall" fn((&ReBound(DebruijnIndex(0), BoundRegion { var: 0, kind: BrAnon }) env_filter::directive::Directive, &ReBound(DebruijnIndex(0), BoundRegion { var: 1, kind: BrAnon }) env_filter::directive::Directive)) - std::cmp::Ordering, [Region(BrAnon), Region(BrAnon)]), ()]),)]), i8, Binder(extern "RustCall" fn((*mut core::slice::sort::TimSortRun, usize)), []), ()])
3	1	1	1	core::slice::sort::merge_sort::{impl#3}::index std::cmp::Ordering, [Region(BrAnon), Region(BrAnon)]), ()]), i16, Binder(extern "RustCall" fn((&ReBound(DebruijnIndex(0), BoundRegion { var: 0, kind: BrAnon }) (html5ever::tokenizer::states::State, u64), &ReBound(DebruijnIndex(0), BoundRegion { var: 1, kind: BrAnon }) (html5ever::tokenizer::states::State, u64))) - bool, [Region(BrAnon), Region(BrAnon)]), (&ReErased mut Closure(DefId(76:370 ~ html5ever[5809]::tokenizer::{impl#2}::dump_profile::{closure#1}), [html5ever::tree_builder::TreeBuilder, i16, Binder(extern "RustCall" fn((&ReBound(DebruijnIndex(0), BoundRegion { var: 0, kind: BrAnon }) (html5ever::tokenizer::states::State, u64), &ReBound(DebruijnIndex(0), BoundRegion { var: 1, kind: BrAnon }) (html5ever::tokenizer::states::State, u64))) - std::cmp::Ordering, [Region(BrAnon), Region(BrAnon)]), ()]),)]), i8, Binder(extern "RustCall" fn((usize,)) - *mut core::slice::sort::TimSortRun, []), ()]), Closure(DefId(5:5465 ~ alloc[484d]::slice::stable_sort::{closure#3}), [(html5ever::tokenizer::states::State, u64), Closure(DefId(5:5384 ~ alloc[484d]::slice::{impl#0}::sort_by::{closure#0}), [(html5ever::tokenizer::states::State, u64), Closure(DefId(76:370 ~ html5ever[5809]::tokenizer::{impl#2}::dump_profile::{closure#1}), [html5ever::tree_builder::TreeBuilder, i16, Binder(extern "RustCall" fn((&ReBound(DebruijnIndex(0), BoundRegion { var: 0, kind: BrAnon }) (html5ever::tokenizer::states::State, u64), &ReBound(DebruijnIndex(0), BoundRegion { var: 1, kind: BrAnon }) (html5ever::tokenizer::states::State, u64))) - std::cmp::Ordering, [Region(BrAnon), Region(BrAnon)]), ()]), i16, Binder(extern "RustCall" fn((&ReBound(DebruijnIndex(0), BoundRegion { var: 0, kind: BrAnon }) (html5ever::tokenizer::states::State, u64), &ReBound(DebruijnIndex(0), BoundRegion { var: 1, kind: BrAnon }) (html5ever::tokenizer::states::State, u64))) - bool, [Region(BrAnon), Region(BrAnon)]), (&ReErased mut Closure(DefId(76:370 ~ html5ever[5809]::tokenizer::{impl#2}::dump_profile::{closure#1}), [html5ever::tree_builder::TreeBuilder, i16, Binder(extern "RustCall" fn((&ReBound(DebruijnIndex(0), BoundRegion { var: 0, kind: BrAnon }) (html5ever::tokenizer::states::State, u64), &ReBound(DebruijnIndex(0), BoundRegion { var: 1, kind: BrAnon }) (html5ever::tokenizer::states::State, u64))) - std::cmp::Ordering, [Region(BrAnon), Region(BrAnon)]), ()]),)]), i8, Binder(extern "RustCall" fn((*mut core::slice::sort::TimSortRun, usize)), []), ()])
3	1	1	1	html5ever::tokenizer::{impl#1}::doctype_id
3	1	1	1	core::slice::sort::merge_sort::{impl#3}::index *mut core::slice::sort::TimSortRun, []), ()]), Closure(DefId(5:5465 ~ alloc[484d]::slice::stable_sort::{closure#3}), [markup5ever::interface::Attribute, FnDef(DefId(2:2551 ~ core[3c87]::cmp::PartialOrd::lt), [markup5ever::interface::Attribute, markup5ever::interface::Attribute]), i8, Binder(extern "RustCall" fn((*mut core::slice::sort::TimSortRun, usize)), []), ()])
3	1	1	1	core::slice::sort::merge_sort::{impl#3}::index, i16, Binder(extern "RustCall" fn((&ReBound(DebruijnIndex(0), BoundRegion { var: 0, kind: BrAnon }) (std::string::String, elasticlunr::inverted_index::InvertedIndex), &ReBound(DebruijnIndex(0), BoundRegion { var: 1, kind: BrAnon }) (std::string::String, elasticlunr::inverted_index::InvertedIndex))) - std::cmp::Ordering, [Region(BrAnon), Region(BrAnon)]), ()]), i16, Binder(extern "RustCall" fn((&ReBound(DebruijnIndex(0), BoundRegion { var: 0, kind: BrAnon }) (std::string::String, elasticlunr::inverted_index::InvertedIndex), &ReBound(DebruijnIndex(0), BoundRegion { var: 1, kind: BrAnon }) (std::string::String, elasticlunr::inverted_index::InvertedIndex))) - bool, [Region(BrAnon), Region(BrAnon)]), (&ReErased mut Closure(DefId(5:1966 ~ alloc[484d]::collections::btree::map::{impl#78}::from_iter::{closure#0}), [std::string::String, elasticlunr::inverted_index::InvertedIndex, std::iter::Map (std::string::String, elasticlunr::inverted_index::InvertedIndex), []), ()]), i16, Binder(extern "RustCall" fn((&ReBound(DebruijnIndex(0), BoundRegion { var: 0, kind: BrAnon }) (std::string::String, elasticlunr::inverted_index::InvertedIndex), &ReBound(DebruijnIndex(0), BoundRegion { var: 1, kind: BrAnon }) (std::string::String, elasticlunr::inverted_index::InvertedIndex))) - std::cmp::Ordering, [Region(BrAnon), Region(BrAnon)]), ()]),)]), i8, Binder(extern "RustCall" fn((usize,)) - *mut core::slice::sort::TimSortRun, []), ()]), Closure(DefId(5:5465 ~ alloc[484d]::slice::stable_sort::{closure#3}), [(std::string::String, elasticlunr::inverted_index::InvertedIndex), Closure(DefId(5:5384 ~ alloc[484d]::slice::{impl#0}::sort_by::{closure#0}), [(std::string::String, elasticlunr::inverted_index::InvertedIndex), Closure(DefId(5:1966 ~ alloc[484d]::collections::btree::map::{impl#78}::from_iter::{closure#0}), [std::string::String, elasticlunr::inverted_index::InvertedIndex, std::iter::Map (std::string::String, elasticlunr::inverted_index::InvertedIndex), []), ()]), i16, Binder(extern "RustCall" fn((&ReBound(DebruijnIndex(0), BoundRegion { var: 0, kind: BrAnon }) (std::string::String, elasticlunr::inverted_index::InvertedIndex), &ReBound(DebruijnIndex(0), BoundRegion { var: 1, kind: BrAnon }) (std::string::String, elasticlunr::inverted_index::InvertedIndex))) - std::cmp::Ordering, [Region(BrAnon), Region(BrAnon)]), ()]), i16, Binder(extern "RustCall" fn((&ReBound(DebruijnIndex(0), BoundRegion { var: 0, kind: BrAnon }) (std::string::String, elasticlunr::inverted_index::InvertedIndex), &ReBound(DebruijnIndex(0), BoundRegion { var: 1, kind: BrAnon }) (std::string::String, elasticlunr::inverted_index::InvertedIndex))) - bool, [Region(BrAnon), Region(BrAnon)]), (&ReErased mut Closure(DefId(5:1966 ~ alloc[484d]::collections::btree::map::{impl#78}::from_iter::{closure#0}), [std::string::String, elasticlunr::inverted_index::InvertedIndex, std::iter::Map (std::string::String, elasticlunr::inverted_index::InvertedIndex), []), ()]), i16, Binder(extern "RustCall" fn((&ReBound(DebruijnIndex(0), BoundRegion { var: 0, kind: BrAnon }) (std::string::String, elasticlunr::inverted_index::InvertedIndex), &ReBound(DebruijnIndex(0), BoundRegion { var: 1, kind: BrAnon }) (std::string::String, elasticlunr::inverted_index::InvertedIndex))) - std::cmp::Ordering, [Region(BrAnon), Region(BrAnon)]), ()]),)]), i8, Binder(extern "RustCall" fn((*mut core::slice::sort::TimSortRun, usize)), []), ()])
3	1	1	1	core::slice::sort::merge_sort::{impl#3}::index u8, [Region(BrAnon)]), ()]), i16, Binder(extern "RustCall" fn((&ReBound(DebruijnIndex(0), BoundRegion { var: 0, kind: BrAnon }) (u8, char), &ReBound(DebruijnIndex(0), BoundRegion { var: 1, kind: BrAnon }) (u8, char))) - bool, [Region(BrAnon), Region(BrAnon)]), (&ReErased mut Closure(DefId(95:43 ~ unicode_normalization[3638]::decompose::{impl#0}::sort_pending::{closure#0}), [std::str::Chars, i16, Binder(extern "RustCall" fn((&ReBound(DebruijnIndex(0), BoundRegion { var: 0, kind: BrAnon }) (u8, char),)) - u8, [Region(BrAnon)]), ()]),)]), i8, Binder(extern "RustCall" fn((usize,)) - *mut core::slice::sort::TimSortRun, []), ()]), Closure(DefId(5:5465 ~ alloc[484d]::slice::stable_sort::{closure#3}), [(u8, char), Closure(DefId(5:5388 ~ alloc[484d]::slice::{impl#0}::sort_by_key::{closure#0}), [(u8, char), u8, Closure(DefId(95:43 ~ unicode_normalization[3638]::decompose::{impl#0}::sort_pending::{closure#0}), [std::str::Chars, i16, Binder(extern "RustCall" fn((&ReBound(DebruijnIndex(0), BoundRegion { var: 0, kind: BrAnon }) (u8, char),)) - u8, [Region(BrAnon)]), ()]), i16, Binder(extern "RustCall" fn((&ReBound(DebruijnIndex(0), BoundRegion { var: 0, kind: BrAnon }) (u8, char), &ReBound(DebruijnIndex(0), BoundRegion { var: 1, kind: BrAnon }) (u8, char))) - bool, [Region(BrAnon), Region(BrAnon)]), (&ReErased mut Closure(DefId(95:43 ~ unicode_normalization[3638]::decompose::{impl#0}::sort_pending::{closure#0}), [std::str::Chars, i16, Binder(extern "RustCall" fn((&ReBound(DebruijnIndex(0), BoundRegion { var: 0, kind: BrAnon }) (u8, char),)) - u8, [Region(BrAnon)]), ()]),)]), i8, Binder(extern "RustCall" fn((*mut core::slice::sort::TimSortRun, usize)), []), ()])
3	1	1	1	core::slice::sort::merge_sort::{impl#3}::index usize, [Region(BrAnon)]), ()]), i16, Binder(extern "RustCall" fn((&ReBound(DebruijnIndex(0), BoundRegion { var: 0, kind: BrAnon }) (usize, char), &ReBound(DebruijnIndex(0), BoundRegion { var: 1, kind: BrAnon }) (usize, char))) - bool, [Region(BrAnon), Region(BrAnon)]), (&ReErased mut Closure(DefId(93:28 ~ idna[cd8a]::punycode::{impl#0}::decode::{closure#0}), [i16, Binder(extern "RustCall" fn((&ReBound(DebruijnIndex(0), BoundRegion { var: 0, kind: BrAnon }) (usize, char),)) - usize, [Region(BrAnon)]), ()]),)]), i8, Binder(extern "RustCall" fn((usize,)) - *mut core::slice::sort::TimSortRun, []), ()]), Closure(DefId(5:5465 ~ alloc[484d]::slice::stable_sort::{closure#3}), [(usize, char), Closure(DefId(5:5388 ~ alloc[484d]::slice::{impl#0}::sort_by_key::{closure#0}), [(usize, char), usize, Closure(DefId(93:28 ~ idna[cd8a]::punycode::{impl#0}::decode::{closure#0}), [i16, Binder(extern "RustCall" fn((&ReBound(DebruijnIndex(0), BoundRegion { var: 0, kind: BrAnon }) (usize, char),)) - usize, [Region(BrAnon)]), ()]), i16, Binder(extern "RustCall" fn((&ReBound(DebruijnIndex(0), BoundRegion { var: 0, kind: BrAnon }) (usize, char), &ReBound(DebruijnIndex(0), BoundRegion { var: 1, kind: BrAnon }) (usize, char))) - bool, [Region(BrAnon), Region(BrAnon)]), (&ReErased mut Closure(DefId(93:28 ~ idna[cd8a]::punycode::{impl#0}::decode::{closure#0}), [i16, Binder(extern "RustCall" fn((&ReBound(DebruijnIndex(0), BoundRegion { var: 0, kind: BrAnon }) (usize, char),)) - usize, [Region(BrAnon)]), ()]),)]), i8, Binder(extern "RustCall" fn((*mut core::slice::sort::TimSortRun, usize)), []), ()])
3	1	1	1	core::slice::sort::merge_sort::{impl#3}::index u8, [Region(BrAnon)]), ()]), i16, Binder(extern "RustCall" fn((&ReBound(DebruijnIndex(0), BoundRegion { var: 0, kind: BrAnon }) (u8, char), &ReBound(DebruijnIndex(0), BoundRegion { var: 1, kind: BrAnon }) (u8, char))) - bool, [Region(BrAnon), Region(BrAnon)]), (&ReErased mut Closure(DefId(95:43 ~ unicode_normalization[3638]::decompose::{impl#0}::sort_pending::{closure#0}), [idna::uts46::Mapper, i16, Binder(extern "RustCall" fn((&ReBound(DebruijnIndex(0), BoundRegion { var: 0, kind: BrAnon }) (u8, char),)) - u8, [Region(BrAnon)]), ()]),)]), i8, Binder(extern "RustCall" fn((usize,)) - *mut core::slice::sort::TimSortRun, []), ()]), Closure(DefId(5:5465 ~ alloc[484d]::slice::stable_sort::{closure#3}), [(u8, char), Closure(DefId(5:5388 ~ alloc[484d]::slice::{impl#0}::sort_by_key::{closure#0}), [(u8, char), u8, Closure(DefId(95:43 ~ unicode_normalization[3638]::decompose::{impl#0}::sort_pending::{closure#0}), [idna::uts46::Mapper, i16, Binder(extern "RustCall" fn((&ReBound(DebruijnIndex(0), BoundRegion { var: 0, kind: BrAnon }) (u8, char),)) - u8, [Region(BrAnon)]), ()]), i16, Binder(extern "RustCall" fn((&ReBound(DebruijnIndex(0), BoundRegion { var: 0, kind: BrAnon }) (u8, char), &ReBound(DebruijnIndex(0), BoundRegion { var: 1, kind: BrAnon }) (u8, char))) - bool, [Region(BrAnon), Region(BrAnon)]), (&ReErased mut Closure(DefId(95:43 ~ unicode_normalization[3638]::decompose::{impl#0}::sort_pending::{closure#0}), [idna::uts46::Mapper, i16, Binder(extern "RustCall" fn((&ReBound(DebruijnIndex(0), BoundRegion { var: 0, kind: BrAnon }) (u8, char),)) - u8, [Region(BrAnon)]), ()]),)]), i8, Binder(extern "RustCall" fn((*mut core::slice::sort::TimSortRun, usize)), []), ()])
3	1	1	1	core::slice::sort::merge_sort::{impl#3}::index std::iter::Chain, []), ()]), i16, Binder(extern "RustCall" fn((&ReBound(DebruijnIndex(0), BoundRegion { var: 0, kind: BrAnon }) (f64, std::string::String), &ReBound(DebruijnIndex(0), BoundRegion { var: 1, kind: BrAnon }) (f64, std::string::String))) - std::cmp::Ordering, [Region(BrAnon), Region(BrAnon)]), ()]), i16, Binder(extern "RustCall" fn((&ReBound(DebruijnIndex(0), BoundRegion { var: 0, kind: BrAnon }) (f64, std::string::String), &ReBound(DebruijnIndex(0), BoundRegion { var: 1, kind: BrAnon }) (f64, std::string::String))) - bool, [Region(BrAnon), Region(BrAnon)]), (&ReErased mut Closure(DefId(20:2394 ~ clap_builder[e420]::parser::features::suggestions::did_you_mean::{closure#2}), [&ReErased str, std::iter::FlatMap, Closure(DefId(20:706 ~ clap_builder[e420]::builder::command::{impl#7}::all_subcommand_names::{closure#0}), [i16, Binder(extern "RustCall" fn((&ReErased clap::Command,)) - std::iter::Chain, []), ()]), i16, Binder(extern "RustCall" fn((&ReBound(DebruijnIndex(0), BoundRegion { var: 0, kind: BrAnon }) (f64, std::string::String), &ReBound(DebruijnIndex(0), BoundRegion { var: 1, kind: BrAnon }) (f64, std::string::String))) - std::cmp::Ordering, [Region(BrAnon), Region(BrAnon)]), ()]),)]), i8, Binder(extern "RustCall" fn((usize,)) - *mut core::slice::sort::TimSortRun, []), ()]), Closure(DefId(5:5465 ~ alloc[484d]::slice::stable_sort::{closure#3}), [(f64, std::string::String), Closure(DefId(5:5384 ~ alloc[484d]::slice::{impl#0}::sort_by::{closure#0}), [(f64, std::string::String), Closure(DefId(20:2394 ~ clap_builder[e420]::parser::features::suggestions::did_you_mean::{closure#2}), [&ReErased str, std::iter::FlatMap, Closure(DefId(20:706 ~ clap_builder[e420]::builder::command::{impl#7}::all_subcommand_names::{closure#0}), [i16, Binder(extern "RustCall" fn((&ReErased clap::Command,)) - std::iter::Chain, []), ()]), i16, Binder(extern "RustCall" fn((&ReBound(DebruijnIndex(0), BoundRegion { var: 0, kind: BrAnon }) (f64, std::string::String), &ReBound(DebruijnIndex(0), BoundRegion { var: 1, kind: BrAnon }) (f64, std::string::String))) - std::cmp::Ordering, [Region(BrAnon), Region(BrAnon)]), ()]), i16, Binder(extern "RustCall" fn((&ReBound(DebruijnIndex(0), BoundRegion { var: 0, kind: BrAnon }) (f64, std::string::String), &ReBound(DebruijnIndex(0), BoundRegion { var: 1, kind: BrAnon }) (f64, std::string::String))) - bool, [Region(BrAnon), Region(BrAnon)]), (&ReErased mut Closure(DefId(20:2394 ~ clap_builder[e420]::parser::features::suggestions::did_you_mean::{closure#2}), [&ReErased str, std::iter::FlatMap, Closure(DefId(20:706 ~ clap_builder[e420]::builder::command::{impl#7}::all_subcommand_names::{closure#0}), [i16, Binder(extern "RustCall" fn((&ReErased clap::Command,)) - std::iter::Chain, []), ()]), i16, Binder(extern "RustCall" fn((&ReBound(DebruijnIndex(0), BoundRegion { var: 0, kind: BrAnon }) (f64, std::string::String), &ReBound(DebruijnIndex(0), BoundRegion { var: 1, kind: BrAnon }) (f64, std::string::String))) - std::cmp::Ordering, [Region(BrAnon), Region(BrAnon)]), ()]),)]), i8, Binder(extern "RustCall" fn((*mut core::slice::sort::TimSortRun, usize)), []), ()])
3	1	1	1	core::slice::sort::merge_sort::{impl#3}::index std::cmp::Ordering, [Region(BrAnon), Region(BrAnon)]), ()]), i16, Binder(extern "RustCall" fn((&ReBound(DebruijnIndex(0), BoundRegion { var: 0, kind: BrAnon }) (f64, std::string::String), &ReBound(DebruijnIndex(0), BoundRegion { var: 1, kind: BrAnon }) (f64, std::string::String))) - bool, [Region(BrAnon), Region(BrAnon)]), (&ReErased mut Closure(DefId(20:2394 ~ clap_builder[e420]::parser::features::suggestions::did_you_mean::{closure#2}), [&ReErased std::string::String, std::slice::Iter, i16, Binder(extern "RustCall" fn((&ReBound(DebruijnIndex(0), BoundRegion { var: 0, kind: BrAnon }) (f64, std::string::String), &ReBound(DebruijnIndex(0), BoundRegion { var: 1, kind: BrAnon }) (f64, std::string::String))) - std::cmp::Ordering, [Region(BrAnon), Region(BrAnon)]), ()]),)]), i8, Binder(extern "RustCall" fn((usize,)) - *mut core::slice::sort::TimSortRun, []), ()]), Closure(DefId(5:5465 ~ alloc[484d]::slice::stable_sort::{closure#3}), [(f64, std::string::String), Closure(DefId(5:5384 ~ alloc[484d]::slice::{impl#0}::sort_by::{closure#0}), [(f64, std::string::String), Closure(DefId(20:2394 ~ clap_builder[e420]::parser::features::suggestions::did_you_mean::{closure#2}), [&ReErased std::string::String, std::slice::Iter, i16, Binder(extern "RustCall" fn((&ReBound(DebruijnIndex(0), BoundRegion { var: 0, kind: BrAnon }) (f64, std::string::String), &ReBound(DebruijnIndex(0), BoundRegion { var: 1, kind: BrAnon }) (f64, std::string::String))) - std::cmp::Ordering, [Region(BrAnon), Region(BrAnon)]), ()]), i16, Binder(extern "RustCall" fn((&ReBound(DebruijnIndex(0), BoundRegion { var: 0, kind: BrAnon }) (f64, std::string::String), &ReBound(DebruijnIndex(0), BoundRegion { var: 1, kind: BrAnon }) (f64, std::string::String))) - bool, [Region(BrAnon), Region(BrAnon)]), (&ReErased mut Closure(DefId(20:2394 ~ clap_builder[e420]::parser::features::suggestions::did_you_mean::{closure#2}), [&ReErased std::string::String, std::slice::Iter, i16, Binder(extern "RustCall" fn((&ReBound(DebruijnIndex(0), BoundRegion { var: 0, kind: BrAnon }) (f64, std::string::String), &ReBound(DebruijnIndex(0), BoundRegion { var: 1, kind: BrAnon }) (f64, std::string::String))) - std::cmp::Ordering, [Region(BrAnon), Region(BrAnon)]), ()]),)]), i8, Binder(extern "RustCall" fn((*mut core::slice::sort::TimSortRun, usize)), []), ()])
3	3	1	1	handlebars::json::value::{impl#2}::value
3	1	1	1	core::slice::sort::merge_sort::{impl#3}::index std::cmp::Ordering, [Region(BrAnon), Region(BrAnon)]), ()]), i16, Binder(extern "RustCall" fn((&ReBound(DebruijnIndex(0), BoundRegion { var: 0, kind: BrAnon }) ((usize, std::string::String), &ReErased clap::Arg), &ReBound(DebruijnIndex(0), BoundRegion { var: 1, kind: BrAnon }) ((usize, std::string::String), &ReErased clap::Arg))) - bool, [Region(BrAnon), Region(BrAnon)]), (&ReErased mut Closure(DefId(20:2551 ~ clap_builder[e420]::output::help_template::{impl#3}::write_args::{closure#1}), [ReErased, ReErased, i16, Binder(extern "RustCall" fn((&ReBound(DebruijnIndex(0), BoundRegion { var: 0, kind: BrAnon }) ((usize, std::string::String), &ReErased clap::Arg), &ReBound(DebruijnIndex(0), BoundRegion { var: 1, kind: BrAnon }) ((usize, std::string::String), &ReErased clap::Arg))) - std::cmp::Ordering, [Region(BrAnon), Region(BrAnon)]), ()]),)]), i8, Binder(extern "RustCall" fn((usize,)) - *mut core::slice::sort::TimSortRun, []), ()]), Closure(DefId(5:5465 ~ alloc[484d]::slice::stable_sort::{closure#3}), [((usize, std::string::String), &ReErased clap::Arg), Closure(DefId(5:5384 ~ alloc[484d]::slice::{impl#0}::sort_by::{closure#0}), [((usize, std::string::String), &ReErased clap::Arg), Closure(DefId(20:2551 ~ clap_builder[e420]::output::help_template::{impl#3}::write_args::{closure#1}), [ReErased, ReErased, i16, Binder(extern "RustCall" fn((&ReBound(DebruijnIndex(0), BoundRegion { var: 0, kind: BrAnon }) ((usize, std::string::String), &ReErased clap::Arg), &ReBound(DebruijnIndex(0), BoundRegion { var: 1, kind: BrAnon }) ((usize, std::string::String), &ReErased clap::Arg))) - std::cmp::Ordering, [Region(BrAnon), Region(BrAnon)]), ()]), i16, Binder(extern "RustCall" fn((&ReBound(DebruijnIndex(0), BoundRegion { var: 0, kind: BrAnon }) ((usize, std::string::String), &ReErased clap::Arg), &ReBound(DebruijnIndex(0), BoundRegion { var: 1, kind: BrAnon }) ((usize, std::string::String), &ReErased clap::Arg))) - bool, [Region(BrAnon), Region(BrAnon)]), (&ReErased mut Closure(DefId(20:2551 ~ clap_builder[e420]::output::help_template::{impl#3}::write_args::{closure#1}), [ReErased, ReErased, i16, Binder(extern "RustCall" fn((&ReBound(DebruijnIndex(0), BoundRegion { var: 0, kind: BrAnon }) ((usize, std::string::String), &ReErased clap::Arg), &ReBound(DebruijnIndex(0), BoundRegion { var: 1, kind: BrAnon }) ((usize, std::string::String), &ReErased clap::Arg))) - std::cmp::Ordering, [Region(BrAnon), Region(BrAnon)]), ()]),)]), i8, Binder(extern "RustCall" fn((*mut core::slice::sort::TimSortRun, usize)), []), ()])
3	1	1	1	core::slice::sort::merge_sort::{impl#3}::index std::cmp::Ordering, [Region(BrAnon), Region(BrAnon)]), ()]), i16, Binder(extern "RustCall" fn((&ReBound(DebruijnIndex(0), BoundRegion { var: 0, kind: BrAnon }) (usize, clap::builder::StyledStr, &ReErased clap::Command), &ReBound(DebruijnIndex(0), BoundRegion { var: 1, kind: BrAnon }) (usize, clap::builder::StyledStr, &ReErased clap::Command))) - bool, [Region(BrAnon), Region(BrAnon)]), (&ReErased mut Closure(DefId(20:2594 ~ clap_builder[e420]::output::help_template::{impl#4}::write_subcommands::{closure#1}), [ReErased, ReErased, i16, Binder(extern "RustCall" fn((&ReBound(DebruijnIndex(0), BoundRegion { var: 0, kind: BrAnon }) (usize, clap::builder::StyledStr, &ReErased clap::Command), &ReBound(DebruijnIndex(0), BoundRegion { var: 1, kind: BrAnon }) (usize, clap::builder::StyledStr, &ReErased clap::Command))) - std::cmp::Ordering, [Region(BrAnon), Region(BrAnon)]), ()]),)]), i8, Binder(extern "RustCall" fn((usize,)) - *mut core::slice::sort::TimSortRun, []), ()]), Closure(DefId(5:5465 ~ alloc[484d]::slice::stable_sort::{closure#3}), [(usize, clap::builder::StyledStr, &ReErased clap::Command), Closure(DefId(5:5384 ~ alloc[484d]::slice::{impl#0}::sort_by::{closure#0}), [(usize, clap::builder::StyledStr, &ReErased clap::Command), Closure(DefId(20:2594 ~ clap_builder[e420]::output::help_template::{impl#4}::write_subcommands::{closure#1}), [ReErased, ReErased, i16, Binder(extern "RustCall" fn((&ReBound(DebruijnIndex(0), BoundRegion { var: 0, kind: BrAnon }) (usize, clap::builder::StyledStr, &ReErased clap::Command), &ReBound(DebruijnIndex(0), BoundRegion { var: 1, kind: BrAnon }) (usize, clap::builder::StyledStr, &ReErased clap::Command))) - std::cmp::Ordering, [Region(BrAnon), Region(BrAnon)]), ()]), i16, Binder(extern "RustCall" fn((&ReBound(DebruijnIndex(0), BoundRegion { var: 0, kind: BrAnon }) (usize, clap::builder::StyledStr, &ReErased clap::Command), &ReBound(DebruijnIndex(0), BoundRegion { var: 1, kind: BrAnon }) (usize, clap::builder::StyledStr, &ReErased clap::Command))) - bool, [Region(BrAnon), Region(BrAnon)]), (&ReErased mut Closure(DefId(20:2594 ~ clap_builder[e420]::output::help_template::{impl#4}::write_subcommands::{closure#1}), [ReErased, ReErased, i16, Binder(extern "RustCall" fn((&ReBound(DebruijnIndex(0), BoundRegion { var: 0, kind: BrAnon }) (usize, clap::builder::StyledStr, &ReErased clap::Command), &ReBound(DebruijnIndex(0), BoundRegion { var: 1, kind: BrAnon }) (usize, clap::builder::StyledStr, &ReErased clap::Command))) - std::cmp::Ordering, [Region(BrAnon), Region(BrAnon)]), ()]),)]), i8, Binder(extern "RustCall" fn((*mut core::slice::sort::TimSortRun, usize)), []), ()])
3	1	1	1	core::slice::sort::merge_sort::{impl#3}::index std::cmp::Ordering, [Region(BrAnon), Region(BrAnon)]), (&ReErased std::vec::Vec,)]), i16, Binder(extern "RustCall" fn((&ReBound(DebruijnIndex(0), BoundRegion { var: 0, kind: BrAnon }) aho_corasick::util::primitives::PatternID, &ReBound(DebruijnIndex(0), BoundRegion { var: 1, kind: BrAnon }) aho_corasick::util::primitives::PatternID)) - bool, [Region(BrAnon), Region(BrAnon)]), (&ReErased mut Closure(DefId(45:773 ~ aho_corasick[86e2]::packed::pattern::{impl#0}::set_match_kind::{closure#0}), [i16, Binder(extern "RustCall" fn((&ReBound(DebruijnIndex(0), BoundRegion { var: 0, kind: BrAnon }) aho_corasick::util::primitives::PatternID, &ReBound(DebruijnIndex(0), BoundRegion { var: 1, kind: BrAnon }) aho_corasick::util::primitives::PatternID)) - std::cmp::Ordering, [Region(BrAnon), Region(BrAnon)]), (&ReErased std::vec::Vec,)]),)]), i8, Binder(extern "RustCall" fn((usize,)) - *mut core::slice::sort::TimSortRun, []), ()]), Closure(DefId(5:5465 ~ alloc[484d]::slice::stable_sort::{closure#3}), [aho_corasick::util::primitives::PatternID, Closure(DefId(5:5384 ~ alloc[484d]::slice::{impl#0}::sort_by::{closure#0}), [aho_corasick::util::primitives::PatternID, Closure(DefId(45:773 ~ aho_corasick[86e2]::packed::pattern::{impl#0}::set_match_kind::{closure#0}), [i16, Binder(extern "RustCall" fn((&ReBound(DebruijnIndex(0), BoundRegion { var: 0, kind: BrAnon }) aho_corasick::util::primitives::PatternID, &ReBound(DebruijnIndex(0), BoundRegion { var: 1, kind: BrAnon }) aho_corasick::util::primitives::PatternID)) - std::cmp::Ordering, [Region(BrAnon), Region(BrAnon)]), (&ReErased std::vec::Vec,)]), i16, Binder(extern "RustCall" fn((&ReBound(DebruijnIndex(0), BoundRegion { var: 0, kind: BrAnon }) aho_corasick::util::primitives::PatternID, &ReBound(DebruijnIndex(0), BoundRegion { var: 1, kind: BrAnon }) aho_corasick::util::primitives::PatternID)) - bool, [Region(BrAnon), Region(BrAnon)]), (&ReErased mut Closure(DefId(45:773 ~ aho_corasick[86e2]::packed::pattern::{impl#0}::set_match_kind::{closure#0}), [i16, Binder(extern "RustCall" fn((&ReBound(DebruijnIndex(0), BoundRegion { var: 0, kind: BrAnon }) aho_corasick::util::primitives::PatternID, &ReBound(DebruijnIndex(0), BoundRegion { var: 1, kind: BrAnon }) aho_corasick::util::primitives::PatternID)) - std::cmp::Ordering, [Region(BrAnon), Region(BrAnon)]), (&ReErased std::vec::Vec,)]),)]), i8, Binder(extern "RustCall" fn((*mut core::slice::sort::TimSortRun, usize)), []), ()])
3	1	1	1	core::slice::sort::merge_sort::{impl#3}::index std::cmp::Ordering, [Region(BrAnon), Region(BrAnon)]), ()]), i16, Binder(extern "RustCall" fn((&ReBound(DebruijnIndex(0), BoundRegion { var: 0, kind: BrAnon }) (usize, &ReErased str, &ReErased clap::Command), &ReBound(DebruijnIndex(0), BoundRegion { var: 1, kind: BrAnon }) (usize, &ReErased str, &ReErased clap::Command))) - bool, [Region(BrAnon), Region(BrAnon)]), (&ReErased mut Closure(DefId(20:2588 ~ clap_builder[e420]::output::help_template::{impl#4}::write_flat_subcommands::{closure#1}), [ReErased, ReErased, i16, Binder(extern "RustCall" fn((&ReBound(DebruijnIndex(0), BoundRegion { var: 0, kind: BrAnon }) (usize, &ReErased str, &ReErased clap::Command), &ReBound(DebruijnIndex(0), BoundRegion { var: 1, kind: BrAnon }) (usize, &ReErased str, &ReErased clap::Command))) - std::cmp::Ordering, [Region(BrAnon), Region(BrAnon)]), ()]),)]), i8, Binder(extern "RustCall" fn((usize,)) - *mut core::slice::sort::TimSortRun, []), ()]), Closure(DefId(5:5465 ~ alloc[484d]::slice::stable_sort::{closure#3}), [(usize, &ReErased str, &ReErased clap::Command), Closure(DefId(5:5384 ~ alloc[484d]::slice::{impl#0}::sort_by::{closure#0}), [(usize, &ReErased str, &ReErased clap::Command), Closure(DefId(20:2588 ~ clap_builder[e420]::output::help_template::{impl#4}::write_flat_subcommands::{closure#1}), [ReErased, ReErased, i16, Binder(extern "RustCall" fn((&ReBound(DebruijnIndex(0), BoundRegion { var: 0, kind: BrAnon }) (usize, &ReErased str, &ReErased clap::Command), &ReBound(DebruijnIndex(0), BoundRegion { var: 1, kind: BrAnon }) (usize, &ReErased str, &ReErased clap::Command))) - std::cmp::Ordering, [Region(BrAnon), Region(BrAnon)]), ()]), i16, Binder(extern "RustCall" fn((&ReBound(DebruijnIndex(0), BoundRegion { var: 0, kind: BrAnon }) (usize, &ReErased str, &ReErased clap::Command), &ReBound(DebruijnIndex(0), BoundRegion { var: 1, kind: BrAnon }) (usize, &ReErased str, &ReErased clap::Command))) - bool, [Region(BrAnon), Region(BrAnon)]), (&ReErased mut Closure(DefId(20:2588 ~ clap_builder[e420]::output::help_template::{impl#4}::write_flat_subcommands::{closure#1}), [ReErased, ReErased, i16, Binder(extern "RustCall" fn((&ReBound(DebruijnIndex(0), BoundRegion { var: 0, kind: BrAnon }) (usize, &ReErased str, &ReErased clap::Command), &ReBound(DebruijnIndex(0), BoundRegion { var: 1, kind: BrAnon }) (usize, &ReErased str, &ReErased clap::Command))) - std::cmp::Ordering, [Region(BrAnon), Region(BrAnon)]), ()]),)]), i8, Binder(extern "RustCall" fn((*mut core::slice::sort::TimSortRun, usize)), []), ()])
3	1	1	1	core::slice::sort::merge_sort::{impl#3}::index, &ReErased str, std::slice::IterMut, i16, Binder(extern "RustCall" fn((&ReErased clap_builder::mkeymap::KeyType,)) - std::option::Option, []), ()]), i16, Binder(extern "RustCall" fn((&ReBound(DebruijnIndex(0), BoundRegion { var: 0, kind: BrAnon }) (f64, std::string::String), &ReBound(DebruijnIndex(0), BoundRegion { var: 1, kind: BrAnon }) (f64, std::string::String))) - std::cmp::Ordering, [Region(BrAnon), Region(BrAnon)]), ()]), i16, Binder(extern "RustCall" fn((&ReBound(DebruijnIndex(0), BoundRegion { var: 0, kind: BrAnon }) (f64, std::string::String), &ReBound(DebruijnIndex(0), BoundRegion { var: 1, kind: BrAnon }) (f64, std::string::String))) - bool, [Region(BrAnon), Region(BrAnon)]), (&ReErased mut Closure(DefId(20:2394 ~ clap_builder[e420]::parser::features::suggestions::did_you_mean::{closure#2}), [std::string::String, std::iter::FilterMap, Closure(DefId(20:2403 ~ clap_builder[e420]::parser::features::suggestions::did_you_mean_flag::{closure#0}::{closure#0}), [ReErased, ReErased, std::iter::Map &ReErased str, []), ()]), &ReErased str, std::slice::IterMut, i16, Binder(extern "RustCall" fn((&ReErased clap_builder::mkeymap::KeyType,)) - std::option::Option, []), ()]), i16, Binder(extern "RustCall" fn((&ReBound(DebruijnIndex(0), BoundRegion { var: 0, kind: BrAnon }) (f64, std::string::String), &ReBound(DebruijnIndex(0), BoundRegion { var: 1, kind: BrAnon }) (f64, std::string::String))) - std::cmp::Ordering, [Region(BrAnon), Region(BrAnon)]), ()]),)]), i8, Binder(extern "RustCall" fn((usize,)) - *mut core::slice::sort::TimSortRun, []), ()]), Closure(DefId(5:5465 ~ alloc[484d]::slice::stable_sort::{closure#3}), [(f64, std::string::String), Closure(DefId(5:5384 ~ alloc[484d]::slice::{impl#0}::sort_by::{closure#0}), [(f64, std::string::String), Closure(DefId(20:2394 ~ clap_builder[e420]::parser::features::suggestions::did_you_mean::{closure#2}), [std::string::String, std::iter::FilterMap, Closure(DefId(20:2403 ~ clap_builder[e420]::parser::features::suggestions::did_you_mean_flag::{closure#0}::{closure#0}), [ReErased, ReErased, std::iter::Map &ReErased str, []), ()]), &ReErased str, std::slice::IterMut, i16, Binder(extern "RustCall" fn((&ReErased clap_builder::mkeymap::KeyType,)) - std::option::Option, []), ()]), i16, Binder(extern "RustCall" fn((&ReBound(DebruijnIndex(0), BoundRegion { var: 0, kind: BrAnon }) (f64, std::string::String), &ReBound(DebruijnIndex(0), BoundRegion { var: 1, kind: BrAnon }) (f64, std::string::String))) - std::cmp::Ordering, [Region(BrAnon), Region(BrAnon)]), ()]), i16, Binder(extern "RustCall" fn((&ReBound(DebruijnIndex(0), BoundRegion { var: 0, kind: BrAnon }) (f64, std::string::String), &ReBound(DebruijnIndex(0), BoundRegion { var: 1, kind: BrAnon }) (f64, std::string::String))) - bool, [Region(BrAnon), Region(BrAnon)]), (&ReErased mut Closure(DefId(20:2394 ~ clap_builder[e420]::parser::features::suggestions::did_you_mean::{closure#2}), [std::string::String, std::iter::FilterMap, Closure(DefId(20:2403 ~ clap_builder[e420]::parser::features::suggestions::did_you_mean_flag::{closure#0}::{closure#0}), [ReErased, ReErased, std::iter::Map &ReErased str, []), ()]), &ReErased str, std::slice::IterMut, i16, Binder(extern "RustCall" fn((&ReErased clap_builder::mkeymap::KeyType,)) - std::option::Option, []), ()]), i16, Binder(extern "RustCall" fn((&ReBound(DebruijnIndex(0), BoundRegion { var: 0, kind: BrAnon }) (f64, std::string::String), &ReBound(DebruijnIndex(0), BoundRegion { var: 1, kind: BrAnon }) (f64, std::string::String))) - std::cmp::Ordering, [Region(BrAnon), Region(BrAnon)]), ()]),)]), i8, Binder(extern "RustCall" fn((*mut core::slice::sort::TimSortRun, usize)), []), ()])
3	3	3	1	tokio::runtime::time::entry::{impl#10}::inner
3	3	3	1	std::sys::pal::unix::process::process_common::{impl#3}::get_envs
3	3	3	1	tokio::runtime::time::entry::{impl#10}::driver
3	3	3	1	std::sys_common::process::{impl#3}::next
3	3	3	1	tracing_core::metadata::{impl#0}::file
3	3	2	2	core::clone::impls::{impl#3}::clone
3	3	2	3	lock_api::mutex::{impl#14}::deref_mut
3	3	3	1	core::pin::{impl#9}::get_unchecked_mut
3	3	3	1	tracing_core::metadata::{impl#0}::module_path
3	2	2	2	core::str::{impl#0}::trim_end_matches
3	3	3	1	tokio::runtime::time::entry::{impl#11}::fire
3	1	1	1	core::iter::adapters::map::{impl#2}::next
3	1	1	1	core::slice::sort::merge_sort::{impl#3}::index std::cmp::Ordering, [Region(BrAnon), Region(BrAnon)]), (&ReErased fs::filter::FileFilter,)]), i16, Binder(extern "RustCall" fn((&ReBound(DebruijnIndex(0), BoundRegion { var: 0, kind: BrAnon }) fs::file::File, &ReBound(DebruijnIndex(0), BoundRegion { var: 1, kind: BrAnon }) fs::file::File)) - bool, [Region(BrAnon), Region(BrAnon)]), (&ReErased mut Closure(DefId(0:326 ~ exa[762e]::fs::filter::{impl#0}::sort_files::{closure#0}), [ReErased, fs::file::File, i16, Binder(extern "RustCall" fn((&ReBound(DebruijnIndex(0), BoundRegion { var: 0, kind: BrAnon }) fs::file::File, &ReBound(DebruijnIndex(0), BoundRegion { var: 1, kind: BrAnon }) fs::file::File)) - std::cmp::Ordering, [Region(BrAnon), Region(BrAnon)]), (&ReErased fs::filter::FileFilter,)]),)]), i8, Binder(extern "RustCall" fn((usize,)) - *mut core::slice::sort::TimSortRun, []), ()]), Closure(DefId(5:5465 ~ alloc[8601]::slice::stable_sort::{closure#3}), [fs::file::File, Closure(DefId(5:5384 ~ alloc[8601]::slice::{impl#0}::sort_by::{closure#0}), [fs::file::File, Closure(DefId(0:326 ~ exa[762e]::fs::filter::{impl#0}::sort_files::{closure#0}), [ReErased, fs::file::File, i16, Binder(extern "RustCall" fn((&ReBound(DebruijnIndex(0), BoundRegion { var: 0, kind: BrAnon }) fs::file::File, &ReBound(DebruijnIndex(0), BoundRegion { var: 1, kind: BrAnon }) fs::file::File)) - std::cmp::Ordering, [Region(BrAnon), Region(BrAnon)]), (&ReErased fs::filter::FileFilter,)]), i16, Binder(extern "RustCall" fn((&ReBound(DebruijnIndex(0), BoundRegion { var: 0, kind: BrAnon }) fs::file::File, &ReBound(DebruijnIndex(0), BoundRegion { var: 1, kind: BrAnon }) fs::file::File)) - bool, [Region(BrAnon), Region(BrAnon)]), (&ReErased mut Closure(DefId(0:326 ~ exa[762e]::fs::filter::{impl#0}::sort_files::{closure#0}), [ReErased, fs::file::File, i16, Binder(extern "RustCall" fn((&ReBound(DebruijnIndex(0), BoundRegion { var: 0, kind: BrAnon }) fs::file::File, &ReBound(DebruijnIndex(0), BoundRegion { var: 1, kind: BrAnon }) fs::file::File)) - std::cmp::Ordering, [Region(BrAnon), Region(BrAnon)]), (&ReErased fs::filter::FileFilter,)]),)]), i8, Binder(extern "RustCall" fn((*mut core::slice::sort::TimSortRun, usize)), []), ()])
3	1	1	1	core::slice::sort::merge_sort::{impl#3}::index std::cmp::Ordering, [Region(BrAnon), Region(BrAnon)]), (&ReErased fs::filter::FileFilter,)]), i16, Binder(extern "RustCall" fn((&ReBound(DebruijnIndex(0), BoundRegion { var: 0, kind: BrAnon }) output::details::Egg, &ReBound(DebruijnIndex(0), BoundRegion { var: 1, kind: BrAnon }) output::details::Egg)) - bool, [Region(BrAnon), Region(BrAnon)]), (&ReErased mut Closure(DefId(0:326 ~ exa[762e]::fs::filter::{impl#0}::sort_files::{closure#0}), [ReErased, output::details::Egg, i16, Binder(extern "RustCall" fn((&ReBound(DebruijnIndex(0), BoundRegion { var: 0, kind: BrAnon }) output::details::Egg, &ReBound(DebruijnIndex(0), BoundRegion { var: 1, kind: BrAnon }) output::details::Egg)) - std::cmp::Ordering, [Region(BrAnon), Region(BrAnon)]), (&ReErased fs::filter::FileFilter,)]),)]), i8, Binder(extern "RustCall" fn((usize,)) - *mut core::slice::sort::TimSortRun, []), ()]), Closure(DefId(5:5465 ~ alloc[8601]::slice::stable_sort::{closure#3}), [output::details::Egg, Closure(DefId(5:5384 ~ alloc[8601]::slice::{impl#0}::sort_by::{closure#0}), [output::details::Egg, Closure(DefId(0:326 ~ exa[762e]::fs::filter::{impl#0}::sort_files::{closure#0}), [ReErased, output::details::Egg, i16, Binder(extern "RustCall" fn((&ReBound(DebruijnIndex(0), BoundRegion { var: 0, kind: BrAnon }) output::details::Egg, &ReBound(DebruijnIndex(0), BoundRegion { var: 1, kind: BrAnon }) output::details::Egg)) - std::cmp::Ordering, [Region(BrAnon), Region(BrAnon)]), (&ReErased fs::filter::FileFilter,)]), i16, Binder(extern "RustCall" fn((&ReBound(DebruijnIndex(0), BoundRegion { var: 0, kind: BrAnon }) output::details::Egg, &ReBound(DebruijnIndex(0), BoundRegion { var: 1, kind: BrAnon }) output::details::Egg)) - bool, [Region(BrAnon), Region(BrAnon)]), (&ReErased mut Closure(DefId(0:326 ~ exa[762e]::fs::filter::{impl#0}::sort_files::{closure#0}), [ReErased, output::details::Egg, i16, Binder(extern "RustCall" fn((&ReBound(DebruijnIndex(0), BoundRegion { var: 0, kind: BrAnon }) output::details::Egg, &ReBound(DebruijnIndex(0), BoundRegion { var: 1, kind: BrAnon }) output::details::Egg)) - std::cmp::Ordering, [Region(BrAnon), Region(BrAnon)]), (&ReErased fs::filter::FileFilter,)]),)]), i8, Binder(extern "RustCall" fn((*mut core::slice::sort::TimSortRun, usize)), []), ()])
3	1	1	1	core::slice::sort::merge_sort::{impl#3}::index std::cmp::Ordering, [Region(BrAnon), Region(BrAnon)]), ()]), i16, Binder(extern "RustCall" fn((&ReBound(DebruijnIndex(0), BoundRegion { var: 0, kind: BrAnon }) fs::file::File, &ReBound(DebruijnIndex(0), BoundRegion { var: 1, kind: BrAnon }) fs::file::File)) - bool, [Region(BrAnon), Region(BrAnon)]), (&ReErased mut Closure(DefId(0:327 ~ exa[762e]::fs::filter::{impl#0}::sort_files::{closure#1}), [ReErased, fs::file::File, i16, Binder(extern "RustCall" fn((&ReBound(DebruijnIndex(0), BoundRegion { var: 0, kind: BrAnon }) fs::file::File, &ReBound(DebruijnIndex(0), BoundRegion { var: 1, kind: BrAnon }) fs::file::File)) - std::cmp::Ordering, [Region(BrAnon), Region(BrAnon)]), ()]),)]), i8, Binder(extern "RustCall" fn((usize,)) - *mut core::slice::sort::TimSortRun, []), ()]), Closure(DefId(5:5465 ~ alloc[8601]::slice::stable_sort::{closure#3}), [fs::file::File, Closure(DefId(5:5384 ~ alloc[8601]::slice::{impl#0}::sort_by::{closure#0}), [fs::file::File, Closure(DefId(0:327 ~ exa[762e]::fs::filter::{impl#0}::sort_files::{closure#1}), [ReErased, fs::file::File, i16, Binder(extern "RustCall" fn((&ReBound(DebruijnIndex(0), BoundRegion { var: 0, kind: BrAnon }) fs::file::File, &ReBound(DebruijnIndex(0), BoundRegion { var: 1, kind: BrAnon }) fs::file::File)) - std::cmp::Ordering, [Region(BrAnon), Region(BrAnon)]), ()]), i16, Binder(extern "RustCall" fn((&ReBound(DebruijnIndex(0), BoundRegion { var: 0, kind: BrAnon }) fs::file::File, &ReBound(DebruijnIndex(0), BoundRegion { var: 1, kind: BrAnon }) fs::file::File)) - bool, [Region(BrAnon), Region(BrAnon)]), (&ReErased mut Closure(DefId(0:327 ~ exa[762e]::fs::filter::{impl#0}::sort_files::{closure#1}), [ReErased, fs::file::File, i16, Binder(extern "RustCall" fn((&ReBound(DebruijnIndex(0), BoundRegion { var: 0, kind: BrAnon }) fs::file::File, &ReBound(DebruijnIndex(0), BoundRegion { var: 1, kind: BrAnon }) fs::file::File)) - std::cmp::Ordering, [Region(BrAnon), Region(BrAnon)]), ()]),)]), i8, Binder(extern "RustCall" fn((*mut core::slice::sort::TimSortRun, usize)), []), ()])
3	1	1	1	core::slice::sort::merge_sort::{impl#3}::index std::cmp::Ordering, [Region(BrAnon), Region(BrAnon)]), ()]), i16, Binder(extern "RustCall" fn((&ReBound(DebruijnIndex(0), BoundRegion { var: 0, kind: BrAnon }) output::details::Egg, &ReBound(DebruijnIndex(0), BoundRegion { var: 1, kind: BrAnon }) output::details::Egg)) - bool, [Region(BrAnon), Region(BrAnon)]), (&ReErased mut Closure(DefId(0:327 ~ exa[762e]::fs::filter::{impl#0}::sort_files::{closure#1}), [ReErased, output::details::Egg, i16, Binder(extern "RustCall" fn((&ReBound(DebruijnIndex(0), BoundRegion { var: 0, kind: BrAnon }) output::details::Egg, &ReBound(DebruijnIndex(0), BoundRegion { var: 1, kind: BrAnon }) output::details::Egg)) - std::cmp::Ordering, [Region(BrAnon), Region(BrAnon)]), ()]),)]), i8, Binder(extern "RustCall" fn((usize,)) - *mut core::slice::sort::TimSortRun, []), ()]), Closure(DefId(5:5465 ~ alloc[8601]::slice::stable_sort::{closure#3}), [output::details::Egg, Closure(DefId(5:5384 ~ alloc[8601]::slice::{impl#0}::sort_by::{closure#0}), [output::details::Egg, Closure(DefId(0:327 ~ exa[762e]::fs::filter::{impl#0}::sort_files::{closure#1}), [ReErased, output::details::Egg, i16, Binder(extern "RustCall" fn((&ReBound(DebruijnIndex(0), BoundRegion { var: 0, kind: BrAnon }) output::details::Egg, &ReBound(DebruijnIndex(0), BoundRegion { var: 1, kind: BrAnon }) output::details::Egg)) - std::cmp::Ordering, [Region(BrAnon), Region(BrAnon)]), ()]), i16, Binder(extern "RustCall" fn((&ReBound(DebruijnIndex(0), BoundRegion { var: 0, kind: BrAnon }) output::details::Egg, &ReBound(DebruijnIndex(0), BoundRegion { var: 1, kind: BrAnon }) output::details::Egg)) - bool, [Region(BrAnon), Region(BrAnon)]), (&ReErased mut Closure(DefId(0:327 ~ exa[762e]::fs::filter::{impl#0}::sort_files::{closure#1}), [ReErased, output::details::Egg, i16, Binder(extern "RustCall" fn((&ReBound(DebruijnIndex(0), BoundRegion { var: 0, kind: BrAnon }) output::details::Egg, &ReBound(DebruijnIndex(0), BoundRegion { var: 1, kind: BrAnon }) output::details::Egg)) - std::cmp::Ordering, [Region(BrAnon), Region(BrAnon)]), ()]),)]), i8, Binder(extern "RustCall" fn((*mut core::slice::sort::TimSortRun, usize)), []), ()])
3	2	2	1	term_grid::{impl#4}::fit_into_columns
3	1	1	1	core::slice::sort::merge_sort::{impl#3}::index std::iter::Chain, []), ()]), i16, Binder(extern "RustCall" fn((&ReBound(DebruijnIndex(0), BoundRegion { var: 0, kind: BrAnon }) (f64, std::string::String), &ReBound(DebruijnIndex(0), BoundRegion { var: 1, kind: BrAnon }) (f64, std::string::String))) - std::cmp::Ordering, [Region(BrAnon), Region(BrAnon)]), ()]), i16, Binder(extern "RustCall" fn((&ReBound(DebruijnIndex(0), BoundRegion { var: 0, kind: BrAnon }) (f64, std::string::String), &ReBound(DebruijnIndex(0), BoundRegion { var: 1, kind: BrAnon }) (f64, std::string::String))) - bool, [Region(BrAnon), Region(BrAnon)]), (&ReErased mut Closure(DefId(21:2391 ~ clap_builder[a654]::parser::features::suggestions::did_you_mean::{closure#2}), [&ReErased str, std::iter::FlatMap, Closure(DefId(21:702 ~ clap_builder[a654]::builder::command::{impl#7}::all_subcommand_names::{closure#0}), [i16, Binder(extern "RustCall" fn((&ReErased clap::Command,)) - std::iter::Chain, []), ()]), i16, Binder(extern "RustCall" fn((&ReBound(DebruijnIndex(0), BoundRegion { var: 0, kind: BrAnon }) (f64, std::string::String), &ReBound(DebruijnIndex(0), BoundRegion { var: 1, kind: BrAnon }) (f64, std::string::String))) - std::cmp::Ordering, [Region(BrAnon), Region(BrAnon)]), ()]),)]), i8, Binder(extern "RustCall" fn((usize,)) - *mut core::slice::sort::TimSortRun, []), ()]), Closure(DefId(5:5465 ~ alloc[484d]::slice::stable_sort::{closure#3}), [(f64, std::string::String), Closure(DefId(5:5384 ~ alloc[484d]::slice::{impl#0}::sort_by::{closure#0}), [(f64, std::string::String), Closure(DefId(21:2391 ~ clap_builder[a654]::parser::features::suggestions::did_you_mean::{closure#2}), [&ReErased str, std::iter::FlatMap, Closure(DefId(21:702 ~ clap_builder[a654]::builder::command::{impl#7}::all_subcommand_names::{closure#0}), [i16, Binder(extern "RustCall" fn((&ReErased clap::Command,)) - std::iter::Chain, []), ()]), i16, Binder(extern "RustCall" fn((&ReBound(DebruijnIndex(0), BoundRegion { var: 0, kind: BrAnon }) (f64, std::string::String), &ReBound(DebruijnIndex(0), BoundRegion { var: 1, kind: BrAnon }) (f64, std::string::String))) - std::cmp::Ordering, [Region(BrAnon), Region(BrAnon)]), ()]), i16, Binder(extern "RustCall" fn((&ReBound(DebruijnIndex(0), BoundRegion { var: 0, kind: BrAnon }) (f64, std::string::String), &ReBound(DebruijnIndex(0), BoundRegion { var: 1, kind: BrAnon }) (f64, std::string::String))) - bool, [Region(BrAnon), Region(BrAnon)]), (&ReErased mut Closure(DefId(21:2391 ~ clap_builder[a654]::parser::features::suggestions::did_you_mean::{closure#2}), [&ReErased str, std::iter::FlatMap, Closure(DefId(21:702 ~ clap_builder[a654]::builder::command::{impl#7}::all_subcommand_names::{closure#0}), [i16, Binder(extern "RustCall" fn((&ReErased clap::Command,)) - std::iter::Chain, []), ()]), i16, Binder(extern "RustCall" fn((&ReBound(DebruijnIndex(0), BoundRegion { var: 0, kind: BrAnon }) (f64, std::string::String), &ReBound(DebruijnIndex(0), BoundRegion { var: 1, kind: BrAnon }) (f64, std::string::String))) - std::cmp::Ordering, [Region(BrAnon), Region(BrAnon)]), ()]),)]), i8, Binder(extern "RustCall" fn((*mut core::slice::sort::TimSortRun, usize)), []), ()])
3	1	1	1	core::slice::sort::merge_sort::{impl#3}::index std::cmp::Ordering, [Region(BrAnon), Region(BrAnon)]), ()]), i16, Binder(extern "RustCall" fn((&ReBound(DebruijnIndex(0), BoundRegion { var: 0, kind: BrAnon }) (usize, &ReErased str, &ReErased clap::Command), &ReBound(DebruijnIndex(0), BoundRegion { var: 1, kind: BrAnon }) (usize, &ReErased str, &ReErased clap::Command))) - bool, [Region(BrAnon), Region(BrAnon)]), (&ReErased mut Closure(DefId(21:2585 ~ clap_builder[a654]::output::help_template::{impl#4}::write_flat_subcommands::{closure#1}), [ReErased, ReErased, i16, Binder(extern "RustCall" fn((&ReBound(DebruijnIndex(0), BoundRegion { var: 0, kind: BrAnon }) (usize, &ReErased str, &ReErased clap::Command), &ReBound(DebruijnIndex(0), BoundRegion { var: 1, kind: BrAnon }) (usize, &ReErased str, &ReErased clap::Command))) - std::cmp::Ordering, [Region(BrAnon), Region(BrAnon)]), ()]),)]), i8, Binder(extern "RustCall" fn((usize,)) - *mut core::slice::sort::TimSortRun, []), ()]), Closure(DefId(5:5465 ~ alloc[484d]::slice::stable_sort::{closure#3}), [(usize, &ReErased str, &ReErased clap::Command), Closure(DefId(5:5384 ~ alloc[484d]::slice::{impl#0}::sort_by::{closure#0}), [(usize, &ReErased str, &ReErased clap::Command), Closure(DefId(21:2585 ~ clap_builder[a654]::output::help_template::{impl#4}::write_flat_subcommands::{closure#1}), [ReErased, ReErased, i16, Binder(extern "RustCall" fn((&ReBound(DebruijnIndex(0), BoundRegion { var: 0, kind: BrAnon }) (usize, &ReErased str, &ReErased clap::Command), &ReBound(DebruijnIndex(0), BoundRegion { var: 1, kind: BrAnon }) (usize, &ReErased str, &ReErased clap::Command))) - std::cmp::Ordering, [Region(BrAnon), Region(BrAnon)]), ()]), i16, Binder(extern "RustCall" fn((&ReBound(DebruijnIndex(0), BoundRegion { var: 0, kind: BrAnon }) (usize, &ReErased str, &ReErased clap::Command), &ReBound(DebruijnIndex(0), BoundRegion { var: 1, kind: BrAnon }) (usize, &ReErased str, &ReErased clap::Command))) - bool, [Region(BrAnon), Region(BrAnon)]), (&ReErased mut Closure(DefId(21:2585 ~ clap_builder[a654]::output::help_template::{impl#4}::write_flat_subcommands::{closure#1}), [ReErased, ReErased, i16, Binder(extern "RustCall" fn((&ReBound(DebruijnIndex(0), BoundRegion { var: 0, kind: BrAnon }) (usize, &ReErased str, &ReErased clap::Command), &ReBound(DebruijnIndex(0), BoundRegion { var: 1, kind: BrAnon }) (usize, &ReErased str, &ReErased clap::Command))) - std::cmp::Ordering, [Region(BrAnon), Region(BrAnon)]), ()]),)]), i8, Binder(extern "RustCall" fn((*mut core::slice::sort::TimSortRun, usize)), []), ()])
3	1	1	1	core::slice::sort::merge_sort::{impl#3}::index, &ReErased str, std::slice::IterMut, i16, Binder(extern "RustCall" fn((&ReErased clap_builder::mkeymap::KeyType,)) - std::option::Option, []), ()]), i16, Binder(extern "RustCall" fn((&ReBound(DebruijnIndex(0), BoundRegion { var: 0, kind: BrAnon }) (f64, std::string::String), &ReBound(DebruijnIndex(0), BoundRegion { var: 1, kind: BrAnon }) (f64, std::string::String))) - std::cmp::Ordering, [Region(BrAnon), Region(BrAnon)]), ()]), i16, Binder(extern "RustCall" fn((&ReBound(DebruijnIndex(0), BoundRegion { var: 0, kind: BrAnon }) (f64, std::string::String), &ReBound(DebruijnIndex(0), BoundRegion { var: 1, kind: BrAnon }) (f64, std::string::String))) - bool, [Region(BrAnon), Region(BrAnon)]), (&ReErased mut Closure(DefId(21:2391 ~ clap_builder[a654]::parser::features::suggestions::did_you_mean::{closure#2}), [std::string::String, std::iter::FilterMap, Closure(DefId(21:2400 ~ clap_builder[a654]::parser::features::suggestions::did_you_mean_flag::{closure#0}::{closure#0}), [ReErased, ReErased, std::iter::Map &ReErased str, []), ()]), &ReErased str, std::slice::IterMut, i16, Binder(extern "RustCall" fn((&ReErased clap_builder::mkeymap::KeyType,)) - std::option::Option, []), ()]), i16, Binder(extern "RustCall" fn((&ReBound(DebruijnIndex(0), BoundRegion { var: 0, kind: BrAnon }) (f64, std::string::String), &ReBound(DebruijnIndex(0), BoundRegion { var: 1, kind: BrAnon }) (f64, std::string::String))) - std::cmp::Ordering, [Region(BrAnon), Region(BrAnon)]), ()]),)]), i8, Binder(extern "RustCall" fn((usize,)) - *mut core::slice::sort::TimSortRun, []), ()]), Closure(DefId(5:5465 ~ alloc[484d]::slice::stable_sort::{closure#3}), [(f64, std::string::String), Closure(DefId(5:5384 ~ alloc[484d]::slice::{impl#0}::sort_by::{closure#0}), [(f64, std::string::String), Closure(DefId(21:2391 ~ clap_builder[a654]::parser::features::suggestions::did_you_mean::{closure#2}), [std::string::String, std::iter::FilterMap, Closure(DefId(21:2400 ~ clap_builder[a654]::parser::features::suggestions::did_you_mean_flag::{closure#0}::{closure#0}), [ReErased, ReErased, std::iter::Map &ReErased str, []), ()]), &ReErased str, std::slice::IterMut, i16, Binder(extern "RustCall" fn((&ReErased clap_builder::mkeymap::KeyType,)) - std::option::Option, []), ()]), i16, Binder(extern "RustCall" fn((&ReBound(DebruijnIndex(0), BoundRegion { var: 0, kind: BrAnon }) (f64, std::string::String), &ReBound(DebruijnIndex(0), BoundRegion { var: 1, kind: BrAnon }) (f64, std::string::String))) - std::cmp::Ordering, [Region(BrAnon), Region(BrAnon)]), ()]), i16, Binder(extern "RustCall" fn((&ReBound(DebruijnIndex(0), BoundRegion { var: 0, kind: BrAnon }) (f64, std::string::String), &ReBound(DebruijnIndex(0), BoundRegion { var: 1, kind: BrAnon }) (f64, std::string::String))) - bool, [Region(BrAnon), Region(BrAnon)]), (&ReErased mut Closure(DefId(21:2391 ~ clap_builder[a654]::parser::features::suggestions::did_you_mean::{closure#2}), [std::string::String, std::iter::FilterMap, Closure(DefId(21:2400 ~ clap_builder[a654]::parser::features::suggestions::did_you_mean_flag::{closure#0}::{closure#0}), [ReErased, ReErased, std::iter::Map &ReErased str, []), ()]), &ReErased str, std::slice::IterMut, i16, Binder(extern "RustCall" fn((&ReErased clap_builder::mkeymap::KeyType,)) - std::option::Option, []), ()]), i16, Binder(extern "RustCall" fn((&ReBound(DebruijnIndex(0), BoundRegion { var: 0, kind: BrAnon }) (f64, std::string::String), &ReBound(DebruijnIndex(0), BoundRegion { var: 1, kind: BrAnon }) (f64, std::string::String))) - std::cmp::Ordering, [Region(BrAnon), Region(BrAnon)]), ()]),)]), i8, Binder(extern "RustCall" fn((*mut core::slice::sort::TimSortRun, usize)), []), ()])
3	1	1	1	core::slice::sort::merge_sort::{impl#3}::index, i16, Binder(extern "RustCall" fn((&ReBound(DebruijnIndex(0), BoundRegion { var: 0, kind: BrAnon }) (f64, std::string::String), &ReBound(DebruijnIndex(0), BoundRegion { var: 1, kind: BrAnon }) (f64, std::string::String))) - std::cmp::Ordering, [Region(BrAnon), Region(BrAnon)]), ()]), i16, Binder(extern "RustCall" fn((&ReBound(DebruijnIndex(0), BoundRegion { var: 0, kind: BrAnon }) (f64, std::string::String), &ReBound(DebruijnIndex(0), BoundRegion { var: 1, kind: BrAnon }) (f64, std::string::String))) - bool, [Region(BrAnon), Region(BrAnon)]), (&ReErased mut Closure(DefId(21:2391 ~ clap_builder[a654]::parser::features::suggestions::did_you_mean::{closure#2}), [&ReErased str, std::iter::Map &ReErased str, []), ()]), i16, Binder(extern "RustCall" fn((&ReBound(DebruijnIndex(0), BoundRegion { var: 0, kind: BrAnon }) (f64, std::string::String), &ReBound(DebruijnIndex(0), BoundRegion { var: 1, kind: BrAnon }) (f64, std::string::String))) - std::cmp::Ordering, [Region(BrAnon), Region(BrAnon)]), ()]),)]), i8, Binder(extern "RustCall" fn((usize,)) - *mut core::slice::sort::TimSortRun, []), ()]), Closure(DefId(5:5465 ~ alloc[484d]::slice::stable_sort::{closure#3}), [(f64, std::string::String), Closure(DefId(5:5384 ~ alloc[484d]::slice::{impl#0}::sort_by::{closure#0}), [(f64, std::string::String), Closure(DefId(21:2391 ~ clap_builder[a654]::parser::features::suggestions::did_you_mean::{closure#2}), [&ReErased str, std::iter::Map &ReErased str, []), ()]), i16, Binder(extern "RustCall" fn((&ReBound(DebruijnIndex(0), BoundRegion { var: 0, kind: BrAnon }) (f64, std::string::String), &ReBound(DebruijnIndex(0), BoundRegion { var: 1, kind: BrAnon }) (f64, std::string::String))) - std::cmp::Ordering, [Region(BrAnon), Region(BrAnon)]), ()]), i16, Binder(extern "RustCall" fn((&ReBound(DebruijnIndex(0), BoundRegion { var: 0, kind: BrAnon }) (f64, std::string::String), &ReBound(DebruijnIndex(0), BoundRegion { var: 1, kind: BrAnon }) (f64, std::string::String))) - bool, [Region(BrAnon), Region(BrAnon)]), (&ReErased mut Closure(DefId(21:2391 ~ clap_builder[a654]::parser::features::suggestions::did_you_mean::{closure#2}), [&ReErased str, std::iter::Map &ReErased str, []), ()]), i16, Binder(extern "RustCall" fn((&ReBound(DebruijnIndex(0), BoundRegion { var: 0, kind: BrAnon }) (f64, std::string::String), &ReBound(DebruijnIndex(0), BoundRegion { var: 1, kind: BrAnon }) (f64, std::string::String))) - std::cmp::Ordering, [Region(BrAnon), Region(BrAnon)]), ()]),)]), i8, Binder(extern "RustCall" fn((*mut core::slice::sort::TimSortRun, usize)), []), ()])
3	1	1	1	core::slice::sort::merge_sort::{impl#3}::index std::cmp::Ordering, [Region(BrAnon), Region(BrAnon)]), ()]), i16, Binder(extern "RustCall" fn((&ReBound(DebruijnIndex(0), BoundRegion { var: 0, kind: BrAnon }) (usize, clap::builder::StyledStr, &ReErased clap::Command), &ReBound(DebruijnIndex(0), BoundRegion { var: 1, kind: BrAnon }) (usize, clap::builder::StyledStr, &ReErased clap::Command))) - bool, [Region(BrAnon), Region(BrAnon)]), (&ReErased mut Closure(DefId(21:2591 ~ clap_builder[a654]::output::help_template::{impl#4}::write_subcommands::{closure#1}), [ReErased, ReErased, i16, Binder(extern "RustCall" fn((&ReBound(DebruijnIndex(0), BoundRegion { var: 0, kind: BrAnon }) (usize, clap::builder::StyledStr, &ReErased clap::Command), &ReBound(DebruijnIndex(0), BoundRegion { var: 1, kind: BrAnon }) (usize, clap::builder::StyledStr, &ReErased clap::Command))) - std::cmp::Ordering, [Region(BrAnon), Region(BrAnon)]), ()]),)]), i8, Binder(extern "RustCall" fn((usize,)) - *mut core::slice::sort::TimSortRun, []), ()]), Closure(DefId(5:5465 ~ alloc[484d]::slice::stable_sort::{closure#3}), [(usize, clap::builder::StyledStr, &ReErased clap::Command), Closure(DefId(5:5384 ~ alloc[484d]::slice::{impl#0}::sort_by::{closure#0}), [(usize, clap::builder::StyledStr, &ReErased clap::Command), Closure(DefId(21:2591 ~ clap_builder[a654]::output::help_template::{impl#4}::write_subcommands::{closure#1}), [ReErased, ReErased, i16, Binder(extern "RustCall" fn((&ReBound(DebruijnIndex(0), BoundRegion { var: 0, kind: BrAnon }) (usize, clap::builder::StyledStr, &ReErased clap::Command), &ReBound(DebruijnIndex(0), BoundRegion { var: 1, kind: BrAnon }) (usize, clap::builder::StyledStr, &ReErased clap::Command))) - std::cmp::Ordering, [Region(BrAnon), Region(BrAnon)]), ()]), i16, Binder(extern "RustCall" fn((&ReBound(DebruijnIndex(0), BoundRegion { var: 0, kind: BrAnon }) (usize, clap::builder::StyledStr, &ReErased clap::Command), &ReBound(DebruijnIndex(0), BoundRegion { var: 1, kind: BrAnon }) (usize, clap::builder::StyledStr, &ReErased clap::Command))) - bool, [Region(BrAnon), Region(BrAnon)]), (&ReErased mut Closure(DefId(21:2591 ~ clap_builder[a654]::output::help_template::{impl#4}::write_subcommands::{closure#1}), [ReErased, ReErased, i16, Binder(extern "RustCall" fn((&ReBound(DebruijnIndex(0), BoundRegion { var: 0, kind: BrAnon }) (usize, clap::builder::StyledStr, &ReErased clap::Command), &ReBound(DebruijnIndex(0), BoundRegion { var: 1, kind: BrAnon }) (usize, clap::builder::StyledStr, &ReErased clap::Command))) - std::cmp::Ordering, [Region(BrAnon), Region(BrAnon)]), ()]),)]), i8, Binder(extern "RustCall" fn((*mut core::slice::sort::TimSortRun, usize)), []), ()])
3	1	1	1	core::slice::sort::merge_sort::{impl#3}::index std::cmp::Ordering, [Region(BrAnon), Region(BrAnon)]), ()]), i16, Binder(extern "RustCall" fn((&ReBound(DebruijnIndex(0), BoundRegion { var: 0, kind: BrAnon }) ((usize, std::string::String), &ReErased clap::Arg), &ReBound(DebruijnIndex(0), BoundRegion { var: 1, kind: BrAnon }) ((usize, std::string::String), &ReErased clap::Arg))) - bool, [Region(BrAnon), Region(BrAnon)]), (&ReErased mut Closure(DefId(21:2548 ~ clap_builder[a654]::output::help_template::{impl#3}::write_args::{closure#1}), [ReErased, ReErased, i16, Binder(extern "RustCall" fn((&ReBound(DebruijnIndex(0), BoundRegion { var: 0, kind: BrAnon }) ((usize, std::string::String), &ReErased clap::Arg), &ReBound(DebruijnIndex(0), BoundRegion { var: 1, kind: BrAnon }) ((usize, std::string::String), &ReErased clap::Arg))) - std::cmp::Ordering, [Region(BrAnon), Region(BrAnon)]), ()]),)]), i8, Binder(extern "RustCall" fn((usize,)) - *mut core::slice::sort::TimSortRun, []), ()]), Closure(DefId(5:5465 ~ alloc[484d]::slice::stable_sort::{closure#3}), [((usize, std::string::String), &ReErased clap::Arg), Closure(DefId(5:5384 ~ alloc[484d]::slice::{impl#0}::sort_by::{closure#0}), [((usize, std::string::String), &ReErased clap::Arg), Closure(DefId(21:2548 ~ clap_builder[a654]::output::help_template::{impl#3}::write_args::{closure#1}), [ReErased, ReErased, i16, Binder(extern "RustCall" fn((&ReBound(DebruijnIndex(0), BoundRegion { var: 0, kind: BrAnon }) ((usize, std::string::String), &ReErased clap::Arg), &ReBound(DebruijnIndex(0), BoundRegion { var: 1, kind: BrAnon }) ((usize, std::string::String), &ReErased clap::Arg))) - std::cmp::Ordering, [Region(BrAnon), Region(BrAnon)]), ()]), i16, Binder(extern "RustCall" fn((&ReBound(DebruijnIndex(0), BoundRegion { var: 0, kind: BrAnon }) ((usize, std::string::String), &ReErased clap::Arg), &ReBound(DebruijnIndex(0), BoundRegion { var: 1, kind: BrAnon }) ((usize, std::string::String), &ReErased clap::Arg))) - bool, [Region(BrAnon), Region(BrAnon)]), (&ReErased mut Closure(DefId(21:2548 ~ clap_builder[a654]::output::help_template::{impl#3}::write_args::{closure#1}), [ReErased, ReErased, i16, Binder(extern "RustCall" fn((&ReBound(DebruijnIndex(0), BoundRegion { var: 0, kind: BrAnon }) ((usize, std::string::String), &ReErased clap::Arg), &ReBound(DebruijnIndex(0), BoundRegion { var: 1, kind: BrAnon }) ((usize, std::string::String), &ReErased clap::Arg))) - std::cmp::Ordering, [Region(BrAnon), Region(BrAnon)]), ()]),)]), i8, Binder(extern "RustCall" fn((*mut core::slice::sort::TimSortRun, usize)), []), ()])
3	1	1	1	core::slice::sort::merge_sort::{impl#3}::index std::cmp::Ordering, [Region(BrAnon), Region(BrAnon)]), ()]), i16, Binder(extern "RustCall" fn((&ReBound(DebruijnIndex(0), BoundRegion { var: 0, kind: BrAnon }) (f64, std::string::String), &ReBound(DebruijnIndex(0), BoundRegion { var: 1, kind: BrAnon }) (f64, std::string::String))) - bool, [Region(BrAnon), Region(BrAnon)]), (&ReErased mut Closure(DefId(21:2391 ~ clap_builder[a654]::parser::features::suggestions::did_you_mean::{closure#2}), [&ReErased std::string::String, std::slice::Iter, i16, Binder(extern "RustCall" fn((&ReBound(DebruijnIndex(0), BoundRegion { var: 0, kind: BrAnon }) (f64, std::string::String), &ReBound(DebruijnIndex(0), BoundRegion { var: 1, kind: BrAnon }) (f64, std::string::String))) - std::cmp::Ordering, [Region(BrAnon), Region(BrAnon)]), ()]),)]), i8, Binder(extern "RustCall" fn((usize,)) - *mut core::slice::sort::TimSortRun, []), ()]), Closure(DefId(5:5465 ~ alloc[484d]::slice::stable_sort::{closure#3}), [(f64, std::string::String), Closure(DefId(5:5384 ~ alloc[484d]::slice::{impl#0}::sort_by::{closure#0}), [(f64, std::string::String), Closure(DefId(21:2391 ~ clap_builder[a654]::parser::features::suggestions::did_you_mean::{closure#2}), [&ReErased std::string::String, std::slice::Iter, i16, Binder(extern "RustCall" fn((&ReBound(DebruijnIndex(0), BoundRegion { var: 0, kind: BrAnon }) (f64, std::string::String), &ReBound(DebruijnIndex(0), BoundRegion { var: 1, kind: BrAnon }) (f64, std::string::String))) - std::cmp::Ordering, [Region(BrAnon), Region(BrAnon)]), ()]), i16, Binder(extern "RustCall" fn((&ReBound(DebruijnIndex(0), BoundRegion { var: 0, kind: BrAnon }) (f64, std::string::String), &ReBound(DebruijnIndex(0), BoundRegion { var: 1, kind: BrAnon }) (f64, std::string::String))) - bool, [Region(BrAnon), Region(BrAnon)]), (&ReErased mut Closure(DefId(21:2391 ~ clap_builder[a654]::parser::features::suggestions::did_you_mean::{closure#2}), [&ReErased std::string::String, std::slice::Iter, i16, Binder(extern "RustCall" fn((&ReBound(DebruijnIndex(0), BoundRegion { var: 0, kind: BrAnon }) (f64, std::string::String), &ReBound(DebruijnIndex(0), BoundRegion { var: 1, kind: BrAnon }) (f64, std::string::String))) - std::cmp::Ordering, [Region(BrAnon), Region(BrAnon)]), ()]),)]), i8, Binder(extern "RustCall" fn((*mut core::slice::sort::TimSortRun, usize)), []), ()])
3	1	1	1	zoxide::db::dir::{impl#0}::display
3	1	1	1	zoxide::shell::{impl#20}::deref
3	1	1	1	wasmtime_environ::component::translate::{impl#1}::types_ref
3	1	1	1	cpp_demangle::ast::{impl#6}::push
3	1	1	1	core::slice::sort::merge_sort::{impl#3}::index usize, [Region(BrAnon)]), ()]), i16, Binder(extern "RustCall" fn((&ReBound(DebruijnIndex(0), BoundRegion { var: 0, kind: BrAnon }) (usize, &ReErased toml_edit::table::Table, std::vec::Vec, bool), &ReBound(DebruijnIndex(0), BoundRegion { var: 1, kind: BrAnon }) (usize, &ReErased toml_edit::table::Table, std::vec::Vec, bool))) - bool, [Region(BrAnon), Region(BrAnon)]), (&ReErased mut Closure(DefId(125:208 ~ toml_edit[d65a]::encode::{impl#0}::fmt::{closure#1}), [i16, Binder(extern "RustCall" fn((&ReBound(DebruijnIndex(0), BoundRegion { var: 0, kind: BrAnon }) (usize, &ReErased toml_edit::table::Table, std::vec::Vec, bool),)) - usize, [Region(BrAnon)]), ()]),)]), i8, Binder(extern "RustCall" fn((usize,)) - *mut core::slice::sort::TimSortRun, []), ()]), Closure(DefId(5:5465 ~ alloc[484d]::slice::stable_sort::{closure#3}), [(usize, &ReErased toml_edit::table::Table, std::vec::Vec, bool), Closure(DefId(5:5388 ~ alloc[484d]::slice::{impl#0}::sort_by_key::{closure#0}), [(usize, &ReErased toml_edit::table::Table, std::vec::Vec, bool), usize, Closure(DefId(125:208 ~ toml_edit[d65a]::encode::{impl#0}::fmt::{closure#1}), [i16, Binder(extern "RustCall" fn((&ReBound(DebruijnIndex(0), BoundRegion { var: 0, kind: BrAnon }) (usize, &ReErased toml_edit::table::Table, std::vec::Vec, bool),)) - usize, [Region(BrAnon)]), ()]), i16, Binder(extern "RustCall" fn((&ReBound(DebruijnIndex(0), BoundRegion { var: 0, kind: BrAnon }) (usize, &ReErased toml_edit::table::Table, std::vec::Vec, bool), &ReBound(DebruijnIndex(0), BoundRegion { var: 1, kind: BrAnon }) (usize, &ReErased toml_edit::table::Table, std::vec::Vec, bool))) - bool, [Region(BrAnon), Region(BrAnon)]), (&ReErased mut Closure(DefId(125:208 ~ toml_edit[d65a]::encode::{impl#0}::fmt::{closure#1}), [i16, Binder(extern "RustCall" fn((&ReBound(DebruijnIndex(0), BoundRegion { var: 0, kind: BrAnon }) (usize, &ReErased toml_edit::table::Table, std::vec::Vec, bool),)) - usize, [Region(BrAnon)]), ()]),)]), i8, Binder(extern "RustCall" fn((*mut core::slice::sort::TimSortRun, usize)), []), ()])
3	1	1	1	core::slice::sort::merge_sort::{impl#3}::index *mut core::slice::sort::TimSortRun, []), ()]), Closure(DefId(5:5465 ~ alloc[484d]::slice::stable_sort::{closure#3}), [regalloc2::VReg, FnDef(DefId(2:2551 ~ core[3c87]::cmp::PartialOrd::lt), [regalloc2::VReg, regalloc2::VReg]), i8, Binder(extern "RustCall" fn((*mut core::slice::sort::TimSortRun, usize)), []), ()])
3	3	1	1	wasmtime_types::{impl#16}::params
3	1	1	1	core::slice::sort::merge_sort::{impl#3}::index &ReErased [u8], [Region(BrAnon)]), (&ReErased &ReErased object::write::Object,)]), i16, Binder(extern "RustCall" fn((&ReBound(DebruijnIndex(0), BoundRegion { var: 0, kind: BrAnon }) usize, &ReBound(DebruijnIndex(0), BoundRegion { var: 1, kind: BrAnon }) usize)) - bool, [Region(BrAnon), Region(BrAnon)]), (&ReErased mut Closure(DefId(76:5875 ~ object[88e5]::write::macho::{impl#2}::macho_write::{closure#1}), [ReErased, i16, Binder(extern "RustCall" fn((&ReBound(DebruijnIndex(0), BoundRegion { var: 0, kind: BrAnon }) usize,)) - &ReErased [u8], [Region(BrAnon)]), (&ReErased &ReErased object::write::Object,)]),)]), i8, Binder(extern "RustCall" fn((usize,)) - *mut core::slice::sort::TimSortRun, []), ()]), Closure(DefId(5:5465 ~ alloc[484d]::slice::stable_sort::{closure#3}), [usize, Closure(DefId(5:5388 ~ alloc[484d]::slice::{impl#0}::sort_by_key::{closure#0}), [usize, &ReErased [u8], Closure(DefId(76:5875 ~ object[88e5]::write::macho::{impl#2}::macho_write::{closure#1}), [ReErased, i16, Binder(extern "RustCall" fn((&ReBound(DebruijnIndex(0), BoundRegion { var: 0, kind: BrAnon }) usize,)) - &ReErased [u8], [Region(BrAnon)]), (&ReErased &ReErased object::write::Object,)]), i16, Binder(extern "RustCall" fn((&ReBound(DebruijnIndex(0), BoundRegion { var: 0, kind: BrAnon }) usize, &ReBound(DebruijnIndex(0), BoundRegion { var: 1, kind: BrAnon }) usize)) - bool, [Region(BrAnon), Region(BrAnon)]), (&ReErased mut Closure(DefId(76:5875 ~ object[88e5]::write::macho::{impl#2}::macho_write::{closure#1}), [ReErased, i16, Binder(extern "RustCall" fn((&ReBound(DebruijnIndex(0), BoundRegion { var: 0, kind: BrAnon }) usize,)) - &ReErased [u8], [Region(BrAnon)]), (&ReErased &ReErased object::write::Object,)]),)]), i8, Binder(extern "RustCall" fn((*mut core::slice::sort::TimSortRun, usize)), []), ()])
3	3	1	1	wasmtime::runtime::vm::instance::{impl#0}::module
3	1	1	1	wasmtime::runtime::vm::send_sync_ptr::{impl#2}::as_ptr
3	1	1	1	core::slice::sort::merge_sort::{impl#3}::index u64, [Region(BrAnon)]), ()]), i16, Binder(extern "RustCall" fn((&ReBound(DebruijnIndex(0), BoundRegion { var: 0, kind: BrAnon }) (u64, wasmtime_cranelift::debug::transform::line_program::SavedLineProgramRow), &ReBound(DebruijnIndex(0), BoundRegion { var: 1, kind: BrAnon }) (u64, wasmtime_cranelift::debug::transform::line_program::SavedLineProgramRow))) - bool, [Region(BrAnon), Region(BrAnon)]), (&ReErased mut Closure(DefId(145:765 ~ wasmtime_cranelift[03f9]::debug::transform::line_program::clone_line_program::{closure#3}), [gimli::read::endian_slice::EndianSlice, i16, Binder(extern "RustCall" fn((&ReBound(DebruijnIndex(0), BoundRegion { var: 0, kind: BrAnon }) (u64, wasmtime_cranelift::debug::transform::line_program::SavedLineProgramRow),)) - u64, [Region(BrAnon)]), ()]),)]), i8, Binder(extern "RustCall" fn((usize,)) - *mut core::slice::sort::TimSortRun, []), ()]), Closure(DefId(5:5465 ~ alloc[484d]::slice::stable_sort::{closure#3}), [(u64, wasmtime_cranelift::debug::transform::line_program::SavedLineProgramRow), Closure(DefId(5:5388 ~ alloc[484d]::slice::{impl#0}::sort_by_key::{closure#0}), [(u64, wasmtime_cranelift::debug::transform::line_program::SavedLineProgramRow), u64, Closure(DefId(145:765 ~ wasmtime_cranelift[03f9]::debug::transform::line_program::clone_line_program::{closure#3}), [gimli::read::endian_slice::EndianSlice, i16, Binder(extern "RustCall" fn((&ReBound(DebruijnIndex(0), BoundRegion { var: 0, kind: BrAnon }) (u64, wasmtime_cranelift::debug::transform::line_program::SavedLineProgramRow),)) - u64, [Region(BrAnon)]), ()]), i16, Binder(extern "RustCall" fn((&ReBound(DebruijnIndex(0), BoundRegion { var: 0, kind: BrAnon }) (u64, wasmtime_cranelift::debug::transform::line_program::SavedLineProgramRow), &ReBound(DebruijnIndex(0), BoundRegion { var: 1, kind: BrAnon }) (u64, wasmtime_cranelift::debug::transform::line_program::SavedLineProgramRow))) - bool, [Region(BrAnon), Region(BrAnon)]), (&ReErased mut Closure(DefId(145:765 ~ wasmtime_cranelift[03f9]::debug::transform::line_program::clone_line_program::{closure#3}), [gimli::read::endian_slice::EndianSlice, i16, Binder(extern "RustCall" fn((&ReBound(DebruijnIndex(0), BoundRegion { var: 0, kind: BrAnon }) (u64, wasmtime_cranelift::debug::transform::line_program::SavedLineProgramRow),)) - u64, [Region(BrAnon)]), ()]),)]), i8, Binder(extern "RustCall" fn((*mut core::slice::sort::TimSortRun, usize)), []), ()])
3	1	1	1	core::slice::sort::merge_sort::{impl#3}::index, &ReErased str, std::slice::IterMut, i16, Binder(extern "RustCall" fn((&ReErased clap_builder::mkeymap::KeyType,)) - std::option::Option, []), ()]), i16, Binder(extern "RustCall" fn((&ReBound(DebruijnIndex(0), BoundRegion { var: 0, kind: BrAnon }) (f64, std::string::String), &ReBound(DebruijnIndex(0), BoundRegion { var: 1, kind: BrAnon }) (f64, std::string::String))) - std::cmp::Ordering, [Region(BrAnon), Region(BrAnon)]), ()]), i16, Binder(extern "RustCall" fn((&ReBound(DebruijnIndex(0), BoundRegion { var: 0, kind: BrAnon }) (f64, std::string::String), &ReBound(DebruijnIndex(0), BoundRegion { var: 1, kind: BrAnon }) (f64, std::string::String))) - bool, [Region(BrAnon), Region(BrAnon)]), (&ReErased mut Closure(DefId(21:2354 ~ clap_builder[2106]::parser::features::suggestions::did_you_mean::{closure#2}), [std::string::String, std::iter::FilterMap, Closure(DefId(21:2363 ~ clap_builder[2106]::parser::features::suggestions::did_you_mean_flag::{closure#0}::{closure#0}), [ReErased, ReErased, std::iter::Map &ReErased str, []), ()]), &ReErased str, std::slice::IterMut, i16, Binder(extern "RustCall" fn((&ReErased clap_builder::mkeymap::KeyType,)) - std::option::Option, []), ()]), i16, Binder(extern "RustCall" fn((&ReBound(DebruijnIndex(0), BoundRegion { var: 0, kind: BrAnon }) (f64, std::string::String), &ReBound(DebruijnIndex(0), BoundRegion { var: 1, kind: BrAnon }) (f64, std::string::String))) - std::cmp::Ordering, [Region(BrAnon), Region(BrAnon)]), ()]),)]), i8, Binder(extern "RustCall" fn((usize,)) - *mut core::slice::sort::TimSortRun, []), ()]), Closure(DefId(5:5465 ~ alloc[484d]::slice::stable_sort::{closure#3}), [(f64, std::string::String), Closure(DefId(5:5384 ~ alloc[484d]::slice::{impl#0}::sort_by::{closure#0}), [(f64, std::string::String), Closure(DefId(21:2354 ~ clap_builder[2106]::parser::features::suggestions::did_you_mean::{closure#2}), [std::string::String, std::iter::FilterMap, Closure(DefId(21:2363 ~ clap_builder[2106]::parser::features::suggestions::did_you_mean_flag::{closure#0}::{closure#0}), [ReErased, ReErased, std::iter::Map &ReErased str, []), ()]), &ReErased str, std::slice::IterMut, i16, Binder(extern "RustCall" fn((&ReErased clap_builder::mkeymap::KeyType,)) - std::option::Option, []), ()]), i16, Binder(extern "RustCall" fn((&ReBound(DebruijnIndex(0), BoundRegion { var: 0, kind: BrAnon }) (f64, std::string::String), &ReBound(DebruijnIndex(0), BoundRegion { var: 1, kind: BrAnon }) (f64, std::string::String))) - std::cmp::Ordering, [Region(BrAnon), Region(BrAnon)]), ()]), i16, Binder(extern "RustCall" fn((&ReBound(DebruijnIndex(0), BoundRegion { var: 0, kind: BrAnon }) (f64, std::string::String), &ReBound(DebruijnIndex(0), BoundRegion { var: 1, kind: BrAnon }) (f64, std::string::String))) - bool, [Region(BrAnon), Region(BrAnon)]), (&ReErased mut Closure(DefId(21:2354 ~ clap_builder[2106]::parser::features::suggestions::did_you_mean::{closure#2}), [std::string::String, std::iter::FilterMap, Closure(DefId(21:2363 ~ clap_builder[2106]::parser::features::suggestions::did_you_mean_flag::{closure#0}::{closure#0}), [ReErased, ReErased, std::iter::Map &ReErased str, []), ()]), &ReErased str, std::slice::IterMut, i16, Binder(extern "RustCall" fn((&ReErased clap_builder::mkeymap::KeyType,)) - std::option::Option, []), ()]), i16, Binder(extern "RustCall" fn((&ReBound(DebruijnIndex(0), BoundRegion { var: 0, kind: BrAnon }) (f64, std::string::String), &ReBound(DebruijnIndex(0), BoundRegion { var: 1, kind: BrAnon }) (f64, std::string::String))) - std::cmp::Ordering, [Region(BrAnon), Region(BrAnon)]), ()]),)]), i8, Binder(extern "RustCall" fn((*mut core::slice::sort::TimSortRun, usize)), []), ()])
3	1	1	1	wasmtime::runtime::types::{impl#25}::param
3	1	1	1	core::slice::sort::merge_sort::{impl#3}::index std::cmp::Ordering, [Region(BrAnon), Region(BrAnon)]), ()]), i16, Binder(extern "RustCall" fn((&ReBound(DebruijnIndex(0), BoundRegion { var: 0, kind: BrAnon }) (&ReErased str, wasmtime_environ::module_artifacts::FlagValue), &ReBound(DebruijnIndex(0), BoundRegion { var: 1, kind: BrAnon }) (&ReErased str, wasmtime_environ::module_artifacts::FlagValue))) - bool, [Region(BrAnon), Region(BrAnon)]), (&ReErased mut Closure(DefId(5:1966 ~ alloc[484d]::collections::btree::map::{impl#78}::from_iter::{closure#0}), [&ReErased str, wasmtime_environ::module_artifacts::FlagValue, std::vec::IntoIter, i16, Binder(extern "RustCall" fn((&ReBound(DebruijnIndex(0), BoundRegion { var: 0, kind: BrAnon }) (&ReErased str, wasmtime_environ::module_artifacts::FlagValue), &ReBound(DebruijnIndex(0), BoundRegion { var: 1, kind: BrAnon }) (&ReErased str, wasmtime_environ::module_artifacts::FlagValue))) - std::cmp::Ordering, [Region(BrAnon), Region(BrAnon)]), ()]),)]), i8, Binder(extern "RustCall" fn((usize,)) - *mut core::slice::sort::TimSortRun, []), ()]), Closure(DefId(5:5465 ~ alloc[484d]::slice::stable_sort::{closure#3}), [(&ReErased str, wasmtime_environ::module_artifacts::FlagValue), Closure(DefId(5:5384 ~ alloc[484d]::slice::{impl#0}::sort_by::{closure#0}), [(&ReErased str, wasmtime_environ::module_artifacts::FlagValue), Closure(DefId(5:1966 ~ alloc[484d]::collections::btree::map::{impl#78}::from_iter::{closure#0}), [&ReErased str, wasmtime_environ::module_artifacts::FlagValue, std::vec::IntoIter, i16, Binder(extern "RustCall" fn((&ReBound(DebruijnIndex(0), BoundRegion { var: 0, kind: BrAnon }) (&ReErased str, wasmtime_environ::module_artifacts::FlagValue), &ReBound(DebruijnIndex(0), BoundRegion { var: 1, kind: BrAnon }) (&ReErased str, wasmtime_environ::module_artifacts::FlagValue))) - std::cmp::Ordering, [Region(BrAnon), Region(BrAnon)]), ()]), i16, Binder(extern "RustCall" fn((&ReBound(DebruijnIndex(0), BoundRegion { var: 0, kind: BrAnon }) (&ReErased str, wasmtime_environ::module_artifacts::FlagValue), &ReBound(DebruijnIndex(0), BoundRegion { var: 1, kind: BrAnon }) (&ReErased str, wasmtime_environ::module_artifacts::FlagValue))) - bool, [Region(BrAnon), Region(BrAnon)]), (&ReErased mut Closure(DefId(5:1966 ~ alloc[484d]::collections::btree::map::{impl#78}::from_iter::{closure#0}), [&ReErased str, wasmtime_environ::module_artifacts::FlagValue, std::vec::IntoIter, i16, Binder(extern "RustCall" fn((&ReBound(DebruijnIndex(0), BoundRegion { var: 0, kind: BrAnon }) (&ReErased str, wasmtime_environ::module_artifacts::FlagValue), &ReBound(DebruijnIndex(0), BoundRegion { var: 1, kind: BrAnon }) (&ReErased str, wasmtime_environ::module_artifacts::FlagValue))) - std::cmp::Ordering, [Region(BrAnon), Region(BrAnon)]), ()]),)]), i8, Binder(extern "RustCall" fn((*mut core::slice::sort::TimSortRun, usize)), []), ()])
3	1	1	1	core::slice::sort::merge_sort::{impl#3}::index std::cmp::Ordering, [Region(BrAnon), Region(BrAnon)]), ()]), i16, Binder(extern "RustCall" fn((&ReBound(DebruijnIndex(0), BoundRegion { var: 0, kind: BrAnon }) (f64, std::string::String), &ReBound(DebruijnIndex(0), BoundRegion { var: 1, kind: BrAnon }) (f64, std::string::String))) - bool, [Region(BrAnon), Region(BrAnon)]), (&ReErased mut Closure(DefId(21:2354 ~ clap_builder[2106]::parser::features::suggestions::did_you_mean::{closure#2}), [&ReErased std::string::String, std::slice::Iter, i16, Binder(extern "RustCall" fn((&ReBound(DebruijnIndex(0), BoundRegion { var: 0, kind: BrAnon }) (f64, std::string::String), &ReBound(DebruijnIndex(0), BoundRegion { var: 1, kind: BrAnon }) (f64, std::string::String))) - std::cmp::Ordering, [Region(BrAnon), Region(BrAnon)]), ()]),)]), i8, Binder(extern "RustCall" fn((usize,)) - *mut core::slice::sort::TimSortRun, []), ()]), Closure(DefId(5:5465 ~ alloc[484d]::slice::stable_sort::{closure#3}), [(f64, std::string::String), Closure(DefId(5:5384 ~ alloc[484d]::slice::{impl#0}::sort_by::{closure#0}), [(f64, std::string::String), Closure(DefId(21:2354 ~ clap_builder[2106]::parser::features::suggestions::did_you_mean::{closure#2}), [&ReErased std::string::String, std::slice::Iter, i16, Binder(extern "RustCall" fn((&ReBound(DebruijnIndex(0), BoundRegion { var: 0, kind: BrAnon }) (f64, std::string::String), &ReBound(DebruijnIndex(0), BoundRegion { var: 1, kind: BrAnon }) (f64, std::string::String))) - std::cmp::Ordering, [Region(BrAnon), Region(BrAnon)]), ()]), i16, Binder(extern "RustCall" fn((&ReBound(DebruijnIndex(0), BoundRegion { var: 0, kind: BrAnon }) (f64, std::string::String), &ReBound(DebruijnIndex(0), BoundRegion { var: 1, kind: BrAnon }) (f64, std::string::String))) - bool, [Region(BrAnon), Region(BrAnon)]), (&ReErased mut Closure(DefId(21:2354 ~ clap_builder[2106]::parser::features::suggestions::did_you_mean::{closure#2}), [&ReErased std::string::String, std::slice::Iter, i16, Binder(extern "RustCall" fn((&ReBound(DebruijnIndex(0), BoundRegion { var: 0, kind: BrAnon }) (f64, std::string::String), &ReBound(DebruijnIndex(0), BoundRegion { var: 1, kind: BrAnon }) (f64, std::string::String))) - std::cmp::Ordering, [Region(BrAnon), Region(BrAnon)]), ()]),)]), i8, Binder(extern "RustCall" fn((*mut core::slice::sort::TimSortRun, usize)), []), ()])
3	1	1	1	wasmparser::validator::component::{impl#1}::add_type::current
3	2	1	1	wasmtime_cranelift::debug::transform::expression::{impl#20}::clone
3	1	1	1	cranelift_codegen::cursor::{impl#0}::new
3	1	1	1	core::slice::sort::merge_sort::{impl#3}::index &ReErased str, [Region(BrAnon)]), ()]), i16, Binder(extern "RustCall" fn((&ReBound(DebruijnIndex(0), BoundRegion { var: 0, kind: BrAnon }) fxprof_processed_profile::markers::MarkerSchema, &ReBound(DebruijnIndex(0), BoundRegion { var: 1, kind: BrAnon }) fxprof_processed_profile::markers::MarkerSchema)) - bool, [Region(BrAnon), Region(BrAnon)]), (&ReErased mut Closure(DefId(102:437 ~ fxprof_processed_profile[63ed]::profile::{impl#4}::serialize::{closure#0}), [ReErased, &ReErased mut serde_json::ser::Serializer, i16, Binder(extern "RustCall" fn((&ReBound(DebruijnIndex(0), BoundRegion { var: 0, kind: BrAnon }) fxprof_processed_profile::markers::MarkerSchema,)) - &ReErased str, [Region(BrAnon)]), ()]),)]), i8, Binder(extern "RustCall" fn((usize,)) - *mut core::slice::sort::TimSortRun, []), ()]), Closure(DefId(5:5465 ~ alloc[484d]::slice::stable_sort::{closure#3}), [fxprof_processed_profile::markers::MarkerSchema, Closure(DefId(5:5388 ~ alloc[484d]::slice::{impl#0}::sort_by_key::{closure#0}), [fxprof_processed_profile::markers::MarkerSchema, &ReErased str, Closure(DefId(102:437 ~ fxprof_processed_profile[63ed]::profile::{impl#4}::serialize::{closure#0}), [ReErased, &ReErased mut serde_json::ser::Serializer, i16, Binder(extern "RustCall" fn((&ReBound(DebruijnIndex(0), BoundRegion { var: 0, kind: BrAnon }) fxprof_processed_profile::markers::MarkerSchema,)) - &ReErased str, [Region(BrAnon)]), ()]), i16, Binder(extern "RustCall" fn((&ReBound(DebruijnIndex(0), BoundRegion { var: 0, kind: BrAnon }) fxprof_processed_profile::markers::MarkerSchema, &ReBound(DebruijnIndex(0), BoundRegion { var: 1, kind: BrAnon }) fxprof_processed_profile::markers::MarkerSchema)) - bool, [Region(BrAnon), Region(BrAnon)]), (&ReErased mut Closure(DefId(102:437 ~ fxprof_processed_profile[63ed]::profile::{impl#4}::serialize::{closure#0}), [ReErased, &ReErased mut serde_json::ser::Serializer, i16, Binder(extern "RustCall" fn((&ReBound(DebruijnIndex(0), BoundRegion { var: 0, kind: BrAnon }) fxprof_processed_profile::markers::MarkerSchema,)) - &ReErased str, [Region(BrAnon)]), ()]),)]), i8, Binder(extern "RustCall" fn((*mut core::slice::sort::TimSortRun, usize)), []), ()])
3	1	1	1	core::slice::sort::merge_sort::{impl#3}::index *mut core::slice::sort::TimSortRun, []), ()]), Closure(DefId(5:5465 ~ alloc[484d]::slice::stable_sort::{closure#3}), [fxprof_processed_profile::library_info::Symbol, FnDef(DefId(2:2551 ~ core[3c87]::cmp::PartialOrd::lt), [fxprof_processed_profile::library_info::Symbol, fxprof_processed_profile::library_info::Symbol]), i8, Binder(extern "RustCall" fn((*mut core::slice::sort::TimSortRun, usize)), []), ()])
3	3	1	1	wasmtime::runtime::vm::mmap_vec::{impl#1}::deref
3	1	1	1	core::slice::sort::merge_sort::{impl#3}::index std::iter::Chain, []), ()]), i16, Binder(extern "RustCall" fn((&ReBound(DebruijnIndex(0), BoundRegion { var: 0, kind: BrAnon }) (f64, std::string::String), &ReBound(DebruijnIndex(0), BoundRegion { var: 1, kind: BrAnon }) (f64, std::string::String))) - std::cmp::Ordering, [Region(BrAnon), Region(BrAnon)]), ()]), i16, Binder(extern "RustCall" fn((&ReBound(DebruijnIndex(0), BoundRegion { var: 0, kind: BrAnon }) (f64, std::string::String), &ReBound(DebruijnIndex(0), BoundRegion { var: 1, kind: BrAnon }) (f64, std::string::String))) - bool, [Region(BrAnon), Region(BrAnon)]), (&ReErased mut Closure(DefId(21:2354 ~ clap_builder[2106]::parser::features::suggestions::did_you_mean::{closure#2}), [&ReErased str, std::iter::FlatMap, Closure(DefId(21:689 ~ clap_builder[2106]::builder::command::{impl#7}::all_subcommand_names::{closure#0}), [i16, Binder(extern "RustCall" fn((&ReErased clap::Command,)) - std::iter::Chain, []), ()]), i16, Binder(extern "RustCall" fn((&ReBound(DebruijnIndex(0), BoundRegion { var: 0, kind: BrAnon }) (f64, std::string::String), &ReBound(DebruijnIndex(0), BoundRegion { var: 1, kind: BrAnon }) (f64, std::string::String))) - std::cmp::Ordering, [Region(BrAnon), Region(BrAnon)]), ()]),)]), i8, Binder(extern "RustCall" fn((usize,)) - *mut core::slice::sort::TimSortRun, []), ()]), Closure(DefId(5:5465 ~ alloc[484d]::slice::stable_sort::{closure#3}), [(f64, std::string::String), Closure(DefId(5:5384 ~ alloc[484d]::slice::{impl#0}::sort_by::{closure#0}), [(f64, std::string::String), Closure(DefId(21:2354 ~ clap_builder[2106]::parser::features::suggestions::did_you_mean::{closure#2}), [&ReErased str, std::iter::FlatMap, Closure(DefId(21:689 ~ clap_builder[2106]::builder::command::{impl#7}::all_subcommand_names::{closure#0}), [i16, Binder(extern "RustCall" fn((&ReErased clap::Command,)) - std::iter::Chain, []), ()]), i16, Binder(extern "RustCall" fn((&ReBound(DebruijnIndex(0), BoundRegion { var: 0, kind: BrAnon }) (f64, std::string::String), &ReBound(DebruijnIndex(0), BoundRegion { var: 1, kind: BrAnon }) (f64, std::string::String))) - std::cmp::Ordering, [Region(BrAnon), Region(BrAnon)]), ()]), i16, Binder(extern "RustCall" fn((&ReBound(DebruijnIndex(0), BoundRegion { var: 0, kind: BrAnon }) (f64, std::string::String), &ReBound(DebruijnIndex(0), BoundRegion { var: 1, kind: BrAnon }) (f64, std::string::String))) - bool, [Region(BrAnon), Region(BrAnon)]), (&ReErased mut Closure(DefId(21:2354 ~ clap_builder[2106]::parser::features::suggestions::did_you_mean::{closure#2}), [&ReErased str, std::iter::FlatMap, Closure(DefId(21:689 ~ clap_builder[2106]::builder::command::{impl#7}::all_subcommand_names::{closure#0}), [i16, Binder(extern "RustCall" fn((&ReErased clap::Command,)) - std::iter::Chain, []), ()]), i16, Binder(extern "RustCall" fn((&ReBound(DebruijnIndex(0), BoundRegion { var: 0, kind: BrAnon }) (f64, std::string::String), &ReBound(DebruijnIndex(0), BoundRegion { var: 1, kind: BrAnon }) (f64, std::string::String))) - std::cmp::Ordering, [Region(BrAnon), Region(BrAnon)]), ()]),)]), i8, Binder(extern "RustCall" fn((*mut core::slice::sort::TimSortRun, usize)), []), ()])
3	1	1	1	core::slice::sort::merge_sort::{impl#3}::index u64, [Region(BrAnon)]), ()]), i16, Binder(extern "RustCall" fn((&ReBound(DebruijnIndex(0), BoundRegion { var: 0, kind: BrAnon }) (regalloc2::ion::data_structures::PosWithPrio, regalloc2::Edit), &ReBound(DebruijnIndex(0), BoundRegion { var: 1, kind: BrAnon }) (regalloc2::ion::data_structures::PosWithPrio, regalloc2::Edit))) - bool, [Region(BrAnon), Region(BrAnon)]), (&ReErased mut Closure(DefId(150:256 ~ regalloc2[b60e]::ion::data_structures::{impl#25}::sort::{closure#0}), [i16, Binder(extern "RustCall" fn((&ReBound(DebruijnIndex(0), BoundRegion { var: 0, kind: BrAnon }) (regalloc2::ion::data_structures::PosWithPrio, regalloc2::Edit),)) - u64, [Region(BrAnon)]), ()]),)]), i8, Binder(extern "RustCall" fn((usize,)) - *mut core::slice::sort::TimSortRun, []), ()]), Closure(DefId(5:5465 ~ alloc[484d]::slice::stable_sort::{closure#3}), [(regalloc2::ion::data_structures::PosWithPrio, regalloc2::Edit), Closure(DefId(5:5388 ~ alloc[484d]::slice::{impl#0}::sort_by_key::{closure#0}), [(regalloc2::ion::data_structures::PosWithPrio, regalloc2::Edit), u64, Closure(DefId(150:256 ~ regalloc2[b60e]::ion::data_structures::{impl#25}::sort::{closure#0}), [i16, Binder(extern "RustCall" fn((&ReBound(DebruijnIndex(0), BoundRegion { var: 0, kind: BrAnon }) (regalloc2::ion::data_structures::PosWithPrio, regalloc2::Edit),)) - u64, [Region(BrAnon)]), ()]), i16, Binder(extern "RustCall" fn((&ReBound(DebruijnIndex(0), BoundRegion { var: 0, kind: BrAnon }) (regalloc2::ion::data_structures::PosWithPrio, regalloc2::Edit), &ReBound(DebruijnIndex(0), BoundRegion { var: 1, kind: BrAnon }) (regalloc2::ion::data_structures::PosWithPrio, regalloc2::Edit))) - bool, [Region(BrAnon), Region(BrAnon)]), (&ReErased mut Closure(DefId(150:256 ~ regalloc2[b60e]::ion::data_structures::{impl#25}::sort::{closure#0}), [i16, Binder(extern "RustCall" fn((&ReBound(DebruijnIndex(0), BoundRegion { var: 0, kind: BrAnon }) (regalloc2::ion::data_structures::PosWithPrio, regalloc2::Edit),)) - u64, [Region(BrAnon)]), ()]),)]), i8, Binder(extern "RustCall" fn((*mut core::slice::sort::TimSortRun, usize)), []), ()])
3	1	1	1	wasmtime::runtime::types::{impl#14}::global
3	3	1	1	wasmtime::runtime::types::{impl#25}::results
3	3	1	1	cranelift_frontend::frontend::{impl#9}::block_params
3	1	1	1	core::slice::sort::merge_sort::{impl#3}::index u64, [Region(BrAnon)]), ()]), i16, Binder(extern "RustCall" fn((&ReBound(DebruijnIndex(0), BoundRegion { var: 0, kind: BrAnon }) cranelift_codegen::ir::memtype::MemoryTypeField, &ReBound(DebruijnIndex(0), BoundRegion { var: 1, kind: BrAnon }) cranelift_codegen::ir::memtype::MemoryTypeField)) - bool, [Region(BrAnon), Region(BrAnon)]), (&ReErased mut Closure(DefId(145:1170 ~ wasmtime_cranelift[03f9]::func_environ::{impl#1}::add_field_to_memtype::{closure#0}), [ReErased, i16, Binder(extern "RustCall" fn((&ReBound(DebruijnIndex(0), BoundRegion { var: 0, kind: BrAnon }) cranelift_codegen::ir::memtype::MemoryTypeField,)) - u64, [Region(BrAnon)]), ()]),)]), i8, Binder(extern "RustCall" fn((usize,)) - *mut core::slice::sort::TimSortRun, []), ()]), Closure(DefId(5:5465 ~ alloc[484d]::slice::stable_sort::{closure#3}), [cranelift_codegen::ir::memtype::MemoryTypeField, Closure(DefId(5:5388 ~ alloc[484d]::slice::{impl#0}::sort_by_key::{closure#0}), [cranelift_codegen::ir::memtype::MemoryTypeField, u64, Closure(DefId(145:1170 ~ wasmtime_cranelift[03f9]::func_environ::{impl#1}::add_field_to_memtype::{closure#0}), [ReErased, i16, Binder(extern "RustCall" fn((&ReBound(DebruijnIndex(0), BoundRegion { var: 0, kind: BrAnon }) cranelift_codegen::ir::memtype::MemoryTypeField,)) - u64, [Region(BrAnon)]), ()]), i16, Binder(extern "RustCall" fn((&ReBound(DebruijnIndex(0), BoundRegion { var: 0, kind: BrAnon }) cranelift_codegen::ir::memtype::MemoryTypeField, &ReBound(DebruijnIndex(0), BoundRegion { var: 1, kind: BrAnon }) cranelift_codegen::ir::memtype::MemoryTypeField)) - bool, [Region(BrAnon), Region(BrAnon)]), (&ReErased mut Closure(DefId(145:1170 ~ wasmtime_cranelift[03f9]::func_environ::{impl#1}::add_field_to_memtype::{closure#0}), [ReErased, i16, Binder(extern "RustCall" fn((&ReBound(DebruijnIndex(0), BoundRegion { var: 0, kind: BrAnon }) cranelift_codegen::ir::memtype::MemoryTypeField,)) - u64, [Region(BrAnon)]), ()]),)]), i8, Binder(extern "RustCall" fn((*mut core::slice::sort::TimSortRun, usize)), []), ()])
3	1	1	1	wasmtime::runtime::types::{impl#5}::unwrap_ref
3	1	1	1	core::slice::sort::merge_sort::{impl#3}::index std::cmp::Ordering, [Region(BrAnon), Region(BrAnon)]), ()]), i16, Binder(extern "RustCall" fn((&ReBound(DebruijnIndex(0), BoundRegion { var: 0, kind: BrAnon }) (usize, clap::builder::StyledStr, &ReErased clap::Command), &ReBound(DebruijnIndex(0), BoundRegion { var: 1, kind: BrAnon }) (usize, clap::builder::StyledStr, &ReErased clap::Command))) - bool, [Region(BrAnon), Region(BrAnon)]), (&ReErased mut Closure(DefId(21:2545 ~ clap_builder[2106]::output::help_template::{impl#4}::write_subcommands::{closure#1}), [ReErased, ReErased, i16, Binder(extern "RustCall" fn((&ReBound(DebruijnIndex(0), BoundRegion { var: 0, kind: BrAnon }) (usize, clap::builder::StyledStr, &ReErased clap::Command), &ReBound(DebruijnIndex(0), BoundRegion { var: 1, kind: BrAnon }) (usize, clap::builder::StyledStr, &ReErased clap::Command))) - std::cmp::Ordering, [Region(BrAnon), Region(BrAnon)]), ()]),)]), i8, Binder(extern "RustCall" fn((usize,)) - *mut core::slice::sort::TimSortRun, []), ()]), Closure(DefId(5:5465 ~ alloc[484d]::slice::stable_sort::{closure#3}), [(usize, clap::builder::StyledStr, &ReErased clap::Command), Closure(DefId(5:5384 ~ alloc[484d]::slice::{impl#0}::sort_by::{closure#0}), [(usize, clap::builder::StyledStr, &ReErased clap::Command), Closure(DefId(21:2545 ~ clap_builder[2106]::output::help_template::{impl#4}::write_subcommands::{closure#1}), [ReErased, ReErased, i16, Binder(extern "RustCall" fn((&ReBound(DebruijnIndex(0), BoundRegion { var: 0, kind: BrAnon }) (usize, clap::builder::StyledStr, &ReErased clap::Command), &ReBound(DebruijnIndex(0), BoundRegion { var: 1, kind: BrAnon }) (usize, clap::builder::StyledStr, &ReErased clap::Command))) - std::cmp::Ordering, [Region(BrAnon), Region(BrAnon)]), ()]), i16, Binder(extern "RustCall" fn((&ReBound(DebruijnIndex(0), BoundRegion { var: 0, kind: BrAnon }) (usize, clap::builder::StyledStr, &ReErased clap::Command), &ReBound(DebruijnIndex(0), BoundRegion { var: 1, kind: BrAnon }) (usize, clap::builder::StyledStr, &ReErased clap::Command))) - bool, [Region(BrAnon), Region(BrAnon)]), (&ReErased mut Closure(DefId(21:2545 ~ clap_builder[2106]::output::help_template::{impl#4}::write_subcommands::{closure#1}), [ReErased, ReErased, i16, Binder(extern "RustCall" fn((&ReBound(DebruijnIndex(0), BoundRegion { var: 0, kind: BrAnon }) (usize, clap::builder::StyledStr, &ReErased clap::Command), &ReBound(DebruijnIndex(0), BoundRegion { var: 1, kind: BrAnon }) (usize, clap::builder::StyledStr, &ReErased clap::Command))) - std::cmp::Ordering, [Region(BrAnon), Region(BrAnon)]), ()]),)]), i8, Binder(extern "RustCall" fn((*mut core::slice::sort::TimSortRun, usize)), []), ()])
3	1	1	1	wast::core::binary::find_names::get_name
3	3	1	1	wasmtime::runtime::vm::component::{impl#7}::as_raw
3	1	1	1	core::slice::sort::merge_sort::{impl#3}::index usize, [Region(BrAnon)]), ()]), i16, Binder(extern "RustCall" fn((&ReBound(DebruijnIndex(0), BoundRegion { var: 0, kind: BrAnon }) regex_automata::minimize::StateSet, &ReBound(DebruijnIndex(0), BoundRegion { var: 1, kind: BrAnon }) regex_automata::minimize::StateSet)) - bool, [Region(BrAnon), Region(BrAnon)]), (&ReErased mut Closure(DefId(229:441 ~ regex_automata[12cf]::minimize::{impl#1}::initial_partitions::{closure#0}), [ReErased, usize, i16, Binder(extern "RustCall" fn((&ReBound(DebruijnIndex(0), BoundRegion { var: 0, kind: BrAnon }) regex_automata::minimize::StateSet,)) - usize, [Region(BrAnon)]), ()]),)]), i8, Binder(extern "RustCall" fn((usize,)) - *mut core::slice::sort::TimSortRun, []), ()]), Closure(DefId(5:5465 ~ alloc[484d]::slice::stable_sort::{closure#3}), [regex_automata::minimize::StateSet, Closure(DefId(5:5388 ~ alloc[484d]::slice::{impl#0}::sort_by_key::{closure#0}), [regex_automata::minimize::StateSet, usize, Closure(DefId(229:441 ~ regex_automata[12cf]::minimize::{impl#1}::initial_partitions::{closure#0}), [ReErased, usize, i16, Binder(extern "RustCall" fn((&ReBound(DebruijnIndex(0), BoundRegion { var: 0, kind: BrAnon }) regex_automata::minimize::StateSet,)) - usize, [Region(BrAnon)]), ()]), i16, Binder(extern "RustCall" fn((&ReBound(DebruijnIndex(0), BoundRegion { var: 0, kind: BrAnon }) regex_automata::minimize::StateSet, &ReBound(DebruijnIndex(0), BoundRegion { var: 1, kind: BrAnon }) regex_automata::minimize::StateSet)) - bool, [Region(BrAnon), Region(BrAnon)]), (&ReErased mut Closure(DefId(229:441 ~ regex_automata[12cf]::minimize::{impl#1}::initial_partitions::{closure#0}), [ReErased, usize, i16, Binder(extern "RustCall" fn((&ReBound(DebruijnIndex(0), BoundRegion { var: 0, kind: BrAnon }) regex_automata::minimize::StateSet,)) - usize, [Region(BrAnon)]), ()]),)]), i8, Binder(extern "RustCall" fn((*mut core::slice::sort::TimSortRun, usize)), []), ()])
3	2	1	1	postcard::ser::serializer::{impl#1}::serialize_struct_variant
3	1	1	1	core::slice::sort::merge_sort::{impl#3}::index &ReErased [u8], [Region(BrAnon)]), (&ReErased &ReErased object::write::Object,)]), i16, Binder(extern "RustCall" fn((&ReBound(DebruijnIndex(0), BoundRegion { var: 0, kind: BrAnon }) usize, &ReBound(DebruijnIndex(0), BoundRegion { var: 1, kind: BrAnon }) usize)) - bool, [Region(BrAnon), Region(BrAnon)]), (&ReErased mut Closure(DefId(76:5874 ~ object[88e5]::write::macho::{impl#2}::macho_write::{closure#0}), [ReErased, i16, Binder(extern "RustCall" fn((&ReBound(DebruijnIndex(0), BoundRegion { var: 0, kind: BrAnon }) usize,)) - &ReErased [u8], [Region(BrAnon)]), (&ReErased &ReErased object::write::Object,)]),)]), i8, Binder(extern "RustCall" fn((usize,)) - *mut core::slice::sort::TimSortRun, []), ()]), Closure(DefId(5:5465 ~ alloc[484d]::slice::stable_sort::{closure#3}), [usize, Closure(DefId(5:5388 ~ alloc[484d]::slice::{impl#0}::sort_by_key::{closure#0}), [usize, &ReErased [u8], Closure(DefId(76:5874 ~ object[88e5]::write::macho::{impl#2}::macho_write::{closure#0}), [ReErased, i16, Binder(extern "RustCall" fn((&ReBound(DebruijnIndex(0), BoundRegion { var: 0, kind: BrAnon }) usize,)) - &ReErased [u8], [Region(BrAnon)]), (&ReErased &ReErased object::write::Object,)]), i16, Binder(extern "RustCall" fn((&ReBound(DebruijnIndex(0), BoundRegion { var: 0, kind: BrAnon }) usize, &ReBound(DebruijnIndex(0), BoundRegion { var: 1, kind: BrAnon }) usize)) - bool, [Region(BrAnon), Region(BrAnon)]), (&ReErased mut Closure(DefId(76:5874 ~ object[88e5]::write::macho::{impl#2}::macho_write::{closure#0}), [ReErased, i16, Binder(extern "RustCall" fn((&ReBound(DebruijnIndex(0), BoundRegion { var: 0, kind: BrAnon }) usize,)) - &ReErased [u8], [Region(BrAnon)]), (&ReErased &ReErased object::write::Object,)]),)]), i8, Binder(extern "RustCall" fn((*mut core::slice::sort::TimSortRun, usize)), []), ()])
3	1	1	1	core::slice::sort::merge_sort::{impl#3}::index u8, [Region(BrAnon)]), ()]), i16, Binder(extern "RustCall" fn((&ReBound(DebruijnIndex(0), BoundRegion { var: 0, kind: BrAnon }) (u8, std::ops::Range), &ReBound(DebruijnIndex(0), BoundRegion { var: 1, kind: BrAnon }) (u8, std::ops::Range))) - bool, [Region(BrAnon), Region(BrAnon)]), (&ReErased mut Closure(DefId(66:495 ~ wasmtime_environ[5eca]::compile::module_artifacts::{impl#0}::push_debuginfo::{closure#0}), [ReErased, i16, Binder(extern "RustCall" fn((&ReBound(DebruijnIndex(0), BoundRegion { var: 0, kind: BrAnon }) (u8, std::ops::Range),)) - u8, [Region(BrAnon)]), ()]),)]), i8, Binder(extern "RustCall" fn((usize,)) - *mut core::slice::sort::TimSortRun, []), ()]), Closure(DefId(5:5465 ~ alloc[484d]::slice::stable_sort::{closure#3}), [(u8, std::ops::Range), Closure(DefId(5:5388 ~ alloc[484d]::slice::{impl#0}::sort_by_key::{closure#0}), [(u8, std::ops::Range), u8, Closure(DefId(66:495 ~ wasmtime_environ[5eca]::compile::module_artifacts::{impl#0}::push_debuginfo::{closure#0}), [ReErased, i16, Binder(extern "RustCall" fn((&ReBound(DebruijnIndex(0), BoundRegion { var: 0, kind: BrAnon }) (u8, std::ops::Range),)) - u8, [Region(BrAnon)]), ()]), i16, Binder(extern "RustCall" fn((&ReBound(DebruijnIndex(0), BoundRegion { var: 0, kind: BrAnon }) (u8, std::ops::Range), &ReBound(DebruijnIndex(0), BoundRegion { var: 1, kind: BrAnon }) (u8, std::ops::Range))) - bool, [Region(BrAnon), Region(BrAnon)]), (&ReErased mut Closure(DefId(66:495 ~ wasmtime_environ[5eca]::compile::module_artifacts::{impl#0}::push_debuginfo::{closure#0}), [ReErased, i16, Binder(extern "RustCall" fn((&ReBound(DebruijnIndex(0), BoundRegion { var: 0, kind: BrAnon }) (u8, std::ops::Range),)) - u8, [Region(BrAnon)]), ()]),)]), i8, Binder(extern "RustCall" fn((*mut core::slice::sort::TimSortRun, usize)), []), ()])
3	1	1	1	core::slice::sort::merge_sort::{impl#3}::index, i16, Binder(extern "RustCall" fn((&ReBound(DebruijnIndex(0), BoundRegion { var: 0, kind: BrAnon }) (f64, std::string::String), &ReBound(DebruijnIndex(0), BoundRegion { var: 1, kind: BrAnon }) (f64, std::string::String))) - std::cmp::Ordering, [Region(BrAnon), Region(BrAnon)]), ()]), i16, Binder(extern "RustCall" fn((&ReBound(DebruijnIndex(0), BoundRegion { var: 0, kind: BrAnon }) (f64, std::string::String), &ReBound(DebruijnIndex(0), BoundRegion { var: 1, kind: BrAnon }) (f64, std::string::String))) - bool, [Region(BrAnon), Region(BrAnon)]), (&ReErased mut Closure(DefId(21:2354 ~ clap_builder[2106]::parser::features::suggestions::did_you_mean::{closure#2}), [&ReErased str, std::iter::Map &ReErased str, []), ()]), i16, Binder(extern "RustCall" fn((&ReBound(DebruijnIndex(0), BoundRegion { var: 0, kind: BrAnon }) (f64, std::string::String), &ReBound(DebruijnIndex(0), BoundRegion { var: 1, kind: BrAnon }) (f64, std::string::String))) - std::cmp::Ordering, [Region(BrAnon), Region(BrAnon)]), ()]),)]), i8, Binder(extern "RustCall" fn((usize,)) - *mut core::slice::sort::TimSortRun, []), ()]), Closure(DefId(5:5465 ~ alloc[484d]::slice::stable_sort::{closure#3}), [(f64, std::string::String), Closure(DefId(5:5384 ~ alloc[484d]::slice::{impl#0}::sort_by::{closure#0}), [(f64, std::string::String), Closure(DefId(21:2354 ~ clap_builder[2106]::parser::features::suggestions::did_you_mean::{closure#2}), [&ReErased str, std::iter::Map &ReErased str, []), ()]), i16, Binder(extern "RustCall" fn((&ReBound(DebruijnIndex(0), BoundRegion { var: 0, kind: BrAnon }) (f64, std::string::String), &ReBound(DebruijnIndex(0), BoundRegion { var: 1, kind: BrAnon }) (f64, std::string::String))) - std::cmp::Ordering, [Region(BrAnon), Region(BrAnon)]), ()]), i16, Binder(extern "RustCall" fn((&ReBound(DebruijnIndex(0), BoundRegion { var: 0, kind: BrAnon }) (f64, std::string::String), &ReBound(DebruijnIndex(0), BoundRegion { var: 1, kind: BrAnon }) (f64, std::string::String))) - bool, [Region(BrAnon), Region(BrAnon)]), (&ReErased mut Closure(DefId(21:2354 ~ clap_builder[2106]::parser::features::suggestions::did_you_mean::{closure#2}), [&ReErased str, std::iter::Map &ReErased str, []), ()]), i16, Binder(extern "RustCall" fn((&ReBound(DebruijnIndex(0), BoundRegion { var: 0, kind: BrAnon }) (f64, std::string::String), &ReBound(DebruijnIndex(0), BoundRegion { var: 1, kind: BrAnon }) (f64, std::string::String))) - std::cmp::Ordering, [Region(BrAnon), Region(BrAnon)]), ()]),)]), i8, Binder(extern "RustCall" fn((*mut core::slice::sort::TimSortRun, usize)), []), ()])
3	1	1	1	core::slice::sort::merge_sort::{impl#3}::index &ReErased wasmtime_types::FuncIndex, [Region(BrAnon)]), ()]), i16, Binder(extern "RustCall" fn((&ReBound(DebruijnIndex(0), BoundRegion { var: 0, kind: BrAnon }) (&ReErased wasmtime_types::FuncIndex, &ReErased &ReErased str), &ReBound(DebruijnIndex(0), BoundRegion { var: 1, kind: BrAnon }) (&ReErased wasmtime_types::FuncIndex, &ReErased &ReErased str))) - bool, [Region(BrAnon), Region(BrAnon)]), (&ReErased mut Closure(DefId(66:498 ~ wasmtime_environ[5eca]::compile::module_artifacts::{impl#0}::append::{closure#1}), [ReErased, i16, Binder(extern "RustCall" fn((&ReBound(DebruijnIndex(0), BoundRegion { var: 0, kind: BrAnon }) (&ReErased wasmtime_types::FuncIndex, &ReErased &ReErased str),)) - &ReErased wasmtime_types::FuncIndex, [Region(BrAnon)]), ()]),)]), i8, Binder(extern "RustCall" fn((usize,)) - *mut core::slice::sort::TimSortRun, []), ()]), Closure(DefId(5:5465 ~ alloc[484d]::slice::stable_sort::{closure#3}), [(&ReErased wasmtime_types::FuncIndex, &ReErased &ReErased str), Closure(DefId(5:5388 ~ alloc[484d]::slice::{impl#0}::sort_by_key::{closure#0}), [(&ReErased wasmtime_types::FuncIndex, &ReErased &ReErased str), &ReErased wasmtime_types::FuncIndex, Closure(DefId(66:498 ~ wasmtime_environ[5eca]::compile::module_artifacts::{impl#0}::append::{closure#1}), [ReErased, i16, Binder(extern "RustCall" fn((&ReBound(DebruijnIndex(0), BoundRegion { var: 0, kind: BrAnon }) (&ReErased wasmtime_types::FuncIndex, &ReErased &ReErased str),)) - &ReErased wasmtime_types::FuncIndex, [Region(BrAnon)]), ()]), i16, Binder(extern "RustCall" fn((&ReBound(DebruijnIndex(0), BoundRegion { var: 0, kind: BrAnon }) (&ReErased wasmtime_types::FuncIndex, &ReErased &ReErased str), &ReBound(DebruijnIndex(0), BoundRegion { var: 1, kind: BrAnon }) (&ReErased wasmtime_types::FuncIndex, &ReErased &ReErased str))) - bool, [Region(BrAnon), Region(BrAnon)]), (&ReErased mut Closure(DefId(66:498 ~ wasmtime_environ[5eca]::compile::module_artifacts::{impl#0}::append::{closure#1}), [ReErased, i16, Binder(extern "RustCall" fn((&ReBound(DebruijnIndex(0), BoundRegion { var: 0, kind: BrAnon }) (&ReErased wasmtime_types::FuncIndex, &ReErased &ReErased str),)) - &ReErased wasmtime_types::FuncIndex, [Region(BrAnon)]), ()]),)]), i8, Binder(extern "RustCall" fn((*mut core::slice::sort::TimSortRun, usize)), []), ()])
3	3	1	1	wasmtime::runtime::vm::vmcontext::{impl#9}::as_i32_mut
3	1	1	1	core::slice::sort::merge_sort::{impl#3}::index std::cmp::Ordering, [Region(BrAnon), Region(BrAnon)]), ()]), i16, Binder(extern "RustCall" fn((&ReBound(DebruijnIndex(0), BoundRegion { var: 0, kind: BrAnon }) &ReErased cranelift_codegen::ir::ValueLabel, &ReBound(DebruijnIndex(0), BoundRegion { var: 1, kind: BrAnon }) &ReErased cranelift_codegen::ir::ValueLabel)) - bool, [Region(BrAnon), Region(BrAnon)]), (&ReErased mut Closure(DefId(145:890 ~ wasmtime_cranelift[03f9]::debug::transform::simulate::generate_vars::{closure#0}), [i16, Binder(extern "RustCall" fn((&ReBound(DebruijnIndex(0), BoundRegion { var: 0, kind: BrAnon }) &ReErased cranelift_codegen::ir::ValueLabel, &ReBound(DebruijnIndex(0), BoundRegion { var: 1, kind: BrAnon }) &ReErased cranelift_codegen::ir::ValueLabel)) - std::cmp::Ordering, [Region(BrAnon), Region(BrAnon)]), ()]),)]), i8, Binder(extern "RustCall" fn((usize,)) - *mut core::slice::sort::TimSortRun, []), ()]), Closure(DefId(5:5465 ~ alloc[484d]::slice::stable_sort::{closure#3}), [&ReErased cranelift_codegen::ir::ValueLabel, Closure(DefId(5:5384 ~ alloc[484d]::slice::{impl#0}::sort_by::{closure#0}), [&ReErased cranelift_codegen::ir::ValueLabel, Closure(DefId(145:890 ~ wasmtime_cranelift[03f9]::debug::transform::simulate::generate_vars::{closure#0}), [i16, Binder(extern "RustCall" fn((&ReBound(DebruijnIndex(0), BoundRegion { var: 0, kind: BrAnon }) &ReErased cranelift_codegen::ir::ValueLabel, &ReBound(DebruijnIndex(0), BoundRegion { var: 1, kind: BrAnon }) &ReErased cranelift_codegen::ir::ValueLabel)) - std::cmp::Ordering, [Region(BrAnon), Region(BrAnon)]), ()]), i16, Binder(extern "RustCall" fn((&ReBound(DebruijnIndex(0), BoundRegion { var: 0, kind: BrAnon }) &ReErased cranelift_codegen::ir::ValueLabel, &ReBound(DebruijnIndex(0), BoundRegion { var: 1, kind: BrAnon }) &ReErased cranelift_codegen::ir::ValueLabel)) - bool, [Region(BrAnon), Region(BrAnon)]), (&ReErased mut Closure(DefId(145:890 ~ wasmtime_cranelift[03f9]::debug::transform::simulate::generate_vars::{closure#0}), [i16, Binder(extern "RustCall" fn((&ReBound(DebruijnIndex(0), BoundRegion { var: 0, kind: BrAnon }) &ReErased cranelift_codegen::ir::ValueLabel, &ReBound(DebruijnIndex(0), BoundRegion { var: 1, kind: BrAnon }) &ReErased cranelift_codegen::ir::ValueLabel)) - std::cmp::Ordering, [Region(BrAnon), Region(BrAnon)]), ()]),)]), i8, Binder(extern "RustCall" fn((*mut core::slice::sort::TimSortRun, usize)), []), ()])
3	1	1	1	core::slice::sort::merge_sort::{impl#3}::index std::cmp::Ordering, [Region(BrAnon), Region(BrAnon)]), (&ReErased fxprof_processed_profile::profile::Profile,)]), i16, Binder(extern "RustCall" fn((&ReBound(DebruijnIndex(0), BoundRegion { var: 0, kind: BrAnon }) fxprof_processed_profile::thread::ProcessHandle, &ReBound(DebruijnIndex(0), BoundRegion { var: 1, kind: BrAnon }) fxprof_processed_profile::thread::ProcessHandle)) - bool, [Region(BrAnon), Region(BrAnon)]), (&ReErased mut Closure(DefId(102:418 ~ fxprof_processed_profile[63ed]::profile::{impl#2}::sorted_threads::{closure#0}), [i16, Binder(extern "RustCall" fn((&ReBound(DebruijnIndex(0), BoundRegion { var: 0, kind: BrAnon }) fxprof_processed_profile::thread::ProcessHandle, &ReBound(DebruijnIndex(0), BoundRegion { var: 1, kind: BrAnon }) fxprof_processed_profile::thread::ProcessHandle)) - std::cmp::Ordering, [Region(BrAnon), Region(BrAnon)]), (&ReErased fxprof_processed_profile::profile::Profile,)]),)]), i8, Binder(extern "RustCall" fn((usize,)) - *mut core::slice::sort::TimSortRun, []), ()]), Closure(DefId(5:5465 ~ alloc[484d]::slice::stable_sort::{closure#3}), [fxprof_processed_profile::thread::ProcessHandle, Closure(DefId(5:5384 ~ alloc[484d]::slice::{impl#0}::sort_by::{closure#0}), [fxprof_processed_profile::thread::ProcessHandle, Closure(DefId(102:418 ~ fxprof_processed_profile[63ed]::profile::{impl#2}::sorted_threads::{closure#0}), [i16, Binder(extern "RustCall" fn((&ReBound(DebruijnIndex(0), BoundRegion { var: 0, kind: BrAnon }) fxprof_processed_profile::thread::ProcessHandle, &ReBound(DebruijnIndex(0), BoundRegion { var: 1, kind: BrAnon }) fxprof_processed_profile::thread::ProcessHandle)) - std::cmp::Ordering, [Region(BrAnon), Region(BrAnon)]), (&ReErased fxprof_processed_profile::profile::Profile,)]), i16, Binder(extern "RustCall" fn((&ReBound(DebruijnIndex(0), BoundRegion { var: 0, kind: BrAnon }) fxprof_processed_profile::thread::ProcessHandle, &ReBound(DebruijnIndex(0), BoundRegion { var: 1, kind: BrAnon }) fxprof_processed_profile::thread::ProcessHandle)) - bool, [Region(BrAnon), Region(BrAnon)]), (&ReErased mut Closure(DefId(102:418 ~ fxprof_processed_profile[63ed]::profile::{impl#2}::sorted_threads::{closure#0}), [i16, Binder(extern "RustCall" fn((&ReBound(DebruijnIndex(0), BoundRegion { var: 0, kind: BrAnon }) fxprof_processed_profile::thread::ProcessHandle, &ReBound(DebruijnIndex(0), BoundRegion { var: 1, kind: BrAnon }) fxprof_processed_profile::thread::ProcessHandle)) - std::cmp::Ordering, [Region(BrAnon), Region(BrAnon)]), (&ReErased fxprof_processed_profile::profile::Profile,)]),)]), i8, Binder(extern "RustCall" fn((*mut core::slice::sort::TimSortRun, usize)), []), ()])
3	1	1	1	core::slice::sort::merge_sort::{impl#3}::index std::cmp::Ordering, [Region(BrAnon), Region(BrAnon)]), ()]), i16, Binder(extern "RustCall" fn((&ReBound(DebruijnIndex(0), BoundRegion { var: 0, kind: BrAnon }) ((usize, std::string::String), &ReErased clap::Arg), &ReBound(DebruijnIndex(0), BoundRegion { var: 1, kind: BrAnon }) ((usize, std::string::String), &ReErased clap::Arg))) - bool, [Region(BrAnon), Region(BrAnon)]), (&ReErased mut Closure(DefId(21:2508 ~ clap_builder[2106]::output::help_template::{impl#3}::write_args::{closure#1}), [ReErased, ReErased, i16, Binder(extern "RustCall" fn((&ReBound(DebruijnIndex(0), BoundRegion { var: 0, kind: BrAnon }) ((usize, std::string::String), &ReErased clap::Arg), &ReBound(DebruijnIndex(0), BoundRegion { var: 1, kind: BrAnon }) ((usize, std::string::String), &ReErased clap::Arg))) - std::cmp::Ordering, [Region(BrAnon), Region(BrAnon)]), ()]),)]), i8, Binder(extern "RustCall" fn((usize,)) - *mut core::slice::sort::TimSortRun, []), ()]), Closure(DefId(5:5465 ~ alloc[484d]::slice::stable_sort::{closure#3}), [((usize, std::string::String), &ReErased clap::Arg), Closure(DefId(5:5384 ~ alloc[484d]::slice::{impl#0}::sort_by::{closure#0}), [((usize, std::string::String), &ReErased clap::Arg), Closure(DefId(21:2508 ~ clap_builder[2106]::output::help_template::{impl#3}::write_args::{closure#1}), [ReErased, ReErased, i16, Binder(extern "RustCall" fn((&ReBound(DebruijnIndex(0), BoundRegion { var: 0, kind: BrAnon }) ((usize, std::string::String), &ReErased clap::Arg), &ReBound(DebruijnIndex(0), BoundRegion { var: 1, kind: BrAnon }) ((usize, std::string::String), &ReErased clap::Arg))) - std::cmp::Ordering, [Region(BrAnon), Region(BrAnon)]), ()]), i16, Binder(extern "RustCall" fn((&ReBound(DebruijnIndex(0), BoundRegion { var: 0, kind: BrAnon }) ((usize, std::string::String), &ReErased clap::Arg), &ReBound(DebruijnIndex(0), BoundRegion { var: 1, kind: BrAnon }) ((usize, std::string::String), &ReErased clap::Arg))) - bool, [Region(BrAnon), Region(BrAnon)]), (&ReErased mut Closure(DefId(21:2508 ~ clap_builder[2106]::output::help_template::{impl#3}::write_args::{closure#1}), [ReErased, ReErased, i16, Binder(extern "RustCall" fn((&ReBound(DebruijnIndex(0), BoundRegion { var: 0, kind: BrAnon }) ((usize, std::string::String), &ReErased clap::Arg), &ReBound(DebruijnIndex(0), BoundRegion { var: 1, kind: BrAnon }) ((usize, std::string::String), &ReErased clap::Arg))) - std::cmp::Ordering, [Region(BrAnon), Region(BrAnon)]), ()]),)]), i8, Binder(extern "RustCall" fn((*mut core::slice::sort::TimSortRun, usize)), []), ()])
3	1	1	1	winch_codegen::codegen::control::{impl#2}::params
3	1	1	1	core::slice::sort::merge_sort::{impl#3}::index u32, [Region(BrAnon)]), ()]), i16, Binder(extern "RustCall" fn((&ReBound(DebruijnIndex(0), BoundRegion { var: 0, kind: BrAnon }) cranelift_codegen::machinst::buffer::MachSrcLoc, &ReBound(DebruijnIndex(0), BoundRegion { var: 1, kind: BrAnon }) cranelift_codegen::machinst::buffer::MachSrcLoc)) - bool, [Region(BrAnon), Region(BrAnon)]), (&ReErased mut Closure(DefId(146:963 ~ cranelift_codegen[3428]::machinst::buffer::{impl#6}::finish::{closure#1}), [cranelift_codegen::isa::x64::lower::isle::generated_code::MInst, i16, Binder(extern "RustCall" fn((&ReBound(DebruijnIndex(0), BoundRegion { var: 0, kind: BrAnon }) cranelift_codegen::machinst::buffer::MachSrcLoc,)) - u32, [Region(BrAnon)]), ()]),)]), i8, Binder(extern "RustCall" fn((usize,)) - *mut core::slice::sort::TimSortRun, []), ()]), Closure(DefId(5:5465 ~ alloc[484d]::slice::stable_sort::{closure#3}), [cranelift_codegen::machinst::buffer::MachSrcLoc, Closure(DefId(5:5388 ~ alloc[484d]::slice::{impl#0}::sort_by_key::{closure#0}), [cranelift_codegen::machinst::buffer::MachSrcLoc, u32, Closure(DefId(146:963 ~ cranelift_codegen[3428]::machinst::buffer::{impl#6}::finish::{closure#1}), [cranelift_codegen::isa::x64::lower::isle::generated_code::MInst, i16, Binder(extern "RustCall" fn((&ReBound(DebruijnIndex(0), BoundRegion { var: 0, kind: BrAnon }) cranelift_codegen::machinst::buffer::MachSrcLoc,)) - u32, [Region(BrAnon)]), ()]), i16, Binder(extern "RustCall" fn((&ReBound(DebruijnIndex(0), BoundRegion { var: 0, kind: BrAnon }) cranelift_codegen::machinst::buffer::MachSrcLoc, &ReBound(DebruijnIndex(0), BoundRegion { var: 1, kind: BrAnon }) cranelift_codegen::machinst::buffer::MachSrcLoc)) - bool, [Region(BrAnon), Region(BrAnon)]), (&ReErased mut Closure(DefId(146:963 ~ cranelift_codegen[3428]::machinst::buffer::{impl#6}::finish::{closure#1}), [cranelift_codegen::isa::x64::lower::isle::generated_code::MInst, i16, Binder(extern "RustCall" fn((&ReBound(DebruijnIndex(0), BoundRegion { var: 0, kind: BrAnon }) cranelift_codegen::machinst::buffer::MachSrcLoc,)) - u32, [Region(BrAnon)]), ()]),)]), i8, Binder(extern "RustCall" fn((*mut core::slice::sort::TimSortRun, usize)), []), ()])
3	1	1	1	core::slice::sort::merge_sort::{impl#3}::index std::cmp::Ordering, [Region(BrAnon), Region(BrAnon)]), ()]), i16, Binder(extern "RustCall" fn((&ReBound(DebruijnIndex(0), BoundRegion { var: 0, kind: BrAnon }) env_logger::filter::Directive, &ReBound(DebruijnIndex(0), BoundRegion { var: 1, kind: BrAnon }) env_logger::filter::Directive)) - bool, [Region(BrAnon), Region(BrAnon)]), (&ReErased mut Closure(DefId(236:55 ~ env_logger[ad3f]::filter::{impl#1}::build::{closure#1}), [i16, Binder(extern "RustCall" fn((&ReBound(DebruijnIndex(0), BoundRegion { var: 0, kind: BrAnon }) env_logger::filter::Directive, &ReBound(DebruijnIndex(0), BoundRegion { var: 1, kind: BrAnon }) env_logger::filter::Directive)) - std::cmp::Ordering, [Region(BrAnon), Region(BrAnon)]), ()]),)]), i8, Binder(extern "RustCall" fn((usize,)) - *mut core::slice::sort::TimSortRun, []), ()]), Closure(DefId(5:5465 ~ alloc[484d]::slice::stable_sort::{closure#3}), [env_logger::filter::Directive, Closure(DefId(5:5384 ~ alloc[484d]::slice::{impl#0}::sort_by::{closure#0}), [env_logger::filter::Directive, Closure(DefId(236:55 ~ env_logger[ad3f]::filter::{impl#1}::build::{closure#1}), [i16, Binder(extern "RustCall" fn((&ReBound(DebruijnIndex(0), BoundRegion { var: 0, kind: BrAnon }) env_logger::filter::Directive, &ReBound(DebruijnIndex(0), BoundRegion { var: 1, kind: BrAnon }) env_logger::filter::Directive)) - std::cmp::Ordering, [Region(BrAnon), Region(BrAnon)]), ()]), i16, Binder(extern "RustCall" fn((&ReBound(DebruijnIndex(0), BoundRegion { var: 0, kind: BrAnon }) env_logger::filter::Directive, &ReBound(DebruijnIndex(0), BoundRegion { var: 1, kind: BrAnon }) env_logger::filter::Directive)) - bool, [Region(BrAnon), Region(BrAnon)]), (&ReErased mut Closure(DefId(236:55 ~ env_logger[ad3f]::filter::{impl#1}::build::{closure#1}), [i16, Binder(extern "RustCall" fn((&ReBound(DebruijnIndex(0), BoundRegion { var: 0, kind: BrAnon }) env_logger::filter::Directive, &ReBound(DebruijnIndex(0), BoundRegion { var: 1, kind: BrAnon }) env_logger::filter::Directive)) - std::cmp::Ordering, [Region(BrAnon), Region(BrAnon)]), ()]),)]), i8, Binder(extern "RustCall" fn((*mut core::slice::sort::TimSortRun, usize)), []), ()])
3	2	1	1	regalloc2::ion::data_structures::{impl#100}::index_mut
3	1	1	1	core::slice::iter::{impl#6}::clone
3	1	1	1	core::slice::sort::merge_sort::{impl#3}::index *mut core::slice::sort::TimSortRun, []), ()]), Closure(DefId(5:5465 ~ alloc[484d]::slice::stable_sort::{closure#3}), [wasmtime_types::ModuleInternedTypeIndex, FnDef(DefId(2:2551 ~ core[3c87]::cmp::PartialOrd::lt), [wasmtime_types::ModuleInternedTypeIndex, wasmtime_types::ModuleInternedTypeIndex]), i8, Binder(extern "RustCall" fn((*mut core::slice::sort::TimSortRun, usize)), []), ()])
3	1	1	1	core::slice::sort::merge_sort::{impl#3}::index std::cmp::Ordering, [Region(BrAnon), Region(BrAnon)]), (&ReErased fxprof_processed_profile::profile::Profile,)]), i16, Binder(extern "RustCall" fn((&ReBound(DebruijnIndex(0), BoundRegion { var: 0, kind: BrAnon }) fxprof_processed_profile::process::ThreadHandle, &ReBound(DebruijnIndex(0), BoundRegion { var: 1, kind: BrAnon }) fxprof_processed_profile::process::ThreadHandle)) - bool, [Region(BrAnon), Region(BrAnon)]), (&ReErased mut Closure(DefId(102:419 ~ fxprof_processed_profile[63ed]::profile::{impl#2}::sorted_threads::{closure#1}), [i16, Binder(extern "RustCall" fn((&ReBound(DebruijnIndex(0), BoundRegion { var: 0, kind: BrAnon }) fxprof_processed_profile::process::ThreadHandle, &ReBound(DebruijnIndex(0), BoundRegion { var: 1, kind: BrAnon }) fxprof_processed_profile::process::ThreadHandle)) - std::cmp::Ordering, [Region(BrAnon), Region(BrAnon)]), (&ReErased fxprof_processed_profile::profile::Profile,)]),)]), i8, Binder(extern "RustCall" fn((usize,)) - *mut core::slice::sort::TimSortRun, []), ()]), Closure(DefId(5:5465 ~ alloc[484d]::slice::stable_sort::{closure#3}), [fxprof_processed_profile::process::ThreadHandle, Closure(DefId(5:5384 ~ alloc[484d]::slice::{impl#0}::sort_by::{closure#0}), [fxprof_processed_profile::process::ThreadHandle, Closure(DefId(102:419 ~ fxprof_processed_profile[63ed]::profile::{impl#2}::sorted_threads::{closure#1}), [i16, Binder(extern "RustCall" fn((&ReBound(DebruijnIndex(0), BoundRegion { var: 0, kind: BrAnon }) fxprof_processed_profile::process::ThreadHandle, &ReBound(DebruijnIndex(0), BoundRegion { var: 1, kind: BrAnon }) fxprof_processed_profile::process::ThreadHandle)) - std::cmp::Ordering, [Region(BrAnon), Region(BrAnon)]), (&ReErased fxprof_processed_profile::profile::Profile,)]), i16, Binder(extern "RustCall" fn((&ReBound(DebruijnIndex(0), BoundRegion { var: 0, kind: BrAnon }) fxprof_processed_profile::process::ThreadHandle, &ReBound(DebruijnIndex(0), BoundRegion { var: 1, kind: BrAnon }) fxprof_processed_profile::process::ThreadHandle)) - bool, [Region(BrAnon), Region(BrAnon)]), (&ReErased mut Closure(DefId(102:419 ~ fxprof_processed_profile[63ed]::profile::{impl#2}::sorted_threads::{closure#1}), [i16, Binder(extern "RustCall" fn((&ReBound(DebruijnIndex(0), BoundRegion { var: 0, kind: BrAnon }) fxprof_processed_profile::process::ThreadHandle, &ReBound(DebruijnIndex(0), BoundRegion { var: 1, kind: BrAnon }) fxprof_processed_profile::process::ThreadHandle)) - std::cmp::Ordering, [Region(BrAnon), Region(BrAnon)]), (&ReErased fxprof_processed_profile::profile::Profile,)]),)]), i8, Binder(extern "RustCall" fn((*mut core::slice::sort::TimSortRun, usize)), []), ()])
3	1	1	1	core::slice::sort::merge_sort::{impl#3}::index std::cmp::Ordering, [Region(BrAnon), Region(BrAnon)]), (&ReErased std::vec::Vec,)]), i16, Binder(extern "RustCall" fn((&ReBound(DebruijnIndex(0), BoundRegion { var: 0, kind: BrAnon }) u16, &ReBound(DebruijnIndex(0), BoundRegion { var: 1, kind: BrAnon }) u16)) - bool, [Region(BrAnon), Region(BrAnon)]), (&ReErased mut Closure(DefId(227:732 ~ aho_corasick[0bbc]::packed::pattern::{impl#0}::set_match_kind::{closure#0}), [i16, Binder(extern "RustCall" fn((&ReBound(DebruijnIndex(0), BoundRegion { var: 0, kind: BrAnon }) u16, &ReBound(DebruijnIndex(0), BoundRegion { var: 1, kind: BrAnon }) u16)) - std::cmp::Ordering, [Region(BrAnon), Region(BrAnon)]), (&ReErased std::vec::Vec,)]),)]), i8, Binder(extern "RustCall" fn((usize,)) - *mut core::slice::sort::TimSortRun, []), ()]), Closure(DefId(5:5465 ~ alloc[484d]::slice::stable_sort::{closure#3}), [u16, Closure(DefId(5:5384 ~ alloc[484d]::slice::{impl#0}::sort_by::{closure#0}), [u16, Closure(DefId(227:732 ~ aho_corasick[0bbc]::packed::pattern::{impl#0}::set_match_kind::{closure#0}), [i16, Binder(extern "RustCall" fn((&ReBound(DebruijnIndex(0), BoundRegion { var: 0, kind: BrAnon }) u16, &ReBound(DebruijnIndex(0), BoundRegion { var: 1, kind: BrAnon }) u16)) - std::cmp::Ordering, [Region(BrAnon), Region(BrAnon)]), (&ReErased std::vec::Vec,)]), i16, Binder(extern "RustCall" fn((&ReBound(DebruijnIndex(0), BoundRegion { var: 0, kind: BrAnon }) u16, &ReBound(DebruijnIndex(0), BoundRegion { var: 1, kind: BrAnon }) u16)) - bool, [Region(BrAnon), Region(BrAnon)]), (&ReErased mut Closure(DefId(227:732 ~ aho_corasick[0bbc]::packed::pattern::{impl#0}::set_match_kind::{closure#0}), [i16, Binder(extern "RustCall" fn((&ReBound(DebruijnIndex(0), BoundRegion { var: 0, kind: BrAnon }) u16, &ReBound(DebruijnIndex(0), BoundRegion { var: 1, kind: BrAnon }) u16)) - std::cmp::Ordering, [Region(BrAnon), Region(BrAnon)]), (&ReErased std::vec::Vec,)]),)]), i8, Binder(extern "RustCall" fn((*mut core::slice::sort::TimSortRun, usize)), []), ()])
3	1	1	1	core::slice::sort::merge_sort::{impl#3}::index u64, [Region(BrAnon)]), ()]), i16, Binder(extern "RustCall" fn((&ReBound(DebruijnIndex(0), BoundRegion { var: 0, kind: BrAnon }) (regalloc2::Allocation, regalloc2::Allocation, std::option::Option), &ReBound(DebruijnIndex(0), BoundRegion { var: 1, kind: BrAnon }) (regalloc2::Allocation, regalloc2::Allocation, std::option::Option))) - bool, [Region(BrAnon), Region(BrAnon)]), (&ReErased mut Closure(DefId(150:700 ~ regalloc2[b60e]::moves::{impl#0}::resolve::{closure#0}), [std::option::Option, i16, Binder(extern "RustCall" fn((&ReBound(DebruijnIndex(0), BoundRegion { var: 0, kind: BrAnon }) (regalloc2::Allocation, regalloc2::Allocation, std::option::Option),)) - u64, [Region(BrAnon)]), ()]),)]), i8, Binder(extern "RustCall" fn((usize,)) - *mut core::slice::sort::TimSortRun, []), ()]), Closure(DefId(5:5465 ~ alloc[484d]::slice::stable_sort::{closure#3}), [(regalloc2::Allocation, regalloc2::Allocation, std::option::Option), Closure(DefId(5:5388 ~ alloc[484d]::slice::{impl#0}::sort_by_key::{closure#0}), [(regalloc2::Allocation, regalloc2::Allocation, std::option::Option), u64, Closure(DefId(150:700 ~ regalloc2[b60e]::moves::{impl#0}::resolve::{closure#0}), [std::option::Option, i16, Binder(extern "RustCall" fn((&ReBound(DebruijnIndex(0), BoundRegion { var: 0, kind: BrAnon }) (regalloc2::Allocation, regalloc2::Allocation, std::option::Option),)) - u64, [Region(BrAnon)]), ()]), i16, Binder(extern "RustCall" fn((&ReBound(DebruijnIndex(0), BoundRegion { var: 0, kind: BrAnon }) (regalloc2::Allocation, regalloc2::Allocation, std::option::Option), &ReBound(DebruijnIndex(0), BoundRegion { var: 1, kind: BrAnon }) (regalloc2::Allocation, regalloc2::Allocation, std::option::Option))) - bool, [Region(BrAnon), Region(BrAnon)]), (&ReErased mut Closure(DefId(150:700 ~ regalloc2[b60e]::moves::{impl#0}::resolve::{closure#0}), [std::option::Option, i16, Binder(extern "RustCall" fn((&ReBound(DebruijnIndex(0), BoundRegion { var: 0, kind: BrAnon }) (regalloc2::Allocation, regalloc2::Allocation, std::option::Option),)) - u64, [Region(BrAnon)]), ()]),)]), i8, Binder(extern "RustCall" fn((*mut core::slice::sort::TimSortRun, usize)), []), ()])
3	2	2	2	alloc::collections::btree::map::{impl#33}::into_iter
3	2	1	2	wasmparser::collections::index_set::{impl#1}::iter
3	3	1	2	cranelift_bforest::node::{impl#2}::unwrap_inner
3	3	1	2	smallvec::{impl#47}::next
3	3	2	3	alloc::collections::btree::map::{impl#88}::index
3	3	3	1	toml_edit::parser::document::parse_ws
3	3	1	3	smallvec::{impl#18}::deref_mut
3	3	3	1	indexmap::map::core::entry::{impl#3}::get_mut
3	3	1	3	cranelift_entity::primary::{impl#3}::index_mut
3	3	3	3	alloc::boxed::{impl#74}::source
3	3	3	1	core::str::iter::{impl#4}::as_str
3	2	1	1	csv_core::writer::moving
3	1	1	1	core::slice::sort::merge_sort::{impl#3}::index std::cmp::Ordering, [Region(BrAnon), Region(BrAnon)]), (&ReErased std::vec::Vec,)]), i16, Binder(extern "RustCall" fn((&ReBound(DebruijnIndex(0), BoundRegion { var: 0, kind: BrAnon }) aho_corasick::util::primitives::PatternID, &ReBound(DebruijnIndex(0), BoundRegion { var: 1, kind: BrAnon }) aho_corasick::util::primitives::PatternID)) - bool, [Region(BrAnon), Region(BrAnon)]), (&ReErased mut Closure(DefId(116:773 ~ aho_corasick[160d]::packed::pattern::{impl#0}::set_match_kind::{closure#0}), [i16, Binder(extern "RustCall" fn((&ReBound(DebruijnIndex(0), BoundRegion { var: 0, kind: BrAnon }) aho_corasick::util::primitives::PatternID, &ReBound(DebruijnIndex(0), BoundRegion { var: 1, kind: BrAnon }) aho_corasick::util::primitives::PatternID)) - std::cmp::Ordering, [Region(BrAnon), Region(BrAnon)]), (&ReErased std::vec::Vec,)]),)]), i8, Binder(extern "RustCall" fn((usize,)) - *mut core::slice::sort::TimSortRun, []), ()]), Closure(DefId(5:5465 ~ alloc[484d]::slice::stable_sort::{closure#3}), [aho_corasick::util::primitives::PatternID, Closure(DefId(5:5384 ~ alloc[484d]::slice::{impl#0}::sort_by::{closure#0}), [aho_corasick::util::primitives::PatternID, Closure(DefId(116:773 ~ aho_corasick[160d]::packed::pattern::{impl#0}::set_match_kind::{closure#0}), [i16, Binder(extern "RustCall" fn((&ReBound(DebruijnIndex(0), BoundRegion { var: 0, kind: BrAnon }) aho_corasick::util::primitives::PatternID, &ReBound(DebruijnIndex(0), BoundRegion { var: 1, kind: BrAnon }) aho_corasick::util::primitives::PatternID)) - std::cmp::Ordering, [Region(BrAnon), Region(BrAnon)]), (&ReErased std::vec::Vec,)]), i16, Binder(extern "RustCall" fn((&ReBound(DebruijnIndex(0), BoundRegion { var: 0, kind: BrAnon }) aho_corasick::util::primitives::PatternID, &ReBound(DebruijnIndex(0), BoundRegion { var: 1, kind: BrAnon }) aho_corasick::util::primitives::PatternID)) - bool, [Region(BrAnon), Region(BrAnon)]), (&ReErased mut Closure(DefId(116:773 ~ aho_corasick[160d]::packed::pattern::{impl#0}::set_match_kind::{closure#0}), [i16, Binder(extern "RustCall" fn((&ReBound(DebruijnIndex(0), BoundRegion { var: 0, kind: BrAnon }) aho_corasick::util::primitives::PatternID, &ReBound(DebruijnIndex(0), BoundRegion { var: 1, kind: BrAnon }) aho_corasick::util::primitives::PatternID)) - std::cmp::Ordering, [Region(BrAnon), Region(BrAnon)]), (&ReErased std::vec::Vec,)]),)]), i8, Binder(extern "RustCall" fn((*mut core::slice::sort::TimSortRun, usize)), []), ()])
3	1	1	1	core::slice::sort::merge_sort::{impl#3}::index usize, [Region(BrAnon)]), ()]), i16, Binder(extern "RustCall" fn((&ReBound(DebruijnIndex(0), BoundRegion { var: 0, kind: BrAnon }) (usize, char), &ReBound(DebruijnIndex(0), BoundRegion { var: 1, kind: BrAnon }) (usize, char))) - bool, [Region(BrAnon), Region(BrAnon)]), (&ReErased mut Closure(DefId(52:28 ~ idna[11a8]::punycode::{impl#0}::decode::{closure#0}), [i16, Binder(extern "RustCall" fn((&ReBound(DebruijnIndex(0), BoundRegion { var: 0, kind: BrAnon }) (usize, char),)) - usize, [Region(BrAnon)]), ()]),)]), i8, Binder(extern "RustCall" fn((usize,)) - *mut core::slice::sort::TimSortRun, []), ()]), Closure(DefId(5:5465 ~ alloc[484d]::slice::stable_sort::{closure#3}), [(usize, char), Closure(DefId(5:5388 ~ alloc[484d]::slice::{impl#0}::sort_by_key::{closure#0}), [(usize, char), usize, Closure(DefId(52:28 ~ idna[11a8]::punycode::{impl#0}::decode::{closure#0}), [i16, Binder(extern "RustCall" fn((&ReBound(DebruijnIndex(0), BoundRegion { var: 0, kind: BrAnon }) (usize, char),)) - usize, [Region(BrAnon)]), ()]), i16, Binder(extern "RustCall" fn((&ReBound(DebruijnIndex(0), BoundRegion { var: 0, kind: BrAnon }) (usize, char), &ReBound(DebruijnIndex(0), BoundRegion { var: 1, kind: BrAnon }) (usize, char))) - bool, [Region(BrAnon), Region(BrAnon)]), (&ReErased mut Closure(DefId(52:28 ~ idna[11a8]::punycode::{impl#0}::decode::{closure#0}), [i16, Binder(extern "RustCall" fn((&ReBound(DebruijnIndex(0), BoundRegion { var: 0, kind: BrAnon }) (usize, char),)) - usize, [Region(BrAnon)]), ()]),)]), i8, Binder(extern "RustCall" fn((*mut core::slice::sort::TimSortRun, usize)), []), ()])
3	2	1	1	smallvec::{impl#26}::index
3	1	1	1	core::slice::sort::merge_sort::{impl#3}::index u8, [Region(BrAnon)]), ()]), i16, Binder(extern "RustCall" fn((&ReBound(DebruijnIndex(0), BoundRegion { var: 0, kind: BrAnon }) (u8, char), &ReBound(DebruijnIndex(0), BoundRegion { var: 1, kind: BrAnon }) (u8, char))) - bool, [Region(BrAnon), Region(BrAnon)]), (&ReErased mut Closure(DefId(54:43 ~ unicode_normalization[bfb5]::decompose::{impl#0}::sort_pending::{closure#0}), [std::str::Chars, i16, Binder(extern "RustCall" fn((&ReBound(DebruijnIndex(0), BoundRegion { var: 0, kind: BrAnon }) (u8, char),)) - u8, [Region(BrAnon)]), ()]),)]), i8, Binder(extern "RustCall" fn((usize,)) - *mut core::slice::sort::TimSortRun, []), ()]), Closure(DefId(5:5465 ~ alloc[484d]::slice::stable_sort::{closure#3}), [(u8, char), Closure(DefId(5:5388 ~ alloc[484d]::slice::{impl#0}::sort_by_key::{closure#0}), [(u8, char), u8, Closure(DefId(54:43 ~ unicode_normalization[bfb5]::decompose::{impl#0}::sort_pending::{closure#0}), [std::str::Chars, i16, Binder(extern "RustCall" fn((&ReBound(DebruijnIndex(0), BoundRegion { var: 0, kind: BrAnon }) (u8, char),)) - u8, [Region(BrAnon)]), ()]), i16, Binder(extern "RustCall" fn((&ReBound(DebruijnIndex(0), BoundRegion { var: 0, kind: BrAnon }) (u8, char), &ReBound(DebruijnIndex(0), BoundRegion { var: 1, kind: BrAnon }) (u8, char))) - bool, [Region(BrAnon), Region(BrAnon)]), (&ReErased mut Closure(DefId(54:43 ~ unicode_normalization[bfb5]::decompose::{impl#0}::sort_pending::{closure#0}), [std::str::Chars, i16, Binder(extern "RustCall" fn((&ReBound(DebruijnIndex(0), BoundRegion { var: 0, kind: BrAnon }) (u8, char),)) - u8, [Region(BrAnon)]), ()]),)]), i8, Binder(extern "RustCall" fn((*mut core::slice::sort::TimSortRun, usize)), []), ()])
3	1	1	1	core::slice::sort::merge_sort::{impl#3}::index u8, [Region(BrAnon)]), ()]), i16, Binder(extern "RustCall" fn((&ReBound(DebruijnIndex(0), BoundRegion { var: 0, kind: BrAnon }) (u8, char), &ReBound(DebruijnIndex(0), BoundRegion { var: 1, kind: BrAnon }) (u8, char))) - bool, [Region(BrAnon), Region(BrAnon)]), (&ReErased mut Closure(DefId(54:43 ~ unicode_normalization[bfb5]::decompose::{impl#0}::sort_pending::{closure#0}), [idna::uts46::Mapper, i16, Binder(extern "RustCall" fn((&ReBound(DebruijnIndex(0), BoundRegion { var: 0, kind: BrAnon }) (u8, char),)) - u8, [Region(BrAnon)]), ()]),)]), i8, Binder(extern "RustCall" fn((usize,)) - *mut core::slice::sort::TimSortRun, []), ()]), Closure(DefId(5:5465 ~ alloc[484d]::slice::stable_sort::{closure#3}), [(u8, char), Closure(DefId(5:5388 ~ alloc[484d]::slice::{impl#0}::sort_by_key::{closure#0}), [(u8, char), u8, Closure(DefId(54:43 ~ unicode_normalization[bfb5]::decompose::{impl#0}::sort_pending::{closure#0}), [idna::uts46::Mapper, i16, Binder(extern "RustCall" fn((&ReBound(DebruijnIndex(0), BoundRegion { var: 0, kind: BrAnon }) (u8, char),)) - u8, [Region(BrAnon)]), ()]), i16, Binder(extern "RustCall" fn((&ReBound(DebruijnIndex(0), BoundRegion { var: 0, kind: BrAnon }) (u8, char), &ReBound(DebruijnIndex(0), BoundRegion { var: 1, kind: BrAnon }) (u8, char))) - bool, [Region(BrAnon), Region(BrAnon)]), (&ReErased mut Closure(DefId(54:43 ~ unicode_normalization[bfb5]::decompose::{impl#0}::sort_pending::{closure#0}), [idna::uts46::Mapper, i16, Binder(extern "RustCall" fn((&ReBound(DebruijnIndex(0), BoundRegion { var: 0, kind: BrAnon }) (u8, char),)) - u8, [Region(BrAnon)]), ()]),)]), i8, Binder(extern "RustCall" fn((*mut core::slice::sort::TimSortRun, usize)), []), ()])
3	1	1	1	core::slice::sort::merge_sort::{impl#3}::index usize, [Region(BrAnon)]), ()]), i16, Binder(extern "RustCall" fn((&ReBound(DebruijnIndex(0), BoundRegion { var: 0, kind: BrAnon }) (usize, &ReErased toml_edit::table::Table, std::vec::Vec, bool), &ReBound(DebruijnIndex(0), BoundRegion { var: 1, kind: BrAnon }) (usize, &ReErased toml_edit::table::Table, std::vec::Vec, bool))) - bool, [Region(BrAnon), Region(BrAnon)]), (&ReErased mut Closure(DefId(136:236 ~ toml_edit[0bd7]::encode::{impl#0}::fmt::{closure#1}), [i16, Binder(extern "RustCall" fn((&ReBound(DebruijnIndex(0), BoundRegion { var: 0, kind: BrAnon }) (usize, &ReErased toml_edit::table::Table, std::vec::Vec, bool),)) - usize, [Region(BrAnon)]), ()]),)]), i8, Binder(extern "RustCall" fn((usize,)) - *mut core::slice::sort::TimSortRun, []), ()]), Closure(DefId(5:5465 ~ alloc[484d]::slice::stable_sort::{closure#3}), [(usize, &ReErased toml_edit::table::Table, std::vec::Vec, bool), Closure(DefId(5:5388 ~ alloc[484d]::slice::{impl#0}::sort_by_key::{closure#0}), [(usize, &ReErased toml_edit::table::Table, std::vec::Vec, bool), usize, Closure(DefId(136:236 ~ toml_edit[0bd7]::encode::{impl#0}::fmt::{closure#1}), [i16, Binder(extern "RustCall" fn((&ReBound(DebruijnIndex(0), BoundRegion { var: 0, kind: BrAnon }) (usize, &ReErased toml_edit::table::Table, std::vec::Vec, bool),)) - usize, [Region(BrAnon)]), ()]), i16, Binder(extern "RustCall" fn((&ReBound(DebruijnIndex(0), BoundRegion { var: 0, kind: BrAnon }) (usize, &ReErased toml_edit::table::Table, std::vec::Vec, bool), &ReBound(DebruijnIndex(0), BoundRegion { var: 1, kind: BrAnon }) (usize, &ReErased toml_edit::table::Table, std::vec::Vec, bool))) - bool, [Region(BrAnon), Region(BrAnon)]), (&ReErased mut Closure(DefId(136:236 ~ toml_edit[0bd7]::encode::{impl#0}::fmt::{closure#1}), [i16, Binder(extern "RustCall" fn((&ReBound(DebruijnIndex(0), BoundRegion { var: 0, kind: BrAnon }) (usize, &ReErased toml_edit::table::Table, std::vec::Vec, bool),)) - usize, [Region(BrAnon)]), ()]),)]), i8, Binder(extern "RustCall" fn((*mut core::slice::sort::TimSortRun, usize)), []), ()])
3	2	2	2	alloc::vec::{impl#29}::as_ref
3	2	1	2	rustyline::line_buffer::{impl#3}::drain
3	3	3	1	std::io::cursor::{impl#0}::new
3	3	3	2	flate2::crc::{impl#3}::crc
3	1	1	1	core::slice::sort::merge_sort::{impl#3}::index std::cmp::Ordering, [Region(BrAnon), Region(BrAnon)]), ()]), i16, Binder(extern "RustCall" fn((&ReBound(DebruijnIndex(0), BoundRegion { var: 0, kind: BrAnon }) ((usize, std::string::String), &ReErased clap::Arg), &ReBound(DebruijnIndex(0), BoundRegion { var: 1, kind: BrAnon }) ((usize, std::string::String), &ReErased clap::Arg))) - bool, [Region(BrAnon), Region(BrAnon)]), (&ReErased mut Closure(DefId(20:2547 ~ clap_builder[a195]::output::help_template::{impl#3}::write_args::{closure#1}), [ReErased, ReErased, i16, Binder(extern "RustCall" fn((&ReBound(DebruijnIndex(0), BoundRegion { var: 0, kind: BrAnon }) ((usize, std::string::String), &ReErased clap::Arg), &ReBound(DebruijnIndex(0), BoundRegion { var: 1, kind: BrAnon }) ((usize, std::string::String), &ReErased clap::Arg))) - std::cmp::Ordering, [Region(BrAnon), Region(BrAnon)]), ()]),)]), i8, Binder(extern "RustCall" fn((usize,)) - *mut core::slice::sort::TimSortRun, []), ()]), Closure(DefId(5:5465 ~ alloc[484d]::slice::stable_sort::{closure#3}), [((usize, std::string::String), &ReErased clap::Arg), Closure(DefId(5:5384 ~ alloc[484d]::slice::{impl#0}::sort_by::{closure#0}), [((usize, std::string::String), &ReErased clap::Arg), Closure(DefId(20:2547 ~ clap_builder[a195]::output::help_template::{impl#3}::write_args::{closure#1}), [ReErased, ReErased, i16, Binder(extern "RustCall" fn((&ReBound(DebruijnIndex(0), BoundRegion { var: 0, kind: BrAnon }) ((usize, std::string::String), &ReErased clap::Arg), &ReBound(DebruijnIndex(0), BoundRegion { var: 1, kind: BrAnon }) ((usize, std::string::String), &ReErased clap::Arg))) - std::cmp::Ordering, [Region(BrAnon), Region(BrAnon)]), ()]), i16, Binder(extern "RustCall" fn((&ReBound(DebruijnIndex(0), BoundRegion { var: 0, kind: BrAnon }) ((usize, std::string::String), &ReErased clap::Arg), &ReBound(DebruijnIndex(0), BoundRegion { var: 1, kind: BrAnon }) ((usize, std::string::String), &ReErased clap::Arg))) - bool, [Region(BrAnon), Region(BrAnon)]), (&ReErased mut Closure(DefId(20:2547 ~ clap_builder[a195]::output::help_template::{impl#3}::write_args::{closure#1}), [ReErased, ReErased, i16, Binder(extern "RustCall" fn((&ReBound(DebruijnIndex(0), BoundRegion { var: 0, kind: BrAnon }) ((usize, std::string::String), &ReErased clap::Arg), &ReBound(DebruijnIndex(0), BoundRegion { var: 1, kind: BrAnon }) ((usize, std::string::String), &ReErased clap::Arg))) - std::cmp::Ordering, [Region(BrAnon), Region(BrAnon)]), ()]),)]), i8, Binder(extern "RustCall" fn((*mut core::slice::sort::TimSortRun, usize)), []), ()])
3	2	1	1	alloc::vec::{impl#30}::as_mut
3	1	1	1	rusty_paseto::core::key::paseto_nonce::{impl#1}::as_ref
3	1	1	1	core::slice::sort::merge_sort::{impl#3}::index std::cmp::Ordering, [Region(BrAnon), Region(BrAnon)]), ()]), i16, Binder(extern "RustCall" fn((&ReBound(DebruijnIndex(0), BoundRegion { var: 0, kind: BrAnon }) env_logger::filter::Directive, &ReBound(DebruijnIndex(0), BoundRegion { var: 1, kind: BrAnon }) env_logger::filter::Directive)) - bool, [Region(BrAnon), Region(BrAnon)]), (&ReErased mut Closure(DefId(241:163 ~ env_logger[3725]::filter::{impl#0}::build::{closure#0}), [i16, Binder(extern "RustCall" fn((&ReBound(DebruijnIndex(0), BoundRegion { var: 0, kind: BrAnon }) env_logger::filter::Directive, &ReBound(DebruijnIndex(0), BoundRegion { var: 1, kind: BrAnon }) env_logger::filter::Directive)) - std::cmp::Ordering, [Region(BrAnon), Region(BrAnon)]), ()]),)]), i8, Binder(extern "RustCall" fn((usize,)) - *mut core::slice::sort::TimSortRun, []), ()]), Closure(DefId(5:5465 ~ alloc[484d]::slice::stable_sort::{closure#3}), [env_logger::filter::Directive, Closure(DefId(5:5384 ~ alloc[484d]::slice::{impl#0}::sort_by::{closure#0}), [env_logger::filter::Directive, Closure(DefId(241:163 ~ env_logger[3725]::filter::{impl#0}::build::{closure#0}), [i16, Binder(extern "RustCall" fn((&ReBound(DebruijnIndex(0), BoundRegion { var: 0, kind: BrAnon }) env_logger::filter::Directive, &ReBound(DebruijnIndex(0), BoundRegion { var: 1, kind: BrAnon }) env_logger::filter::Directive)) - std::cmp::Ordering, [Region(BrAnon), Region(BrAnon)]), ()]), i16, Binder(extern "RustCall" fn((&ReBound(DebruijnIndex(0), BoundRegion { var: 0, kind: BrAnon }) env_logger::filter::Directive, &ReBound(DebruijnIndex(0), BoundRegion { var: 1, kind: BrAnon }) env_logger::filter::Directive)) - bool, [Region(BrAnon), Region(BrAnon)]), (&ReErased mut Closure(DefId(241:163 ~ env_logger[3725]::filter::{impl#0}::build::{closure#0}), [i16, Binder(extern "RustCall" fn((&ReBound(DebruijnIndex(0), BoundRegion { var: 0, kind: BrAnon }) env_logger::filter::Directive, &ReBound(DebruijnIndex(0), BoundRegion { var: 1, kind: BrAnon }) env_logger::filter::Directive)) - std::cmp::Ordering, [Region(BrAnon), Region(BrAnon)]), ()]),)]), i8, Binder(extern "RustCall" fn((*mut core::slice::sort::TimSortRun, usize)), []), ()])
3	1	1	1	core::slice::sort::merge_sort::{impl#3}::index usize, [Region(BrAnon)]), ()]), i16, Binder(extern "RustCall" fn((&ReBound(DebruijnIndex(0), BoundRegion { var: 0, kind: BrAnon }) (usize, std::thread::JoinHandle), &ReBound(DebruijnIndex(0), BoundRegion { var: 1, kind: BrAnon }) (usize, std::thread::JoinHandle))) - bool, [Region(BrAnon), Region(BrAnon)]), (&ReErased mut Closure(DefId(55:7747 ~ tokio[a249]::runtime::blocking::pool::{impl#3}::shutdown::{closure#0}), [i16, Binder(extern "RustCall" fn((&ReBound(DebruijnIndex(0), BoundRegion { var: 0, kind: BrAnon }) (usize, std::thread::JoinHandle),)) - usize, [Region(BrAnon)]), ()]),)]), i8, Binder(extern "RustCall" fn((usize,)) - *mut core::slice::sort::TimSortRun, []), ()]), Closure(DefId(5:5465 ~ alloc[484d]::slice::stable_sort::{closure#3}), [(usize, std::thread::JoinHandle), Closure(DefId(5:5388 ~ alloc[484d]::slice::{impl#0}::sort_by_key::{closure#0}), [(usize, std::thread::JoinHandle), usize, Closure(DefId(55:7747 ~ tokio[a249]::runtime::blocking::pool::{impl#3}::shutdown::{closure#0}), [i16, Binder(extern "RustCall" fn((&ReBound(DebruijnIndex(0), BoundRegion { var: 0, kind: BrAnon }) (usize, std::thread::JoinHandle),)) - usize, [Region(BrAnon)]), ()]), i16, Binder(extern "RustCall" fn((&ReBound(DebruijnIndex(0), BoundRegion { var: 0, kind: BrAnon }) (usize, std::thread::JoinHandle), &ReBound(DebruijnIndex(0), BoundRegion { var: 1, kind: BrAnon }) (usize, std::thread::JoinHandle))) - bool, [Region(BrAnon), Region(BrAnon)]), (&ReErased mut Closure(DefId(55:7747 ~ tokio[a249]::runtime::blocking::pool::{impl#3}::shutdown::{closure#0}), [i16, Binder(extern "RustCall" fn((&ReBound(DebruijnIndex(0), BoundRegion { var: 0, kind: BrAnon }) (usize, std::thread::JoinHandle),)) - usize, [Region(BrAnon)]), ()]),)]), i8, Binder(extern "RustCall" fn((*mut core::slice::sort::TimSortRun, usize)), []), ()])
3	1	1	1	core::slice::sort::merge_sort::{impl#3}::index, &ReErased str, std::slice::IterMut, i16, Binder(extern "RustCall" fn((&ReErased clap_builder::mkeymap::KeyType,)) - std::option::Option, []), ()]), i16, Binder(extern "RustCall" fn((&ReBound(DebruijnIndex(0), BoundRegion { var: 0, kind: BrAnon }) (f64, std::string::String), &ReBound(DebruijnIndex(0), BoundRegion { var: 1, kind: BrAnon }) (f64, std::string::String))) - std::cmp::Ordering, [Region(BrAnon), Region(BrAnon)]), ()]), i16, Binder(extern "RustCall" fn((&ReBound(DebruijnIndex(0), BoundRegion { var: 0, kind: BrAnon }) (f64, std::string::String), &ReBound(DebruijnIndex(0), BoundRegion { var: 1, kind: BrAnon }) (f64, std::string::String))) - bool, [Region(BrAnon), Region(BrAnon)]), (&ReErased mut Closure(DefId(20:2390 ~ clap_builder[a195]::parser::features::suggestions::did_you_mean::{closure#2}), [std::string::String, std::iter::FilterMap, Closure(DefId(20:2399 ~ clap_builder[a195]::parser::features::suggestions::did_you_mean_flag::{closure#0}::{closure#0}), [ReErased, ReErased, std::iter::Map &ReErased str, []), ()]), &ReErased str, std::slice::IterMut, i16, Binder(extern "RustCall" fn((&ReErased clap_builder::mkeymap::KeyType,)) - std::option::Option, []), ()]), i16, Binder(extern "RustCall" fn((&ReBound(DebruijnIndex(0), BoundRegion { var: 0, kind: BrAnon }) (f64, std::string::String), &ReBound(DebruijnIndex(0), BoundRegion { var: 1, kind: BrAnon }) (f64, std::string::String))) - std::cmp::Ordering, [Region(BrAnon), Region(BrAnon)]), ()]),)]), i8, Binder(extern "RustCall" fn((usize,)) - *mut core::slice::sort::TimSortRun, []), ()]), Closure(DefId(5:5465 ~ alloc[484d]::slice::stable_sort::{closure#3}), [(f64, std::string::String), Closure(DefId(5:5384 ~ alloc[484d]::slice::{impl#0}::sort_by::{closure#0}), [(f64, std::string::String), Closure(DefId(20:2390 ~ clap_builder[a195]::parser::features::suggestions::did_you_mean::{closure#2}), [std::string::String, std::iter::FilterMap, Closure(DefId(20:2399 ~ clap_builder[a195]::parser::features::suggestions::did_you_mean_flag::{closure#0}::{closure#0}), [ReErased, ReErased, std::iter::Map &ReErased str, []), ()]), &ReErased str, std::slice::IterMut, i16, Binder(extern "RustCall" fn((&ReErased clap_builder::mkeymap::KeyType,)) - std::option::Option, []), ()]), i16, Binder(extern "RustCall" fn((&ReBound(DebruijnIndex(0), BoundRegion { var: 0, kind: BrAnon }) (f64, std::string::String), &ReBound(DebruijnIndex(0), BoundRegion { var: 1, kind: BrAnon }) (f64, std::string::String))) - std::cmp::Ordering, [Region(BrAnon), Region(BrAnon)]), ()]), i16, Binder(extern "RustCall" fn((&ReBound(DebruijnIndex(0), BoundRegion { var: 0, kind: BrAnon }) (f64, std::string::String), &ReBound(DebruijnIndex(0), BoundRegion { var: 1, kind: BrAnon }) (f64, std::string::String))) - bool, [Region(BrAnon), Region(BrAnon)]), (&ReErased mut Closure(DefId(20:2390 ~ clap_builder[a195]::parser::features::suggestions::did_you_mean::{closure#2}), [std::string::String, std::iter::FilterMap, Closure(DefId(20:2399 ~ clap_builder[a195]::parser::features::suggestions::did_you_mean_flag::{closure#0}::{closure#0}), [ReErased, ReErased, std::iter::Map &ReErased str, []), ()]), &ReErased str, std::slice::IterMut, i16, Binder(extern "RustCall" fn((&ReErased clap_builder::mkeymap::KeyType,)) - std::option::Option, []), ()]), i16, Binder(extern "RustCall" fn((&ReBound(DebruijnIndex(0), BoundRegion { var: 0, kind: BrAnon }) (f64, std::string::String), &ReBound(DebruijnIndex(0), BoundRegion { var: 1, kind: BrAnon }) (f64, std::string::String))) - std::cmp::Ordering, [Region(BrAnon), Region(BrAnon)]), ()]),)]), i8, Binder(extern "RustCall" fn((*mut core::slice::sort::TimSortRun, usize)), []), ()])
3	1	1	1	core::slice::sort::merge_sort::{impl#3}::index std::cmp::Ordering, [Region(BrAnon), Region(BrAnon)]), ()]), i16, Binder(extern "RustCall" fn((&ReBound(DebruijnIndex(0), BoundRegion { var: 0, kind: BrAnon }) (f64, std::string::String), &ReBound(DebruijnIndex(0), BoundRegion { var: 1, kind: BrAnon }) (f64, std::string::String))) - bool, [Region(BrAnon), Region(BrAnon)]), (&ReErased mut Closure(DefId(20:2390 ~ clap_builder[a195]::parser::features::suggestions::did_you_mean::{closure#2}), [&ReErased std::string::String, std::slice::Iter, i16, Binder(extern "RustCall" fn((&ReBound(DebruijnIndex(0), BoundRegion { var: 0, kind: BrAnon }) (f64, std::string::String), &ReBound(DebruijnIndex(0), BoundRegion { var: 1, kind: BrAnon }) (f64, std::string::String))) - std::cmp::Ordering, [Region(BrAnon), Region(BrAnon)]), ()]),)]), i8, Binder(extern "RustCall" fn((usize,)) - *mut core::slice::sort::TimSortRun, []), ()]), Closure(DefId(5:5465 ~ alloc[484d]::slice::stable_sort::{closure#3}), [(f64, std::string::String), Closure(DefId(5:5384 ~ alloc[484d]::slice::{impl#0}::sort_by::{closure#0}), [(f64, std::string::String), Closure(DefId(20:2390 ~ clap_builder[a195]::parser::features::suggestions::did_you_mean::{closure#2}), [&ReErased std::string::String, std::slice::Iter, i16, Binder(extern "RustCall" fn((&ReBound(DebruijnIndex(0), BoundRegion { var: 0, kind: BrAnon }) (f64, std::string::String), &ReBound(DebruijnIndex(0), BoundRegion { var: 1, kind: BrAnon }) (f64, std::string::String))) - std::cmp::Ordering, [Region(BrAnon), Region(BrAnon)]), ()]), i16, Binder(extern "RustCall" fn((&ReBound(DebruijnIndex(0), BoundRegion { var: 0, kind: BrAnon }) (f64, std::string::String), &ReBound(DebruijnIndex(0), BoundRegion { var: 1, kind: BrAnon }) (f64, std::string::String))) - bool, [Region(BrAnon), Region(BrAnon)]), (&ReErased mut Closure(DefId(20:2390 ~ clap_builder[a195]::parser::features::suggestions::did_you_mean::{closure#2}), [&ReErased std::string::String, std::slice::Iter, i16, Binder(extern "RustCall" fn((&ReBound(DebruijnIndex(0), BoundRegion { var: 0, kind: BrAnon }) (f64, std::string::String), &ReBound(DebruijnIndex(0), BoundRegion { var: 1, kind: BrAnon }) (f64, std::string::String))) - std::cmp::Ordering, [Region(BrAnon), Region(BrAnon)]), ()]),)]), i8, Binder(extern "RustCall" fn((*mut core::slice::sort::TimSortRun, usize)), []), ()])
3	1	1	1	core::slice::sort::merge_sort::{impl#3}::index std::iter::Chain, []), ()]), i16, Binder(extern "RustCall" fn((&ReBound(DebruijnIndex(0), BoundRegion { var: 0, kind: BrAnon }) (f64, std::string::String), &ReBound(DebruijnIndex(0), BoundRegion { var: 1, kind: BrAnon }) (f64, std::string::String))) - std::cmp::Ordering, [Region(BrAnon), Region(BrAnon)]), ()]), i16, Binder(extern "RustCall" fn((&ReBound(DebruijnIndex(0), BoundRegion { var: 0, kind: BrAnon }) (f64, std::string::String), &ReBound(DebruijnIndex(0), BoundRegion { var: 1, kind: BrAnon }) (f64, std::string::String))) - bool, [Region(BrAnon), Region(BrAnon)]), (&ReErased mut Closure(DefId(20:2390 ~ clap_builder[a195]::parser::features::suggestions::did_you_mean::{closure#2}), [&ReErased str, std::iter::FlatMap, Closure(DefId(20:702 ~ clap_builder[a195]::builder::command::{impl#7}::all_subcommand_names::{closure#0}), [i16, Binder(extern "RustCall" fn((&ReErased clap::Command,)) - std::iter::Chain, []), ()]), i16, Binder(extern "RustCall" fn((&ReBound(DebruijnIndex(0), BoundRegion { var: 0, kind: BrAnon }) (f64, std::string::String), &ReBound(DebruijnIndex(0), BoundRegion { var: 1, kind: BrAnon }) (f64, std::string::String))) - std::cmp::Ordering, [Region(BrAnon), Region(BrAnon)]), ()]),)]), i8, Binder(extern "RustCall" fn((usize,)) - *mut core::slice::sort::TimSortRun, []), ()]), Closure(DefId(5:5465 ~ alloc[484d]::slice::stable_sort::{closure#3}), [(f64, std::string::String), Closure(DefId(5:5384 ~ alloc[484d]::slice::{impl#0}::sort_by::{closure#0}), [(f64, std::string::String), Closure(DefId(20:2390 ~ clap_builder[a195]::parser::features::suggestions::did_you_mean::{closure#2}), [&ReErased str, std::iter::FlatMap, Closure(DefId(20:702 ~ clap_builder[a195]::builder::command::{impl#7}::all_subcommand_names::{closure#0}), [i16, Binder(extern "RustCall" fn((&ReErased clap::Command,)) - std::iter::Chain, []), ()]), i16, Binder(extern "RustCall" fn((&ReBound(DebruijnIndex(0), BoundRegion { var: 0, kind: BrAnon }) (f64, std::string::String), &ReBound(DebruijnIndex(0), BoundRegion { var: 1, kind: BrAnon }) (f64, std::string::String))) - std::cmp::Ordering, [Region(BrAnon), Region(BrAnon)]), ()]), i16, Binder(extern "RustCall" fn((&ReBound(DebruijnIndex(0), BoundRegion { var: 0, kind: BrAnon }) (f64, std::string::String), &ReBound(DebruijnIndex(0), BoundRegion { var: 1, kind: BrAnon }) (f64, std::string::String))) - bool, [Region(BrAnon), Region(BrAnon)]), (&ReErased mut Closure(DefId(20:2390 ~ clap_builder[a195]::parser::features::suggestions::did_you_mean::{closure#2}), [&ReErased str, std::iter::FlatMap, Closure(DefId(20:702 ~ clap_builder[a195]::builder::command::{impl#7}::all_subcommand_names::{closure#0}), [i16, Binder(extern "RustCall" fn((&ReErased clap::Command,)) - std::iter::Chain, []), ()]), i16, Binder(extern "RustCall" fn((&ReBound(DebruijnIndex(0), BoundRegion { var: 0, kind: BrAnon }) (f64, std::string::String), &ReBound(DebruijnIndex(0), BoundRegion { var: 1, kind: BrAnon }) (f64, std::string::String))) - std::cmp::Ordering, [Region(BrAnon), Region(BrAnon)]), ()]),)]), i8, Binder(extern "RustCall" fn((*mut core::slice::sort::TimSortRun, usize)), []), ()])
3	2	1	1	std::io::Write::by_ref
3	1	1	1	parse_duration::parse::parse_unit
3	1	1	1	core::slice::sort::merge_sort::{impl#3}::index std::cmp::Reverse, [Region(BrAnon)]), ()]), i16, Binder(extern "RustCall" fn((&ReBound(DebruijnIndex(0), BoundRegion { var: 0, kind: BrAnon }) std::string::String, &ReBound(DebruijnIndex(0), BoundRegion { var: 1, kind: BrAnon }) std::string::String)) - bool, [Region(BrAnon), Region(BrAnon)]), (&ReErased mut Closure(DefId(0:765 ~ atuin[fa87]::command::client::stats::interesting_command::{closure#1}), [i16, Binder(extern "RustCall" fn((&ReBound(DebruijnIndex(0), BoundRegion { var: 0, kind: BrAnon }) std::string::String,)) - std::cmp::Reverse, [Region(BrAnon)]), ()]),)]), i8, Binder(extern "RustCall" fn((usize,)) - *mut core::slice::sort::TimSortRun, []), ()]), Closure(DefId(5:5465 ~ alloc[484d]::slice::stable_sort::{closure#3}), [std::string::String, Closure(DefId(5:5388 ~ alloc[484d]::slice::{impl#0}::sort_by_key::{closure#0}), [std::string::String, std::cmp::Reverse, Closure(DefId(0:765 ~ atuin[fa87]::command::client::stats::interesting_command::{closure#1}), [i16, Binder(extern "RustCall" fn((&ReBound(DebruijnIndex(0), BoundRegion { var: 0, kind: BrAnon }) std::string::String,)) - std::cmp::Reverse, [Region(BrAnon)]), ()]), i16, Binder(extern "RustCall" fn((&ReBound(DebruijnIndex(0), BoundRegion { var: 0, kind: BrAnon }) std::string::String, &ReBound(DebruijnIndex(0), BoundRegion { var: 1, kind: BrAnon }) std::string::String)) - bool, [Region(BrAnon), Region(BrAnon)]), (&ReErased mut Closure(DefId(0:765 ~ atuin[fa87]::command::client::stats::interesting_command::{closure#1}), [i16, Binder(extern "RustCall" fn((&ReBound(DebruijnIndex(0), BoundRegion { var: 0, kind: BrAnon }) std::string::String,)) - std::cmp::Reverse, [Region(BrAnon)]), ()]),)]), i8, Binder(extern "RustCall" fn((*mut core::slice::sort::TimSortRun, usize)), []), ()])
3	1	1	1	core::slice::sort::merge_sort::{impl#3}::index std::cmp::Reverse, [Region(BrAnon)]), ()]), i16, Binder(extern "RustCall" fn((&ReBound(DebruijnIndex(0), BoundRegion { var: 0, kind: BrAnon }) std::string::String, &ReBound(DebruijnIndex(0), BoundRegion { var: 1, kind: BrAnon }) std::string::String)) - bool, [Region(BrAnon), Region(BrAnon)]), (&ReErased mut Closure(DefId(0:764 ~ atuin[fa87]::command::client::stats::interesting_command::{closure#0}), [i16, Binder(extern "RustCall" fn((&ReBound(DebruijnIndex(0), BoundRegion { var: 0, kind: BrAnon }) std::string::String,)) - std::cmp::Reverse, [Region(BrAnon)]), ()]),)]), i8, Binder(extern "RustCall" fn((usize,)) - *mut core::slice::sort::TimSortRun, []), ()]), Closure(DefId(5:5465 ~ alloc[484d]::slice::stable_sort::{closure#3}), [std::string::String, Closure(DefId(5:5388 ~ alloc[484d]::slice::{impl#0}::sort_by_key::{closure#0}), [std::string::String, std::cmp::Reverse, Closure(DefId(0:764 ~ atuin[fa87]::command::client::stats::interesting_command::{closure#0}), [i16, Binder(extern "RustCall" fn((&ReBound(DebruijnIndex(0), BoundRegion { var: 0, kind: BrAnon }) std::string::String,)) - std::cmp::Reverse, [Region(BrAnon)]), ()]), i16, Binder(extern "RustCall" fn((&ReBound(DebruijnIndex(0), BoundRegion { var: 0, kind: BrAnon }) std::string::String, &ReBound(DebruijnIndex(0), BoundRegion { var: 1, kind: BrAnon }) std::string::String)) - bool, [Region(BrAnon), Region(BrAnon)]), (&ReErased mut Closure(DefId(0:764 ~ atuin[fa87]::command::client::stats::interesting_command::{closure#0}), [i16, Binder(extern "RustCall" fn((&ReBound(DebruijnIndex(0), BoundRegion { var: 0, kind: BrAnon }) std::string::String,)) - std::cmp::Reverse, [Region(BrAnon)]), ()]),)]), i8, Binder(extern "RustCall" fn((*mut core::slice::sort::TimSortRun, usize)), []), ()])
3	1	1	1	core::slice::sort::merge_sort::{impl#3}::index std::cmp::Ordering, [Region(BrAnon), Region(BrAnon)]), (&ReErased std::vec::Vec,)]), i16, Binder(extern "RustCall" fn((&ReBound(DebruijnIndex(0), BoundRegion { var: 0, kind: BrAnon }) aho_corasick::util::primitives::PatternID, &ReBound(DebruijnIndex(0), BoundRegion { var: 1, kind: BrAnon }) aho_corasick::util::primitives::PatternID)) - bool, [Region(BrAnon), Region(BrAnon)]), (&ReErased mut Closure(DefId(190:773 ~ aho_corasick[b8ab]::packed::pattern::{impl#0}::set_match_kind::{closure#0}), [i16, Binder(extern "RustCall" fn((&ReBound(DebruijnIndex(0), BoundRegion { var: 0, kind: BrAnon }) aho_corasick::util::primitives::PatternID, &ReBound(DebruijnIndex(0), BoundRegion { var: 1, kind: BrAnon }) aho_corasick::util::primitives::PatternID)) - std::cmp::Ordering, [Region(BrAnon), Region(BrAnon)]), (&ReErased std::vec::Vec,)]),)]), i8, Binder(extern "RustCall" fn((usize,)) - *mut core::slice::sort::TimSortRun, []), ()]), Closure(DefId(5:5465 ~ alloc[484d]::slice::stable_sort::{closure#3}), [aho_corasick::util::primitives::PatternID, Closure(DefId(5:5384 ~ alloc[484d]::slice::{impl#0}::sort_by::{closure#0}), [aho_corasick::util::primitives::PatternID, Closure(DefId(190:773 ~ aho_corasick[b8ab]::packed::pattern::{impl#0}::set_match_kind::{closure#0}), [i16, Binder(extern "RustCall" fn((&ReBound(DebruijnIndex(0), BoundRegion { var: 0, kind: BrAnon }) aho_corasick::util::primitives::PatternID, &ReBound(DebruijnIndex(0), BoundRegion { var: 1, kind: BrAnon }) aho_corasick::util::primitives::PatternID)) - std::cmp::Ordering, [Region(BrAnon), Region(BrAnon)]), (&ReErased std::vec::Vec,)]), i16, Binder(extern "RustCall" fn((&ReBound(DebruijnIndex(0), BoundRegion { var: 0, kind: BrAnon }) aho_corasick::util::primitives::PatternID, &ReBound(DebruijnIndex(0), BoundRegion { var: 1, kind: BrAnon }) aho_corasick::util::primitives::PatternID)) - bool, [Region(BrAnon), Region(BrAnon)]), (&ReErased mut Closure(DefId(190:773 ~ aho_corasick[b8ab]::packed::pattern::{impl#0}::set_match_kind::{closure#0}), [i16, Binder(extern "RustCall" fn((&ReBound(DebruijnIndex(0), BoundRegion { var: 0, kind: BrAnon }) aho_corasick::util::primitives::PatternID, &ReBound(DebruijnIndex(0), BoundRegion { var: 1, kind: BrAnon }) aho_corasick::util::primitives::PatternID)) - std::cmp::Ordering, [Region(BrAnon), Region(BrAnon)]), (&ReErased std::vec::Vec,)]),)]), i8, Binder(extern "RustCall" fn((*mut core::slice::sort::TimSortRun, usize)), []), ()])
3	1	1	1	core::slice::sort::merge_sort::{impl#3}::index usize, [Region(BrAnon)]), ()]), i16, Binder(extern "RustCall" fn((&ReBound(DebruijnIndex(0), BoundRegion { var: 0, kind: BrAnon }) (usize, char), &ReBound(DebruijnIndex(0), BoundRegion { var: 1, kind: BrAnon }) (usize, char))) - bool, [Region(BrAnon), Region(BrAnon)]), (&ReErased mut Closure(DefId(47:28 ~ idna[e5bb]::punycode::{impl#0}::decode::{closure#0}), [i16, Binder(extern "RustCall" fn((&ReBound(DebruijnIndex(0), BoundRegion { var: 0, kind: BrAnon }) (usize, char),)) - usize, [Region(BrAnon)]), ()]),)]), i8, Binder(extern "RustCall" fn((usize,)) - *mut core::slice::sort::TimSortRun, []), ()]), Closure(DefId(5:5465 ~ alloc[484d]::slice::stable_sort::{closure#3}), [(usize, char), Closure(DefId(5:5388 ~ alloc[484d]::slice::{impl#0}::sort_by_key::{closure#0}), [(usize, char), usize, Closure(DefId(47:28 ~ idna[e5bb]::punycode::{impl#0}::decode::{closure#0}), [i16, Binder(extern "RustCall" fn((&ReBound(DebruijnIndex(0), BoundRegion { var: 0, kind: BrAnon }) (usize, char),)) - usize, [Region(BrAnon)]), ()]), i16, Binder(extern "RustCall" fn((&ReBound(DebruijnIndex(0), BoundRegion { var: 0, kind: BrAnon }) (usize, char), &ReBound(DebruijnIndex(0), BoundRegion { var: 1, kind: BrAnon }) (usize, char))) - bool, [Region(BrAnon), Region(BrAnon)]), (&ReErased mut Closure(DefId(47:28 ~ idna[e5bb]::punycode::{impl#0}::decode::{closure#0}), [i16, Binder(extern "RustCall" fn((&ReBound(DebruijnIndex(0), BoundRegion { var: 0, kind: BrAnon }) (usize, char),)) - usize, [Region(BrAnon)]), ()]),)]), i8, Binder(extern "RustCall" fn((*mut core::slice::sort::TimSortRun, usize)), []), ()])
3	1	1	1	core::slice::sort::merge_sort::{impl#3}::index u8, [Region(BrAnon)]), ()]), i16, Binder(extern "RustCall" fn((&ReBound(DebruijnIndex(0), BoundRegion { var: 0, kind: BrAnon }) (u8, char), &ReBound(DebruijnIndex(0), BoundRegion { var: 1, kind: BrAnon }) (u8, char))) - bool, [Region(BrAnon), Region(BrAnon)]), (&ReErased mut Closure(DefId(49:43 ~ unicode_normalization[69d0]::decompose::{impl#0}::sort_pending::{closure#0}), [std::str::Chars, i16, Binder(extern "RustCall" fn((&ReBound(DebruijnIndex(0), BoundRegion { var: 0, kind: BrAnon }) (u8, char),)) - u8, [Region(BrAnon)]), ()]),)]), i8, Binder(extern "RustCall" fn((usize,)) - *mut core::slice::sort::TimSortRun, []), ()]), Closure(DefId(5:5465 ~ alloc[484d]::slice::stable_sort::{closure#3}), [(u8, char), Closure(DefId(5:5388 ~ alloc[484d]::slice::{impl#0}::sort_by_key::{closure#0}), [(u8, char), u8, Closure(DefId(49:43 ~ unicode_normalization[69d0]::decompose::{impl#0}::sort_pending::{closure#0}), [std::str::Chars, i16, Binder(extern "RustCall" fn((&ReBound(DebruijnIndex(0), BoundRegion { var: 0, kind: BrAnon }) (u8, char),)) - u8, [Region(BrAnon)]), ()]), i16, Binder(extern "RustCall" fn((&ReBound(DebruijnIndex(0), BoundRegion { var: 0, kind: BrAnon }) (u8, char), &ReBound(DebruijnIndex(0), BoundRegion { var: 1, kind: BrAnon }) (u8, char))) - bool, [Region(BrAnon), Region(BrAnon)]), (&ReErased mut Closure(DefId(49:43 ~ unicode_normalization[69d0]::decompose::{impl#0}::sort_pending::{closure#0}), [std::str::Chars, i16, Binder(extern "RustCall" fn((&ReBound(DebruijnIndex(0), BoundRegion { var: 0, kind: BrAnon }) (u8, char),)) - u8, [Region(BrAnon)]), ()]),)]), i8, Binder(extern "RustCall" fn((*mut core::slice::sort::TimSortRun, usize)), []), ()])
3	1	1	1	core::slice::sort::merge_sort::{impl#3}::index (i32, atuin_common::record::HostId, std::string::String), [Region(BrAnon)]), ()]), i16, Binder(extern "RustCall" fn((&ReBound(DebruijnIndex(0), BoundRegion { var: 0, kind: BrAnon }) atuin_client::record::sync::Operation, &ReBound(DebruijnIndex(0), BoundRegion { var: 1, kind: BrAnon }) atuin_client::record::sync::Operation)) - bool, [Region(BrAnon), Region(BrAnon)]), (&ReErased mut Closure(DefId(37:791 ~ atuin_client[32e7]::record::sync::operations::{closure#0}::{closure#0}), [atuin_client::record::sqlite_store::SqliteStore, i16, Binder(extern "RustCall" fn((&ReBound(DebruijnIndex(0), BoundRegion { var: 0, kind: BrAnon }) atuin_client::record::sync::Operation,)) - (i32, atuin_common::record::HostId, std::string::String), [Region(BrAnon)]), ()]),)]), i8, Binder(extern "RustCall" fn((usize,)) - *mut core::slice::sort::TimSortRun, []), ()]), Closure(DefId(5:5465 ~ alloc[484d]::slice::stable_sort::{closure#3}), [atuin_client::record::sync::Operation, Closure(DefId(5:5388 ~ alloc[484d]::slice::{impl#0}::sort_by_key::{closure#0}), [atuin_client::record::sync::Operation, (i32, atuin_common::record::HostId, std::string::String), Closure(DefId(37:791 ~ atuin_client[32e7]::record::sync::operations::{closure#0}::{closure#0}), [atuin_client::record::sqlite_store::SqliteStore, i16, Binder(extern "RustCall" fn((&ReBound(DebruijnIndex(0), BoundRegion { var: 0, kind: BrAnon }) atuin_client::record::sync::Operation,)) - (i32, atuin_common::record::HostId, std::string::String), [Region(BrAnon)]), ()]), i16, Binder(extern "RustCall" fn((&ReBound(DebruijnIndex(0), BoundRegion { var: 0, kind: BrAnon }) atuin_client::record::sync::Operation, &ReBound(DebruijnIndex(0), BoundRegion { var: 1, kind: BrAnon }) atuin_client::record::sync::Operation)) - bool, [Region(BrAnon), Region(BrAnon)]), (&ReErased mut Closure(DefId(37:791 ~ atuin_client[32e7]::record::sync::operations::{closure#0}::{closure#0}), [atuin_client::record::sqlite_store::SqliteStore, i16, Binder(extern "RustCall" fn((&ReBound(DebruijnIndex(0), BoundRegion { var: 0, kind: BrAnon }) atuin_client::record::sync::Operation,)) - (i32, atuin_common::record::HostId, std::string::String), [Region(BrAnon)]), ()]),)]), i8, Binder(extern "RustCall" fn((*mut core::slice::sort::TimSortRun, usize)), []), ()])
3	1	1	1	core::slice::sort::merge_sort::{impl#3}::index, i16, Binder(extern "RustCall" fn((&ReBound(DebruijnIndex(0), BoundRegion { var: 0, kind: BrAnon }) (f64, std::string::String), &ReBound(DebruijnIndex(0), BoundRegion { var: 1, kind: BrAnon }) (f64, std::string::String))) - std::cmp::Ordering, [Region(BrAnon), Region(BrAnon)]), ()]), i16, Binder(extern "RustCall" fn((&ReBound(DebruijnIndex(0), BoundRegion { var: 0, kind: BrAnon }) (f64, std::string::String), &ReBound(DebruijnIndex(0), BoundRegion { var: 1, kind: BrAnon }) (f64, std::string::String))) - bool, [Region(BrAnon), Region(BrAnon)]), (&ReErased mut Closure(DefId(20:2390 ~ clap_builder[a195]::parser::features::suggestions::did_you_mean::{closure#2}), [&ReErased str, std::iter::Map &ReErased str, []), ()]), i16, Binder(extern "RustCall" fn((&ReBound(DebruijnIndex(0), BoundRegion { var: 0, kind: BrAnon }) (f64, std::string::String), &ReBound(DebruijnIndex(0), BoundRegion { var: 1, kind: BrAnon }) (f64, std::string::String))) - std::cmp::Ordering, [Region(BrAnon), Region(BrAnon)]), ()]),)]), i8, Binder(extern "RustCall" fn((usize,)) - *mut core::slice::sort::TimSortRun, []), ()]), Closure(DefId(5:5465 ~ alloc[484d]::slice::stable_sort::{closure#3}), [(f64, std::string::String), Closure(DefId(5:5384 ~ alloc[484d]::slice::{impl#0}::sort_by::{closure#0}), [(f64, std::string::String), Closure(DefId(20:2390 ~ clap_builder[a195]::parser::features::suggestions::did_you_mean::{closure#2}), [&ReErased str, std::iter::Map &ReErased str, []), ()]), i16, Binder(extern "RustCall" fn((&ReBound(DebruijnIndex(0), BoundRegion { var: 0, kind: BrAnon }) (f64, std::string::String), &ReBound(DebruijnIndex(0), BoundRegion { var: 1, kind: BrAnon }) (f64, std::string::String))) - std::cmp::Ordering, [Region(BrAnon), Region(BrAnon)]), ()]), i16, Binder(extern "RustCall" fn((&ReBound(DebruijnIndex(0), BoundRegion { var: 0, kind: BrAnon }) (f64, std::string::String), &ReBound(DebruijnIndex(0), BoundRegion { var: 1, kind: BrAnon }) (f64, std::string::String))) - bool, [Region(BrAnon), Region(BrAnon)]), (&ReErased mut Closure(DefId(20:2390 ~ clap_builder[a195]::parser::features::suggestions::did_you_mean::{closure#2}), [&ReErased str, std::iter::Map &ReErased str, []), ()]), i16, Binder(extern "RustCall" fn((&ReBound(DebruijnIndex(0), BoundRegion { var: 0, kind: BrAnon }) (f64, std::string::String), &ReBound(DebruijnIndex(0), BoundRegion { var: 1, kind: BrAnon }) (f64, std::string::String))) - std::cmp::Ordering, [Region(BrAnon), Region(BrAnon)]), ()]),)]), i8, Binder(extern "RustCall" fn((*mut core::slice::sort::TimSortRun, usize)), []), ()])
3	1	1	1	core::slice::sort::merge_sort::{impl#3}::index u8, [Region(BrAnon)]), ()]), i16, Binder(extern "RustCall" fn((&ReBound(DebruijnIndex(0), BoundRegion { var: 0, kind: BrAnon }) (u8, char), &ReBound(DebruijnIndex(0), BoundRegion { var: 1, kind: BrAnon }) (u8, char))) - bool, [Region(BrAnon), Region(BrAnon)]), (&ReErased mut Closure(DefId(49:43 ~ unicode_normalization[69d0]::decompose::{impl#0}::sort_pending::{closure#0}), [idna::uts46::Mapper, i16, Binder(extern "RustCall" fn((&ReBound(DebruijnIndex(0), BoundRegion { var: 0, kind: BrAnon }) (u8, char),)) - u8, [Region(BrAnon)]), ()]),)]), i8, Binder(extern "RustCall" fn((usize,)) - *mut core::slice::sort::TimSortRun, []), ()]), Closure(DefId(5:5465 ~ alloc[484d]::slice::stable_sort::{closure#3}), [(u8, char), Closure(DefId(5:5388 ~ alloc[484d]::slice::{impl#0}::sort_by_key::{closure#0}), [(u8, char), u8, Closure(DefId(49:43 ~ unicode_normalization[69d0]::decompose::{impl#0}::sort_pending::{closure#0}), [idna::uts46::Mapper, i16, Binder(extern "RustCall" fn((&ReBound(DebruijnIndex(0), BoundRegion { var: 0, kind: BrAnon }) (u8, char),)) - u8, [Region(BrAnon)]), ()]), i16, Binder(extern "RustCall" fn((&ReBound(DebruijnIndex(0), BoundRegion { var: 0, kind: BrAnon }) (u8, char), &ReBound(DebruijnIndex(0), BoundRegion { var: 1, kind: BrAnon }) (u8, char))) - bool, [Region(BrAnon), Region(BrAnon)]), (&ReErased mut Closure(DefId(49:43 ~ unicode_normalization[69d0]::decompose::{impl#0}::sort_pending::{closure#0}), [idna::uts46::Mapper, i16, Binder(extern "RustCall" fn((&ReBound(DebruijnIndex(0), BoundRegion { var: 0, kind: BrAnon }) (u8, char),)) - u8, [Region(BrAnon)]), ()]),)]), i8, Binder(extern "RustCall" fn((*mut core::slice::sort::TimSortRun, usize)), []), ()])
3	1	1	1	core::slice::sort::merge_sort::{impl#3}::index std::cmp::Ordering, [Region(BrAnon), Region(BrAnon)]), ()]), i16, Binder(extern "RustCall" fn((&ReBound(DebruijnIndex(0), BoundRegion { var: 0, kind: BrAnon }) (time::Date, i64), &ReBound(DebruijnIndex(0), BoundRegion { var: 1, kind: BrAnon }) (time::Date, i64))) - bool, [Region(BrAnon), Region(BrAnon)]), (&ReErased mut Closure(DefId(0:539 ~ atuin[fa87]::command::client::search::inspector::sort_duration_over_time::{closure#1}), [i16, Binder(extern "RustCall" fn((&ReBound(DebruijnIndex(0), BoundRegion { var: 0, kind: BrAnon }) (time::Date, i64), &ReBound(DebruijnIndex(0), BoundRegion { var: 1, kind: BrAnon }) (time::Date, i64))) - std::cmp::Ordering, [Region(BrAnon), Region(BrAnon)]), ()]),)]), i8, Binder(extern "RustCall" fn((usize,)) - *mut core::slice::sort::TimSortRun, []), ()]), Closure(DefId(5:5465 ~ alloc[484d]::slice::stable_sort::{closure#3}), [(time::Date, i64), Closure(DefId(5:5384 ~ alloc[484d]::slice::{impl#0}::sort_by::{closure#0}), [(time::Date, i64), Closure(DefId(0:539 ~ atuin[fa87]::command::client::search::inspector::sort_duration_over_time::{closure#1}), [i16, Binder(extern "RustCall" fn((&ReBound(DebruijnIndex(0), BoundRegion { var: 0, kind: BrAnon }) (time::Date, i64), &ReBound(DebruijnIndex(0), BoundRegion { var: 1, kind: BrAnon }) (time::Date, i64))) - std::cmp::Ordering, [Region(BrAnon), Region(BrAnon)]), ()]), i16, Binder(extern "RustCall" fn((&ReBound(DebruijnIndex(0), BoundRegion { var: 0, kind: BrAnon }) (time::Date, i64), &ReBound(DebruijnIndex(0), BoundRegion { var: 1, kind: BrAnon }) (time::Date, i64))) - bool, [Region(BrAnon), Region(BrAnon)]), (&ReErased mut Closure(DefId(0:539 ~ atuin[fa87]::command::client::search::inspector::sort_duration_over_time::{closure#1}), [i16, Binder(extern "RustCall" fn((&ReBound(DebruijnIndex(0), BoundRegion { var: 0, kind: BrAnon }) (time::Date, i64), &ReBound(DebruijnIndex(0), BoundRegion { var: 1, kind: BrAnon }) (time::Date, i64))) - std::cmp::Ordering, [Region(BrAnon), Region(BrAnon)]), ()]),)]), i8, Binder(extern "RustCall" fn((*mut core::slice::sort::TimSortRun, usize)), []), ()])
3	1	1	1	core::slice::sort::merge_sort::{impl#3}::index std::cmp::Ordering, [Region(BrAnon), Region(BrAnon)]), ()]), i16, Binder(extern "RustCall" fn((&ReBound(DebruijnIndex(0), BoundRegion { var: 0, kind: BrAnon }) (usize, &ReErased str, &ReErased clap::Command), &ReBound(DebruijnIndex(0), BoundRegion { var: 1, kind: BrAnon }) (usize, &ReErased str, &ReErased clap::Command))) - bool, [Region(BrAnon), Region(BrAnon)]), (&ReErased mut Closure(DefId(20:2584 ~ clap_builder[a195]::output::help_template::{impl#4}::write_flat_subcommands::{closure#1}), [ReErased, ReErased, i16, Binder(extern "RustCall" fn((&ReBound(DebruijnIndex(0), BoundRegion { var: 0, kind: BrAnon }) (usize, &ReErased str, &ReErased clap::Command), &ReBound(DebruijnIndex(0), BoundRegion { var: 1, kind: BrAnon }) (usize, &ReErased str, &ReErased clap::Command))) - std::cmp::Ordering, [Region(BrAnon), Region(BrAnon)]), ()]),)]), i8, Binder(extern "RustCall" fn((usize,)) - *mut core::slice::sort::TimSortRun, []), ()]), Closure(DefId(5:5465 ~ alloc[484d]::slice::stable_sort::{closure#3}), [(usize, &ReErased str, &ReErased clap::Command), Closure(DefId(5:5384 ~ alloc[484d]::slice::{impl#0}::sort_by::{closure#0}), [(usize, &ReErased str, &ReErased clap::Command), Closure(DefId(20:2584 ~ clap_builder[a195]::output::help_template::{impl#4}::write_flat_subcommands::{closure#1}), [ReErased, ReErased, i16, Binder(extern "RustCall" fn((&ReBound(DebruijnIndex(0), BoundRegion { var: 0, kind: BrAnon }) (usize, &ReErased str, &ReErased clap::Command), &ReBound(DebruijnIndex(0), BoundRegion { var: 1, kind: BrAnon }) (usize, &ReErased str, &ReErased clap::Command))) - std::cmp::Ordering, [Region(BrAnon), Region(BrAnon)]), ()]), i16, Binder(extern "RustCall" fn((&ReBound(DebruijnIndex(0), BoundRegion { var: 0, kind: BrAnon }) (usize, &ReErased str, &ReErased clap::Command), &ReBound(DebruijnIndex(0), BoundRegion { var: 1, kind: BrAnon }) (usize, &ReErased str, &ReErased clap::Command))) - bool, [Region(BrAnon), Region(BrAnon)]), (&ReErased mut Closure(DefId(20:2584 ~ clap_builder[a195]::output::help_template::{impl#4}::write_flat_subcommands::{closure#1}), [ReErased, ReErased, i16, Binder(extern "RustCall" fn((&ReBound(DebruijnIndex(0), BoundRegion { var: 0, kind: BrAnon }) (usize, &ReErased str, &ReErased clap::Command), &ReBound(DebruijnIndex(0), BoundRegion { var: 1, kind: BrAnon }) (usize, &ReErased str, &ReErased clap::Command))) - std::cmp::Ordering, [Region(BrAnon), Region(BrAnon)]), ()]),)]), i8, Binder(extern "RustCall" fn((*mut core::slice::sort::TimSortRun, usize)), []), ()])
3	1	1	1	core::slice::sort::merge_sort::{impl#3}::index usize, [Region(BrAnon)]), ()]), i16, Binder(extern "RustCall" fn((&ReBound(DebruijnIndex(0), BoundRegion { var: 0, kind: BrAnon }) regex_automata::minimize::StateSet, &ReBound(DebruijnIndex(0), BoundRegion { var: 1, kind: BrAnon }) regex_automata::minimize::StateSet)) - bool, [Region(BrAnon), Region(BrAnon)]), (&ReErased mut Closure(DefId(265:441 ~ regex_automata[5efc]::minimize::{impl#1}::initial_partitions::{closure#0}), [ReErased, usize, i16, Binder(extern "RustCall" fn((&ReBound(DebruijnIndex(0), BoundRegion { var: 0, kind: BrAnon }) regex_automata::minimize::StateSet,)) - usize, [Region(BrAnon)]), ()]),)]), i8, Binder(extern "RustCall" fn((usize,)) - *mut core::slice::sort::TimSortRun, []), ()]), Closure(DefId(5:5465 ~ alloc[484d]::slice::stable_sort::{closure#3}), [regex_automata::minimize::StateSet, Closure(DefId(5:5388 ~ alloc[484d]::slice::{impl#0}::sort_by_key::{closure#0}), [regex_automata::minimize::StateSet, usize, Closure(DefId(265:441 ~ regex_automata[5efc]::minimize::{impl#1}::initial_partitions::{closure#0}), [ReErased, usize, i16, Binder(extern "RustCall" fn((&ReBound(DebruijnIndex(0), BoundRegion { var: 0, kind: BrAnon }) regex_automata::minimize::StateSet,)) - usize, [Region(BrAnon)]), ()]), i16, Binder(extern "RustCall" fn((&ReBound(DebruijnIndex(0), BoundRegion { var: 0, kind: BrAnon }) regex_automata::minimize::StateSet, &ReBound(DebruijnIndex(0), BoundRegion { var: 1, kind: BrAnon }) regex_automata::minimize::StateSet)) - bool, [Region(BrAnon), Region(BrAnon)]), (&ReErased mut Closure(DefId(265:441 ~ regex_automata[5efc]::minimize::{impl#1}::initial_partitions::{closure#0}), [ReErased, usize, i16, Binder(extern "RustCall" fn((&ReBound(DebruijnIndex(0), BoundRegion { var: 0, kind: BrAnon }) regex_automata::minimize::StateSet,)) - usize, [Region(BrAnon)]), ()]),)]), i8, Binder(extern "RustCall" fn((*mut core::slice::sort::TimSortRun, usize)), []), ()])
3	1	1	1	core::slice::sort::merge_sort::{impl#3}::index *mut core::slice::sort::TimSortRun, []), ()]), Closure(DefId(5:5465 ~ alloc[484d]::slice::stable_sort::{closure#3}), [atuin_common::record::Diff, FnDef(DefId(2:2551 ~ core[3c87]::cmp::PartialOrd::lt), [atuin_common::record::Diff, atuin_common::record::Diff]), i8, Binder(extern "RustCall" fn((*mut core::slice::sort::TimSortRun, usize)), []), ()])
3	2	1	1	reqwest::async_impl::client::{impl#10}::in_flight
3	1	1	1	core::slice::sort::merge_sort::{impl#3}::index std::cmp::Ordering, [Region(BrAnon), Region(BrAnon)]), ()]), i16, Binder(extern "RustCall" fn((&ReBound(DebruijnIndex(0), BoundRegion { var: 0, kind: BrAnon }) (usize, clap::builder::StyledStr, &ReErased clap::Command), &ReBound(DebruijnIndex(0), BoundRegion { var: 1, kind: BrAnon }) (usize, clap::builder::StyledStr, &ReErased clap::Command))) - bool, [Region(BrAnon), Region(BrAnon)]), (&ReErased mut Closure(DefId(20:2590 ~ clap_builder[a195]::output::help_template::{impl#4}::write_subcommands::{closure#1}), [ReErased, ReErased, i16, Binder(extern "RustCall" fn((&ReBound(DebruijnIndex(0), BoundRegion { var: 0, kind: BrAnon }) (usize, clap::builder::StyledStr, &ReErased clap::Command), &ReBound(DebruijnIndex(0), BoundRegion { var: 1, kind: BrAnon }) (usize, clap::builder::StyledStr, &ReErased clap::Command))) - std::cmp::Ordering, [Region(BrAnon), Region(BrAnon)]), ()]),)]), i8, Binder(extern "RustCall" fn((usize,)) - *mut core::slice::sort::TimSortRun, []), ()]), Closure(DefId(5:5465 ~ alloc[484d]::slice::stable_sort::{closure#3}), [(usize, clap::builder::StyledStr, &ReErased clap::Command), Closure(DefId(5:5384 ~ alloc[484d]::slice::{impl#0}::sort_by::{closure#0}), [(usize, clap::builder::StyledStr, &ReErased clap::Command), Closure(DefId(20:2590 ~ clap_builder[a195]::output::help_template::{impl#4}::write_subcommands::{closure#1}), [ReErased, ReErased, i16, Binder(extern "RustCall" fn((&ReBound(DebruijnIndex(0), BoundRegion { var: 0, kind: BrAnon }) (usize, clap::builder::StyledStr, &ReErased clap::Command), &ReBound(DebruijnIndex(0), BoundRegion { var: 1, kind: BrAnon }) (usize, clap::builder::StyledStr, &ReErased clap::Command))) - std::cmp::Ordering, [Region(BrAnon), Region(BrAnon)]), ()]), i16, Binder(extern "RustCall" fn((&ReBound(DebruijnIndex(0), BoundRegion { var: 0, kind: BrAnon }) (usize, clap::builder::StyledStr, &ReErased clap::Command), &ReBound(DebruijnIndex(0), BoundRegion { var: 1, kind: BrAnon }) (usize, clap::builder::StyledStr, &ReErased clap::Command))) - bool, [Region(BrAnon), Region(BrAnon)]), (&ReErased mut Closure(DefId(20:2590 ~ clap_builder[a195]::output::help_template::{impl#4}::write_subcommands::{closure#1}), [ReErased, ReErased, i16, Binder(extern "RustCall" fn((&ReBound(DebruijnIndex(0), BoundRegion { var: 0, kind: BrAnon }) (usize, clap::builder::StyledStr, &ReErased clap::Command), &ReBound(DebruijnIndex(0), BoundRegion { var: 1, kind: BrAnon }) (usize, clap::builder::StyledStr, &ReErased clap::Command))) - std::cmp::Ordering, [Region(BrAnon), Region(BrAnon)]), ()]),)]), i8, Binder(extern "RustCall" fn((*mut core::slice::sort::TimSortRun, usize)), []), ()])
3	3	3	1	console::term::{impl#3}::features
3	3	3	1	crossterm::event::sys::unix::parse::parse_csi_modifier_key_code
3	3	3	1	indicatif::state::{impl#3}::expanded
3	1	1	1	core::slice::sort::merge_sort::{impl#3}::index, i16, Binder(extern "RustCall" fn((&ReBound(DebruijnIndex(0), BoundRegion { var: 0, kind: BrAnon }) (f64, std::string::String), &ReBound(DebruijnIndex(0), BoundRegion { var: 1, kind: BrAnon }) (f64, std::string::String))) - std::cmp::Ordering, [Region(BrAnon), Region(BrAnon)]), ()]), i16, Binder(extern "RustCall" fn((&ReBound(DebruijnIndex(0), BoundRegion { var: 0, kind: BrAnon }) (f64, std::string::String), &ReBound(DebruijnIndex(0), BoundRegion { var: 1, kind: BrAnon }) (f64, std::string::String))) - bool, [Region(BrAnon), Region(BrAnon)]), (&ReErased mut Closure(DefId(22:2395 ~ clap_builder[559f]::parser::features::suggestions::did_you_mean::{closure#2}), [&ReErased str, std::iter::Map &ReErased str, []), ()]), i16, Binder(extern "RustCall" fn((&ReBound(DebruijnIndex(0), BoundRegion { var: 0, kind: BrAnon }) (f64, std::string::String), &ReBound(DebruijnIndex(0), BoundRegion { var: 1, kind: BrAnon }) (f64, std::string::String))) - std::cmp::Ordering, [Region(BrAnon), Region(BrAnon)]), ()]),)]), i8, Binder(extern "RustCall" fn((usize,)) - *mut core::slice::sort::TimSortRun, []), ()]), Closure(DefId(5:5465 ~ alloc[484d]::slice::stable_sort::{closure#3}), [(f64, std::string::String), Closure(DefId(5:5384 ~ alloc[484d]::slice::{impl#0}::sort_by::{closure#0}), [(f64, std::string::String), Closure(DefId(22:2395 ~ clap_builder[559f]::parser::features::suggestions::did_you_mean::{closure#2}), [&ReErased str, std::iter::Map &ReErased str, []), ()]), i16, Binder(extern "RustCall" fn((&ReBound(DebruijnIndex(0), BoundRegion { var: 0, kind: BrAnon }) (f64, std::string::String), &ReBound(DebruijnIndex(0), BoundRegion { var: 1, kind: BrAnon }) (f64, std::string::String))) - std::cmp::Ordering, [Region(BrAnon), Region(BrAnon)]), ()]), i16, Binder(extern "RustCall" fn((&ReBound(DebruijnIndex(0), BoundRegion { var: 0, kind: BrAnon }) (f64, std::string::String), &ReBound(DebruijnIndex(0), BoundRegion { var: 1, kind: BrAnon }) (f64, std::string::String))) - bool, [Region(BrAnon), Region(BrAnon)]), (&ReErased mut Closure(DefId(22:2395 ~ clap_builder[559f]::parser::features::suggestions::did_you_mean::{closure#2}), [&ReErased str, std::iter::Map &ReErased str, []), ()]), i16, Binder(extern "RustCall" fn((&ReBound(DebruijnIndex(0), BoundRegion { var: 0, kind: BrAnon }) (f64, std::string::String), &ReBound(DebruijnIndex(0), BoundRegion { var: 1, kind: BrAnon }) (f64, std::string::String))) - std::cmp::Ordering, [Region(BrAnon), Region(BrAnon)]), ()]),)]), i8, Binder(extern "RustCall" fn((*mut core::slice::sort::TimSortRun, usize)), []), ()])
3	1	1	1	core::slice::sort::merge_sort::{impl#3}::index std::cmp::Ordering, [Region(BrAnon), Region(BrAnon)]), ()]), i16, Binder(extern "RustCall" fn((&ReBound(DebruijnIndex(0), BoundRegion { var: 0, kind: BrAnon }) (usize, clap_builder::builder::styled_str::StyledStr, &ReErased clap_builder::builder::command::Command), &ReBound(DebruijnIndex(0), BoundRegion { var: 1, kind: BrAnon }) (usize, clap_builder::builder::styled_str::StyledStr, &ReErased clap_builder::builder::command::Command))) - bool, [Region(BrAnon), Region(BrAnon)]), (&ReErased mut Closure(DefId(22:2595 ~ clap_builder[559f]::output::help_template::{impl#4}::write_subcommands::{closure#1}), [ReErased, ReErased, i16, Binder(extern "RustCall" fn((&ReBound(DebruijnIndex(0), BoundRegion { var: 0, kind: BrAnon }) (usize, clap_builder::builder::styled_str::StyledStr, &ReErased clap_builder::builder::command::Command), &ReBound(DebruijnIndex(0), BoundRegion { var: 1, kind: BrAnon }) (usize, clap_builder::builder::styled_str::StyledStr, &ReErased clap_builder::builder::command::Command))) - std::cmp::Ordering, [Region(BrAnon), Region(BrAnon)]), ()]),)]), i8, Binder(extern "RustCall" fn((usize,)) - *mut core::slice::sort::TimSortRun, []), ()]), Closure(DefId(5:5465 ~ alloc[484d]::slice::stable_sort::{closure#3}), [(usize, clap_builder::builder::styled_str::StyledStr, &ReErased clap_builder::builder::command::Command), Closure(DefId(5:5384 ~ alloc[484d]::slice::{impl#0}::sort_by::{closure#0}), [(usize, clap_builder::builder::styled_str::StyledStr, &ReErased clap_builder::builder::command::Command), Closure(DefId(22:2595 ~ clap_builder[559f]::output::help_template::{impl#4}::write_subcommands::{closure#1}), [ReErased, ReErased, i16, Binder(extern "RustCall" fn((&ReBound(DebruijnIndex(0), BoundRegion { var: 0, kind: BrAnon }) (usize, clap_builder::builder::styled_str::StyledStr, &ReErased clap_builder::builder::command::Command), &ReBound(DebruijnIndex(0), BoundRegion { var: 1, kind: BrAnon }) (usize, clap_builder::builder::styled_str::StyledStr, &ReErased clap_builder::builder::command::Command))) - std::cmp::Ordering, [Region(BrAnon), Region(BrAnon)]), ()]), i16, Binder(extern "RustCall" fn((&ReBound(DebruijnIndex(0), BoundRegion { var: 0, kind: BrAnon }) (usize, clap_builder::builder::styled_str::StyledStr, &ReErased clap_builder::builder::command::Command), &ReBound(DebruijnIndex(0), BoundRegion { var: 1, kind: BrAnon }) (usize, clap_builder::builder::styled_str::StyledStr, &ReErased clap_builder::builder::command::Command))) - bool, [Region(BrAnon), Region(BrAnon)]), (&ReErased mut Closure(DefId(22:2595 ~ clap_builder[559f]::output::help_template::{impl#4}::write_subcommands::{closure#1}), [ReErased, ReErased, i16, Binder(extern "RustCall" fn((&ReBound(DebruijnIndex(0), BoundRegion { var: 0, kind: BrAnon }) (usize, clap_builder::builder::styled_str::StyledStr, &ReErased clap_builder::builder::command::Command), &ReBound(DebruijnIndex(0), BoundRegion { var: 1, kind: BrAnon }) (usize, clap_builder::builder::styled_str::StyledStr, &ReErased clap_builder::builder::command::Command))) - std::cmp::Ordering, [Region(BrAnon), Region(BrAnon)]), ()]),)]), i8, Binder(extern "RustCall" fn((*mut core::slice::sort::TimSortRun, usize)), []), ()])
3	1	1	1	core::slice::sort::merge_sort::{impl#3}::index std::cmp::Ordering, [Region(BrAnon), Region(BrAnon)]), ()]), i16, Binder(extern "RustCall" fn((&ReBound(DebruijnIndex(0), BoundRegion { var: 0, kind: BrAnon }) ((usize, std::string::String), &ReErased clap_builder::builder::arg::Arg), &ReBound(DebruijnIndex(0), BoundRegion { var: 1, kind: BrAnon }) ((usize, std::string::String), &ReErased clap_builder::builder::arg::Arg))) - bool, [Region(BrAnon), Region(BrAnon)]), (&ReErased mut Closure(DefId(22:2552 ~ clap_builder[559f]::output::help_template::{impl#3}::write_args::{closure#1}), [ReErased, ReErased, i16, Binder(extern "RustCall" fn((&ReBound(DebruijnIndex(0), BoundRegion { var: 0, kind: BrAnon }) ((usize, std::string::String), &ReErased clap_builder::builder::arg::Arg), &ReBound(DebruijnIndex(0), BoundRegion { var: 1, kind: BrAnon }) ((usize, std::string::String), &ReErased clap_builder::builder::arg::Arg))) - std::cmp::Ordering, [Region(BrAnon), Region(BrAnon)]), ()]),)]), i8, Binder(extern "RustCall" fn((usize,)) - *mut core::slice::sort::TimSortRun, []), ()]), Closure(DefId(5:5465 ~ alloc[484d]::slice::stable_sort::{closure#3}), [((usize, std::string::String), &ReErased clap_builder::builder::arg::Arg), Closure(DefId(5:5384 ~ alloc[484d]::slice::{impl#0}::sort_by::{closure#0}), [((usize, std::string::String), &ReErased clap_builder::builder::arg::Arg), Closure(DefId(22:2552 ~ clap_builder[559f]::output::help_template::{impl#3}::write_args::{closure#1}), [ReErased, ReErased, i16, Binder(extern "RustCall" fn((&ReBound(DebruijnIndex(0), BoundRegion { var: 0, kind: BrAnon }) ((usize, std::string::String), &ReErased clap_builder::builder::arg::Arg), &ReBound(DebruijnIndex(0), BoundRegion { var: 1, kind: BrAnon }) ((usize, std::string::String), &ReErased clap_builder::builder::arg::Arg))) - std::cmp::Ordering, [Region(BrAnon), Region(BrAnon)]), ()]), i16, Binder(extern "RustCall" fn((&ReBound(DebruijnIndex(0), BoundRegion { var: 0, kind: BrAnon }) ((usize, std::string::String), &ReErased clap_builder::builder::arg::Arg), &ReBound(DebruijnIndex(0), BoundRegion { var: 1, kind: BrAnon }) ((usize, std::string::String), &ReErased clap_builder::builder::arg::Arg))) - bool, [Region(BrAnon), Region(BrAnon)]), (&ReErased mut Closure(DefId(22:2552 ~ clap_builder[559f]::output::help_template::{impl#3}::write_args::{closure#1}), [ReErased, ReErased, i16, Binder(extern "RustCall" fn((&ReBound(DebruijnIndex(0), BoundRegion { var: 0, kind: BrAnon }) ((usize, std::string::String), &ReErased clap_builder::builder::arg::Arg), &ReBound(DebruijnIndex(0), BoundRegion { var: 1, kind: BrAnon }) ((usize, std::string::String), &ReErased clap_builder::builder::arg::Arg))) - std::cmp::Ordering, [Region(BrAnon), Region(BrAnon)]), ()]),)]), i8, Binder(extern "RustCall" fn((*mut core::slice::sort::TimSortRun, usize)), []), ()])
3	1	1	1	core::slice::sort::merge_sort::{impl#3}::index std::cmp::Ordering, [Region(BrAnon), Region(BrAnon)]), ()]), i16, Binder(extern "RustCall" fn((&ReBound(DebruijnIndex(0), BoundRegion { var: 0, kind: BrAnon }) (f64, std::string::String), &ReBound(DebruijnIndex(0), BoundRegion { var: 1, kind: BrAnon }) (f64, std::string::String))) - bool, [Region(BrAnon), Region(BrAnon)]), (&ReErased mut Closure(DefId(22:2395 ~ clap_builder[559f]::parser::features::suggestions::did_you_mean::{closure#2}), [&ReErased std::string::String, std::slice::Iter, i16, Binder(extern "RustCall" fn((&ReBound(DebruijnIndex(0), BoundRegion { var: 0, kind: BrAnon }) (f64, std::string::String), &ReBound(DebruijnIndex(0), BoundRegion { var: 1, kind: BrAnon }) (f64, std::string::String))) - std::cmp::Ordering, [Region(BrAnon), Region(BrAnon)]), ()]),)]), i8, Binder(extern "RustCall" fn((usize,)) - *mut core::slice::sort::TimSortRun, []), ()]), Closure(DefId(5:5465 ~ alloc[484d]::slice::stable_sort::{closure#3}), [(f64, std::string::String), Closure(DefId(5:5384 ~ alloc[484d]::slice::{impl#0}::sort_by::{closure#0}), [(f64, std::string::String), Closure(DefId(22:2395 ~ clap_builder[559f]::parser::features::suggestions::did_you_mean::{closure#2}), [&ReErased std::string::String, std::slice::Iter, i16, Binder(extern "RustCall" fn((&ReBound(DebruijnIndex(0), BoundRegion { var: 0, kind: BrAnon }) (f64, std::string::String), &ReBound(DebruijnIndex(0), BoundRegion { var: 1, kind: BrAnon }) (f64, std::string::String))) - std::cmp::Ordering, [Region(BrAnon), Region(BrAnon)]), ()]), i16, Binder(extern "RustCall" fn((&ReBound(DebruijnIndex(0), BoundRegion { var: 0, kind: BrAnon }) (f64, std::string::String), &ReBound(DebruijnIndex(0), BoundRegion { var: 1, kind: BrAnon }) (f64, std::string::String))) - bool, [Region(BrAnon), Region(BrAnon)]), (&ReErased mut Closure(DefId(22:2395 ~ clap_builder[559f]::parser::features::suggestions::did_you_mean::{closure#2}), [&ReErased std::string::String, std::slice::Iter, i16, Binder(extern "RustCall" fn((&ReBound(DebruijnIndex(0), BoundRegion { var: 0, kind: BrAnon }) (f64, std::string::String), &ReBound(DebruijnIndex(0), BoundRegion { var: 1, kind: BrAnon }) (f64, std::string::String))) - std::cmp::Ordering, [Region(BrAnon), Region(BrAnon)]), ()]),)]), i8, Binder(extern "RustCall" fn((*mut core::slice::sort::TimSortRun, usize)), []), ()])
3	1	1	1	core::slice::sort::merge_sort::{impl#3}::index std::cmp::Ordering, [Region(BrAnon), Region(BrAnon)]), (&ReErased std::vec::Vec,)]), i16, Binder(extern "RustCall" fn((&ReBound(DebruijnIndex(0), BoundRegion { var: 0, kind: BrAnon }) aho_corasick::util::primitives::PatternID, &ReBound(DebruijnIndex(0), BoundRegion { var: 1, kind: BrAnon }) aho_corasick::util::primitives::PatternID)) - bool, [Region(BrAnon), Region(BrAnon)]), (&ReErased mut Closure(DefId(62:773 ~ aho_corasick[c788]::packed::pattern::{impl#0}::set_match_kind::{closure#0}), [i16, Binder(extern "RustCall" fn((&ReBound(DebruijnIndex(0), BoundRegion { var: 0, kind: BrAnon }) aho_corasick::util::primitives::PatternID, &ReBound(DebruijnIndex(0), BoundRegion { var: 1, kind: BrAnon }) aho_corasick::util::primitives::PatternID)) - std::cmp::Ordering, [Region(BrAnon), Region(BrAnon)]), (&ReErased std::vec::Vec,)]),)]), i8, Binder(extern "RustCall" fn((usize,)) - *mut core::slice::sort::TimSortRun, []), ()]), Closure(DefId(5:5465 ~ alloc[484d]::slice::stable_sort::{closure#3}), [aho_corasick::util::primitives::PatternID, Closure(DefId(5:5384 ~ alloc[484d]::slice::{impl#0}::sort_by::{closure#0}), [aho_corasick::util::primitives::PatternID, Closure(DefId(62:773 ~ aho_corasick[c788]::packed::pattern::{impl#0}::set_match_kind::{closure#0}), [i16, Binder(extern "RustCall" fn((&ReBound(DebruijnIndex(0), BoundRegion { var: 0, kind: BrAnon }) aho_corasick::util::primitives::PatternID, &ReBound(DebruijnIndex(0), BoundRegion { var: 1, kind: BrAnon }) aho_corasick::util::primitives::PatternID)) - std::cmp::Ordering, [Region(BrAnon), Region(BrAnon)]), (&ReErased std::vec::Vec,)]), i16, Binder(extern "RustCall" fn((&ReBound(DebruijnIndex(0), BoundRegion { var: 0, kind: BrAnon }) aho_corasick::util::primitives::PatternID, &ReBound(DebruijnIndex(0), BoundRegion { var: 1, kind: BrAnon }) aho_corasick::util::primitives::PatternID)) - bool, [Region(BrAnon), Region(BrAnon)]), (&ReErased mut Closure(DefId(62:773 ~ aho_corasick[c788]::packed::pattern::{impl#0}::set_match_kind::{closure#0}), [i16, Binder(extern "RustCall" fn((&ReBound(DebruijnIndex(0), BoundRegion { var: 0, kind: BrAnon }) aho_corasick::util::primitives::PatternID, &ReBound(DebruijnIndex(0), BoundRegion { var: 1, kind: BrAnon }) aho_corasick::util::primitives::PatternID)) - std::cmp::Ordering, [Region(BrAnon), Region(BrAnon)]), (&ReErased std::vec::Vec,)]),)]), i8, Binder(extern "RustCall" fn((*mut core::slice::sort::TimSortRun, usize)), []), ()])
3	1	1	1	core::slice::sort::merge_sort::{impl#3}::index std::iter::Chain, []), ()]), i16, Binder(extern "RustCall" fn((&ReBound(DebruijnIndex(0), BoundRegion { var: 0, kind: BrAnon }) (f64, std::string::String), &ReBound(DebruijnIndex(0), BoundRegion { var: 1, kind: BrAnon }) (f64, std::string::String))) - std::cmp::Ordering, [Region(BrAnon), Region(BrAnon)]), ()]), i16, Binder(extern "RustCall" fn((&ReBound(DebruijnIndex(0), BoundRegion { var: 0, kind: BrAnon }) (f64, std::string::String), &ReBound(DebruijnIndex(0), BoundRegion { var: 1, kind: BrAnon }) (f64, std::string::String))) - bool, [Region(BrAnon), Region(BrAnon)]), (&ReErased mut Closure(DefId(22:2395 ~ clap_builder[559f]::parser::features::suggestions::did_you_mean::{closure#2}), [&ReErased str, std::iter::FlatMap, Closure(DefId(22:706 ~ clap_builder[559f]::builder::command::{impl#7}::all_subcommand_names::{closure#0}), [i16, Binder(extern "RustCall" fn((&ReErased clap_builder::builder::command::Command,)) - std::iter::Chain, []), ()]), i16, Binder(extern "RustCall" fn((&ReBound(DebruijnIndex(0), BoundRegion { var: 0, kind: BrAnon }) (f64, std::string::String), &ReBound(DebruijnIndex(0), BoundRegion { var: 1, kind: BrAnon }) (f64, std::string::String))) - std::cmp::Ordering, [Region(BrAnon), Region(BrAnon)]), ()]),)]), i8, Binder(extern "RustCall" fn((usize,)) - *mut core::slice::sort::TimSortRun, []), ()]), Closure(DefId(5:5465 ~ alloc[484d]::slice::stable_sort::{closure#3}), [(f64, std::string::String), Closure(DefId(5:5384 ~ alloc[484d]::slice::{impl#0}::sort_by::{closure#0}), [(f64, std::string::String), Closure(DefId(22:2395 ~ clap_builder[559f]::parser::features::suggestions::did_you_mean::{closure#2}), [&ReErased str, std::iter::FlatMap, Closure(DefId(22:706 ~ clap_builder[559f]::builder::command::{impl#7}::all_subcommand_names::{closure#0}), [i16, Binder(extern "RustCall" fn((&ReErased clap_builder::builder::command::Command,)) - std::iter::Chain, []), ()]), i16, Binder(extern "RustCall" fn((&ReBound(DebruijnIndex(0), BoundRegion { var: 0, kind: BrAnon }) (f64, std::string::String), &ReBound(DebruijnIndex(0), BoundRegion { var: 1, kind: BrAnon }) (f64, std::string::String))) - std::cmp::Ordering, [Region(BrAnon), Region(BrAnon)]), ()]), i16, Binder(extern "RustCall" fn((&ReBound(DebruijnIndex(0), BoundRegion { var: 0, kind: BrAnon }) (f64, std::string::String), &ReBound(DebruijnIndex(0), BoundRegion { var: 1, kind: BrAnon }) (f64, std::string::String))) - bool, [Region(BrAnon), Region(BrAnon)]), (&ReErased mut Closure(DefId(22:2395 ~ clap_builder[559f]::parser::features::suggestions::did_you_mean::{closure#2}), [&ReErased str, std::iter::FlatMap, Closure(DefId(22:706 ~ clap_builder[559f]::builder::command::{impl#7}::all_subcommand_names::{closure#0}), [i16, Binder(extern "RustCall" fn((&ReErased clap_builder::builder::command::Command,)) - std::iter::Chain, []), ()]), i16, Binder(extern "RustCall" fn((&ReBound(DebruijnIndex(0), BoundRegion { var: 0, kind: BrAnon }) (f64, std::string::String), &ReBound(DebruijnIndex(0), BoundRegion { var: 1, kind: BrAnon }) (f64, std::string::String))) - std::cmp::Ordering, [Region(BrAnon), Region(BrAnon)]), ()]),)]), i8, Binder(extern "RustCall" fn((*mut core::slice::sort::TimSortRun, usize)), []), ()])
3	1	1	1	core::iter::adapters::skip::{impl#1}::next
3	1	1	1	core::slice::sort::merge_sort::{impl#3}::index, &ReErased str, std::slice::IterMut, i16, Binder(extern "RustCall" fn((&ReErased clap_builder::mkeymap::KeyType,)) - std::option::Option, []), ()]), i16, Binder(extern "RustCall" fn((&ReBound(DebruijnIndex(0), BoundRegion { var: 0, kind: BrAnon }) (f64, std::string::String), &ReBound(DebruijnIndex(0), BoundRegion { var: 1, kind: BrAnon }) (f64, std::string::String))) - std::cmp::Ordering, [Region(BrAnon), Region(BrAnon)]), ()]), i16, Binder(extern "RustCall" fn((&ReBound(DebruijnIndex(0), BoundRegion { var: 0, kind: BrAnon }) (f64, std::string::String), &ReBound(DebruijnIndex(0), BoundRegion { var: 1, kind: BrAnon }) (f64, std::string::String))) - bool, [Region(BrAnon), Region(BrAnon)]), (&ReErased mut Closure(DefId(22:2395 ~ clap_builder[559f]::parser::features::suggestions::did_you_mean::{closure#2}), [std::string::String, std::iter::FilterMap, Closure(DefId(22:2404 ~ clap_builder[559f]::parser::features::suggestions::did_you_mean_flag::{closure#0}::{closure#0}), [ReErased, ReErased, std::iter::Map &ReErased str, []), ()]), &ReErased str, std::slice::IterMut, i16, Binder(extern "RustCall" fn((&ReErased clap_builder::mkeymap::KeyType,)) - std::option::Option, []), ()]), i16, Binder(extern "RustCall" fn((&ReBound(DebruijnIndex(0), BoundRegion { var: 0, kind: BrAnon }) (f64, std::string::String), &ReBound(DebruijnIndex(0), BoundRegion { var: 1, kind: BrAnon }) (f64, std::string::String))) - std::cmp::Ordering, [Region(BrAnon), Region(BrAnon)]), ()]),)]), i8, Binder(extern "RustCall" fn((usize,)) - *mut core::slice::sort::TimSortRun, []), ()]), Closure(DefId(5:5465 ~ alloc[484d]::slice::stable_sort::{closure#3}), [(f64, std::string::String), Closure(DefId(5:5384 ~ alloc[484d]::slice::{impl#0}::sort_by::{closure#0}), [(f64, std::string::String), Closure(DefId(22:2395 ~ clap_builder[559f]::parser::features::suggestions::did_you_mean::{closure#2}), [std::string::String, std::iter::FilterMap, Closure(DefId(22:2404 ~ clap_builder[559f]::parser::features::suggestions::did_you_mean_flag::{closure#0}::{closure#0}), [ReErased, ReErased, std::iter::Map &ReErased str, []), ()]), &ReErased str, std::slice::IterMut, i16, Binder(extern "RustCall" fn((&ReErased clap_builder::mkeymap::KeyType,)) - std::option::Option, []), ()]), i16, Binder(extern "RustCall" fn((&ReBound(DebruijnIndex(0), BoundRegion { var: 0, kind: BrAnon }) (f64, std::string::String), &ReBound(DebruijnIndex(0), BoundRegion { var: 1, kind: BrAnon }) (f64, std::string::String))) - std::cmp::Ordering, [Region(BrAnon), Region(BrAnon)]), ()]), i16, Binder(extern "RustCall" fn((&ReBound(DebruijnIndex(0), BoundRegion { var: 0, kind: BrAnon }) (f64, std::string::String), &ReBound(DebruijnIndex(0), BoundRegion { var: 1, kind: BrAnon }) (f64, std::string::String))) - bool, [Region(BrAnon), Region(BrAnon)]), (&ReErased mut Closure(DefId(22:2395 ~ clap_builder[559f]::parser::features::suggestions::did_you_mean::{closure#2}), [std::string::String, std::iter::FilterMap, Closure(DefId(22:2404 ~ clap_builder[559f]::parser::features::suggestions::did_you_mean_flag::{closure#0}::{closure#0}), [ReErased, ReErased, std::iter::Map &ReErased str, []), ()]), &ReErased str, std::slice::IterMut, i16, Binder(extern "RustCall" fn((&ReErased clap_builder::mkeymap::KeyType,)) - std::option::Option, []), ()]), i16, Binder(extern "RustCall" fn((&ReBound(DebruijnIndex(0), BoundRegion { var: 0, kind: BrAnon }) (f64, std::string::String), &ReBound(DebruijnIndex(0), BoundRegion { var: 1, kind: BrAnon }) (f64, std::string::String))) - std::cmp::Ordering, [Region(BrAnon), Region(BrAnon)]), ()]),)]), i8, Binder(extern "RustCall" fn((*mut core::slice::sort::TimSortRun, usize)), []), ()])
3	1	1	1	core::slice::sort::merge_sort::{impl#3}::index std::cmp::Ordering, [Region(BrAnon), Region(BrAnon)]), ()]), i16, Binder(extern "RustCall" fn((&ReBound(DebruijnIndex(0), BoundRegion { var: 0, kind: BrAnon }) (usize, &ReErased str, &ReErased clap_builder::builder::command::Command), &ReBound(DebruijnIndex(0), BoundRegion { var: 1, kind: BrAnon }) (usize, &ReErased str, &ReErased clap_builder::builder::command::Command))) - bool, [Region(BrAnon), Region(BrAnon)]), (&ReErased mut Closure(DefId(22:2589 ~ clap_builder[559f]::output::help_template::{impl#4}::write_flat_subcommands::{closure#1}), [ReErased, ReErased, i16, Binder(extern "RustCall" fn((&ReBound(DebruijnIndex(0), BoundRegion { var: 0, kind: BrAnon }) (usize, &ReErased str, &ReErased clap_builder::builder::command::Command), &ReBound(DebruijnIndex(0), BoundRegion { var: 1, kind: BrAnon }) (usize, &ReErased str, &ReErased clap_builder::builder::command::Command))) - std::cmp::Ordering, [Region(BrAnon), Region(BrAnon)]), ()]),)]), i8, Binder(extern "RustCall" fn((usize,)) - *mut core::slice::sort::TimSortRun, []), ()]), Closure(DefId(5:5465 ~ alloc[484d]::slice::stable_sort::{closure#3}), [(usize, &ReErased str, &ReErased clap_builder::builder::command::Command), Closure(DefId(5:5384 ~ alloc[484d]::slice::{impl#0}::sort_by::{closure#0}), [(usize, &ReErased str, &ReErased clap_builder::builder::command::Command), Closure(DefId(22:2589 ~ clap_builder[559f]::output::help_template::{impl#4}::write_flat_subcommands::{closure#1}), [ReErased, ReErased, i16, Binder(extern "RustCall" fn((&ReBound(DebruijnIndex(0), BoundRegion { var: 0, kind: BrAnon }) (usize, &ReErased str, &ReErased clap_builder::builder::command::Command), &ReBound(DebruijnIndex(0), BoundRegion { var: 1, kind: BrAnon }) (usize, &ReErased str, &ReErased clap_builder::builder::command::Command))) - std::cmp::Ordering, [Region(BrAnon), Region(BrAnon)]), ()]), i16, Binder(extern "RustCall" fn((&ReBound(DebruijnIndex(0), BoundRegion { var: 0, kind: BrAnon }) (usize, &ReErased str, &ReErased clap_builder::builder::command::Command), &ReBound(DebruijnIndex(0), BoundRegion { var: 1, kind: BrAnon }) (usize, &ReErased str, &ReErased clap_builder::builder::command::Command))) - bool, [Region(BrAnon), Region(BrAnon)]), (&ReErased mut Closure(DefId(22:2589 ~ clap_builder[559f]::output::help_template::{impl#4}::write_flat_subcommands::{closure#1}), [ReErased, ReErased, i16, Binder(extern "RustCall" fn((&ReBound(DebruijnIndex(0), BoundRegion { var: 0, kind: BrAnon }) (usize, &ReErased str, &ReErased clap_builder::builder::command::Command), &ReBound(DebruijnIndex(0), BoundRegion { var: 1, kind: BrAnon }) (usize, &ReErased str, &ReErased clap_builder::builder::command::Command))) - std::cmp::Ordering, [Region(BrAnon), Region(BrAnon)]), ()]),)]), i8, Binder(extern "RustCall" fn((*mut core::slice::sort::TimSortRun, usize)), []), ()])
3	1	1	1	core::slice::sort::merge_sort::{impl#3}::index std::cmp::Ordering, [Region(BrAnon), Region(BrAnon)]), (&ReErased mut &ReErased mut std::boxed::Box,)]), i16, Binder(extern "RustCall" fn((&ReBound(DebruijnIndex(0), BoundRegion { var: 0, kind: BrAnon }) std::result::Result, &ReBound(DebruijnIndex(0), BoundRegion { var: 1, kind: BrAnon }) std::result::Result)) - bool, [Region(BrAnon), Region(BrAnon)]), (&ReErased mut Closure(DefId(64:149 ~ walkdir[36a5]::{impl#5}::push::{closure#1}), [i16, Binder(extern "RustCall" fn((&ReBound(DebruijnIndex(0), BoundRegion { var: 0, kind: BrAnon }) std::result::Result, &ReBound(DebruijnIndex(0), BoundRegion { var: 1, kind: BrAnon }) std::result::Result)) - std::cmp::Ordering, [Region(BrAnon), Region(BrAnon)]), (&ReErased mut &ReErased mut std::boxed::Box,)]),)]), i8, Binder(extern "RustCall" fn((usize,)) - *mut core::slice::sort::TimSortRun, []), ()]), Closure(DefId(5:5465 ~ alloc[484d]::slice::stable_sort::{closure#3}), [std::result::Result, Closure(DefId(5:5384 ~ alloc[484d]::slice::{impl#0}::sort_by::{closure#0}), [std::result::Result, Closure(DefId(64:149 ~ walkdir[36a5]::{impl#5}::push::{closure#1}), [i16, Binder(extern "RustCall" fn((&ReBound(DebruijnIndex(0), BoundRegion { var: 0, kind: BrAnon }) std::result::Result, &ReBound(DebruijnIndex(0), BoundRegion { var: 1, kind: BrAnon }) std::result::Result)) - std::cmp::Ordering, [Region(BrAnon), Region(BrAnon)]), (&ReErased mut &ReErased mut std::boxed::Box,)]), i16, Binder(extern "RustCall" fn((&ReBound(DebruijnIndex(0), BoundRegion { var: 0, kind: BrAnon }) std::result::Result, &ReBound(DebruijnIndex(0), BoundRegion { var: 1, kind: BrAnon }) std::result::Result)) - bool, [Region(BrAnon), Region(BrAnon)]), (&ReErased mut Closure(DefId(64:149 ~ walkdir[36a5]::{impl#5}::push::{closure#1}), [i16, Binder(extern "RustCall" fn((&ReBound(DebruijnIndex(0), BoundRegion { var: 0, kind: BrAnon }) std::result::Result, &ReBound(DebruijnIndex(0), BoundRegion { var: 1, kind: BrAnon }) std::result::Result)) - std::cmp::Ordering, [Region(BrAnon), Region(BrAnon)]), (&ReErased mut &ReErased mut std::boxed::Box,)]),)]), i8, Binder(extern "RustCall" fn((*mut core::slice::sort::TimSortRun, usize)), []), ()])
3	1	1	1	core::slice::sort::merge_sort::{impl#3}::index usize, [Region(BrAnon)]), ()]), i16, Binder(extern "RustCall" fn((&ReBound(DebruijnIndex(0), BoundRegion { var: 0, kind: BrAnon }) regex_automata::minimize::StateSet, &ReBound(DebruijnIndex(0), BoundRegion { var: 1, kind: BrAnon }) regex_automata::minimize::StateSet)) - bool, [Region(BrAnon), Region(BrAnon)]), (&ReErased mut Closure(DefId(76:441 ~ regex_automata[5efc]::minimize::{impl#1}::initial_partitions::{closure#0}), [ReErased, usize, i16, Binder(extern "RustCall" fn((&ReBound(DebruijnIndex(0), BoundRegion { var: 0, kind: BrAnon }) regex_automata::minimize::StateSet,)) - usize, [Region(BrAnon)]), ()]),)]), i8, Binder(extern "RustCall" fn((usize,)) - *mut core::slice::sort::TimSortRun, []), ()]), Closure(DefId(5:5465 ~ alloc[484d]::slice::stable_sort::{closure#3}), [regex_automata::minimize::StateSet, Closure(DefId(5:5388 ~ alloc[484d]::slice::{impl#0}::sort_by_key::{closure#0}), [regex_automata::minimize::StateSet, usize, Closure(DefId(76:441 ~ regex_automata[5efc]::minimize::{impl#1}::initial_partitions::{closure#0}), [ReErased, usize, i16, Binder(extern "RustCall" fn((&ReBound(DebruijnIndex(0), BoundRegion { var: 0, kind: BrAnon }) regex_automata::minimize::StateSet,)) - usize, [Region(BrAnon)]), ()]), i16, Binder(extern "RustCall" fn((&ReBound(DebruijnIndex(0), BoundRegion { var: 0, kind: BrAnon }) regex_automata::minimize::StateSet, &ReBound(DebruijnIndex(0), BoundRegion { var: 1, kind: BrAnon }) regex_automata::minimize::StateSet)) - bool, [Region(BrAnon), Region(BrAnon)]), (&ReErased mut Closure(DefId(76:441 ~ regex_automata[5efc]::minimize::{impl#1}::initial_partitions::{closure#0}), [ReErased, usize, i16, Binder(extern "RustCall" fn((&ReBound(DebruijnIndex(0), BoundRegion { var: 0, kind: BrAnon }) regex_automata::minimize::StateSet,)) - usize, [Region(BrAnon)]), ()]),)]), i8, Binder(extern "RustCall" fn((*mut core::slice::sort::TimSortRun, usize)), []), ()])
3	2	1	1	alloc::string::{impl#0}::from_utf8
3	1	1	1	core::slice::sort::merge_sort::{impl#3}::index std::cmp::Ordering, [Region(BrAnon), Region(BrAnon)]), ()]), i16, Binder(extern "RustCall" fn((&ReBound(DebruijnIndex(0), BoundRegion { var: 0, kind: BrAnon }) (usize, &ReErased str, &ReErased clap_builder::builder::command::Command), &ReBound(DebruijnIndex(0), BoundRegion { var: 1, kind: BrAnon }) (usize, &ReErased str, &ReErased clap_builder::builder::command::Command))) - bool, [Region(BrAnon), Region(BrAnon)]), (&ReErased mut Closure(DefId(356:2595 ~ clap_builder[4c3a]::output::help_template::{impl#4}::write_flat_subcommands::{closure#1}), [ReErased, ReErased, i16, Binder(extern "RustCall" fn((&ReBound(DebruijnIndex(0), BoundRegion { var: 0, kind: BrAnon }) (usize, &ReErased str, &ReErased clap_builder::builder::command::Command), &ReBound(DebruijnIndex(0), BoundRegion { var: 1, kind: BrAnon }) (usize, &ReErased str, &ReErased clap_builder::builder::command::Command))) - std::cmp::Ordering, [Region(BrAnon), Region(BrAnon)]), ()]),)]), i8, Binder(extern "RustCall" fn((usize,)) - *mut core::slice::sort::TimSortRun, []), ()]), Closure(DefId(5:5465 ~ alloc[484d]::slice::stable_sort::{closure#3}), [(usize, &ReErased str, &ReErased clap_builder::builder::command::Command), Closure(DefId(5:5384 ~ alloc[484d]::slice::{impl#0}::sort_by::{closure#0}), [(usize, &ReErased str, &ReErased clap_builder::builder::command::Command), Closure(DefId(356:2595 ~ clap_builder[4c3a]::output::help_template::{impl#4}::write_flat_subcommands::{closure#1}), [ReErased, ReErased, i16, Binder(extern "RustCall" fn((&ReBound(DebruijnIndex(0), BoundRegion { var: 0, kind: BrAnon }) (usize, &ReErased str, &ReErased clap_builder::builder::command::Command), &ReBound(DebruijnIndex(0), BoundRegion { var: 1, kind: BrAnon }) (usize, &ReErased str, &ReErased clap_builder::builder::command::Command))) - std::cmp::Ordering, [Region(BrAnon), Region(BrAnon)]), ()]), i16, Binder(extern "RustCall" fn((&ReBound(DebruijnIndex(0), BoundRegion { var: 0, kind: BrAnon }) (usize, &ReErased str, &ReErased clap_builder::builder::command::Command), &ReBound(DebruijnIndex(0), BoundRegion { var: 1, kind: BrAnon }) (usize, &ReErased str, &ReErased clap_builder::builder::command::Command))) - bool, [Region(BrAnon), Region(BrAnon)]), (&ReErased mut Closure(DefId(356:2595 ~ clap_builder[4c3a]::output::help_template::{impl#4}::write_flat_subcommands::{closure#1}), [ReErased, ReErased, i16, Binder(extern "RustCall" fn((&ReBound(DebruijnIndex(0), BoundRegion { var: 0, kind: BrAnon }) (usize, &ReErased str, &ReErased clap_builder::builder::command::Command), &ReBound(DebruijnIndex(0), BoundRegion { var: 1, kind: BrAnon }) (usize, &ReErased str, &ReErased clap_builder::builder::command::Command))) - std::cmp::Ordering, [Region(BrAnon), Region(BrAnon)]), ()]),)]), i8, Binder(extern "RustCall" fn((*mut core::slice::sort::TimSortRun, usize)), []), ()])
3	1	1	1	core::slice::sort::merge_sort::{impl#3}::index std::iter::Chain, []), ()]), i16, Binder(extern "RustCall" fn((&ReBound(DebruijnIndex(0), BoundRegion { var: 0, kind: BrAnon }) (f64, std::string::String), &ReBound(DebruijnIndex(0), BoundRegion { var: 1, kind: BrAnon }) (f64, std::string::String))) - std::cmp::Ordering, [Region(BrAnon), Region(BrAnon)]), ()]), i16, Binder(extern "RustCall" fn((&ReBound(DebruijnIndex(0), BoundRegion { var: 0, kind: BrAnon }) (f64, std::string::String), &ReBound(DebruijnIndex(0), BoundRegion { var: 1, kind: BrAnon }) (f64, std::string::String))) - bool, [Region(BrAnon), Region(BrAnon)]), (&ReErased mut Closure(DefId(356:2401 ~ clap_builder[4c3a]::parser::features::suggestions::did_you_mean::{closure#2}), [&ReErased str, std::iter::FlatMap, Closure(DefId(356:712 ~ clap_builder[4c3a]::builder::command::{impl#7}::all_subcommand_names::{closure#0}), [i16, Binder(extern "RustCall" fn((&ReErased clap_builder::builder::command::Command,)) - std::iter::Chain, []), ()]), i16, Binder(extern "RustCall" fn((&ReBound(DebruijnIndex(0), BoundRegion { var: 0, kind: BrAnon }) (f64, std::string::String), &ReBound(DebruijnIndex(0), BoundRegion { var: 1, kind: BrAnon }) (f64, std::string::String))) - std::cmp::Ordering, [Region(BrAnon), Region(BrAnon)]), ()]),)]), i8, Binder(extern "RustCall" fn((usize,)) - *mut core::slice::sort::TimSortRun, []), ()]), Closure(DefId(5:5465 ~ alloc[484d]::slice::stable_sort::{closure#3}), [(f64, std::string::String), Closure(DefId(5:5384 ~ alloc[484d]::slice::{impl#0}::sort_by::{closure#0}), [(f64, std::string::String), Closure(DefId(356:2401 ~ clap_builder[4c3a]::parser::features::suggestions::did_you_mean::{closure#2}), [&ReErased str, std::iter::FlatMap, Closure(DefId(356:712 ~ clap_builder[4c3a]::builder::command::{impl#7}::all_subcommand_names::{closure#0}), [i16, Binder(extern "RustCall" fn((&ReErased clap_builder::builder::command::Command,)) - std::iter::Chain, []), ()]), i16, Binder(extern "RustCall" fn((&ReBound(DebruijnIndex(0), BoundRegion { var: 0, kind: BrAnon }) (f64, std::string::String), &ReBound(DebruijnIndex(0), BoundRegion { var: 1, kind: BrAnon }) (f64, std::string::String))) - std::cmp::Ordering, [Region(BrAnon), Region(BrAnon)]), ()]), i16, Binder(extern "RustCall" fn((&ReBound(DebruijnIndex(0), BoundRegion { var: 0, kind: BrAnon }) (f64, std::string::String), &ReBound(DebruijnIndex(0), BoundRegion { var: 1, kind: BrAnon }) (f64, std::string::String))) - bool, [Region(BrAnon), Region(BrAnon)]), (&ReErased mut Closure(DefId(356:2401 ~ clap_builder[4c3a]::parser::features::suggestions::did_you_mean::{closure#2}), [&ReErased str, std::iter::FlatMap, Closure(DefId(356:712 ~ clap_builder[4c3a]::builder::command::{impl#7}::all_subcommand_names::{closure#0}), [i16, Binder(extern "RustCall" fn((&ReErased clap_builder::builder::command::Command,)) - std::iter::Chain, []), ()]), i16, Binder(extern "RustCall" fn((&ReBound(DebruijnIndex(0), BoundRegion { var: 0, kind: BrAnon }) (f64, std::string::String), &ReBound(DebruijnIndex(0), BoundRegion { var: 1, kind: BrAnon }) (f64, std::string::String))) - std::cmp::Ordering, [Region(BrAnon), Region(BrAnon)]), ()]),)]), i8, Binder(extern "RustCall" fn((*mut core::slice::sort::TimSortRun, usize)), []), ()])
3	1	1	1	core::slice::sort::merge_sort::{impl#3}::index u8, [Region(BrAnon)]), ()]), i16, Binder(extern "RustCall" fn((&ReBound(DebruijnIndex(0), BoundRegion { var: 0, kind: BrAnon }) (u8, char), &ReBound(DebruijnIndex(0), BoundRegion { var: 1, kind: BrAnon }) (u8, char))) - bool, [Region(BrAnon), Region(BrAnon)]), (&ReErased mut Closure(DefId(132:43 ~ unicode_normalization[69d0]::decompose::{impl#0}::sort_pending::{closure#0}), [std::option::IntoIter, i16, Binder(extern "RustCall" fn((&ReBound(DebruijnIndex(0), BoundRegion { var: 0, kind: BrAnon }) (u8, char),)) - u8, [Region(BrAnon)]), ()]),)]), i8, Binder(extern "RustCall" fn((usize,)) - *mut core::slice::sort::TimSortRun, []), ()]), Closure(DefId(5:5465 ~ alloc[484d]::slice::stable_sort::{closure#3}), [(u8, char), Closure(DefId(5:5388 ~ alloc[484d]::slice::{impl#0}::sort_by_key::{closure#0}), [(u8, char), u8, Closure(DefId(132:43 ~ unicode_normalization[69d0]::decompose::{impl#0}::sort_pending::{closure#0}), [std::option::IntoIter, i16, Binder(extern "RustCall" fn((&ReBound(DebruijnIndex(0), BoundRegion { var: 0, kind: BrAnon }) (u8, char),)) - u8, [Region(BrAnon)]), ()]), i16, Binder(extern "RustCall" fn((&ReBound(DebruijnIndex(0), BoundRegion { var: 0, kind: BrAnon }) (u8, char), &ReBound(DebruijnIndex(0), BoundRegion { var: 1, kind: BrAnon }) (u8, char))) - bool, [Region(BrAnon), Region(BrAnon)]), (&ReErased mut Closure(DefId(132:43 ~ unicode_normalization[69d0]::decompose::{impl#0}::sort_pending::{closure#0}), [std::option::IntoIter, i16, Binder(extern "RustCall" fn((&ReBound(DebruijnIndex(0), BoundRegion { var: 0, kind: BrAnon }) (u8, char),)) - u8, [Region(BrAnon)]), ()]),)]), i8, Binder(extern "RustCall" fn((*mut core::slice::sort::TimSortRun, usize)), []), ()])
3	1	1	1	liquid_core::model::value::cow::{impl#0}::as_view
3	1	1	1	core::slice::sort::merge_sort::{impl#3}::index std::cmp::Ordering, [Region(BrAnon), Region(BrAnon)]), ()]), i16, Binder(extern "RustCall" fn((&ReBound(DebruijnIndex(0), BoundRegion { var: 0, kind: BrAnon }) (usize, clap_builder::builder::styled_str::StyledStr, &ReErased clap_builder::builder::command::Command), &ReBound(DebruijnIndex(0), BoundRegion { var: 1, kind: BrAnon }) (usize, clap_builder::builder::styled_str::StyledStr, &ReErased clap_builder::builder::command::Command))) - bool, [Region(BrAnon), Region(BrAnon)]), (&ReErased mut Closure(DefId(356:2601 ~ clap_builder[4c3a]::output::help_template::{impl#4}::write_subcommands::{closure#1}), [ReErased, ReErased, i16, Binder(extern "RustCall" fn((&ReBound(DebruijnIndex(0), BoundRegion { var: 0, kind: BrAnon }) (usize, clap_builder::builder::styled_str::StyledStr, &ReErased clap_builder::builder::command::Command), &ReBound(DebruijnIndex(0), BoundRegion { var: 1, kind: BrAnon }) (usize, clap_builder::builder::styled_str::StyledStr, &ReErased clap_builder::builder::command::Command))) - std::cmp::Ordering, [Region(BrAnon), Region(BrAnon)]), ()]),)]), i8, Binder(extern "RustCall" fn((usize,)) - *mut core::slice::sort::TimSortRun, []), ()]), Closure(DefId(5:5465 ~ alloc[484d]::slice::stable_sort::{closure#3}), [(usize, clap_builder::builder::styled_str::StyledStr, &ReErased clap_builder::builder::command::Command), Closure(DefId(5:5384 ~ alloc[484d]::slice::{impl#0}::sort_by::{closure#0}), [(usize, clap_builder::builder::styled_str::StyledStr, &ReErased clap_builder::builder::command::Command), Closure(DefId(356:2601 ~ clap_builder[4c3a]::output::help_template::{impl#4}::write_subcommands::{closure#1}), [ReErased, ReErased, i16, Binder(extern "RustCall" fn((&ReBound(DebruijnIndex(0), BoundRegion { var: 0, kind: BrAnon }) (usize, clap_builder::builder::styled_str::StyledStr, &ReErased clap_builder::builder::command::Command), &ReBound(DebruijnIndex(0), BoundRegion { var: 1, kind: BrAnon }) (usize, clap_builder::builder::styled_str::StyledStr, &ReErased clap_builder::builder::command::Command))) - std::cmp::Ordering, [Region(BrAnon), Region(BrAnon)]), ()]), i16, Binder(extern "RustCall" fn((&ReBound(DebruijnIndex(0), BoundRegion { var: 0, kind: BrAnon }) (usize, clap_builder::builder::styled_str::StyledStr, &ReErased clap_builder::builder::command::Command), &ReBound(DebruijnIndex(0), BoundRegion { var: 1, kind: BrAnon }) (usize, clap_builder::builder::styled_str::StyledStr, &ReErased clap_builder::builder::command::Command))) - bool, [Region(BrAnon), Region(BrAnon)]), (&ReErased mut Closure(DefId(356:2601 ~ clap_builder[4c3a]::output::help_template::{impl#4}::write_subcommands::{closure#1}), [ReErased, ReErased, i16, Binder(extern "RustCall" fn((&ReBound(DebruijnIndex(0), BoundRegion { var: 0, kind: BrAnon }) (usize, clap_builder::builder::styled_str::StyledStr, &ReErased clap_builder::builder::command::Command), &ReBound(DebruijnIndex(0), BoundRegion { var: 1, kind: BrAnon }) (usize, clap_builder::builder::styled_str::StyledStr, &ReErased clap_builder::builder::command::Command))) - std::cmp::Ordering, [Region(BrAnon), Region(BrAnon)]), ()]),)]), i8, Binder(extern "RustCall" fn((*mut core::slice::sort::TimSortRun, usize)), []), ()])
3	1	1	1	core::slice::sort::merge_sort::{impl#3}::index std::cmp::Ordering, [Region(BrAnon), Region(BrAnon)]), ()]), i16, Binder(extern "RustCall" fn((&ReBound(DebruijnIndex(0), BoundRegion { var: 0, kind: BrAnon }) (u16, &ReErased str), &ReBound(DebruijnIndex(0), BoundRegion { var: 1, kind: BrAnon }) (u16, &ReErased str))) - bool, [Region(BrAnon), Region(BrAnon)]), (&ReErased mut Closure(DefId(149:7990 ~ milli[98e4]::update::index_documents::enrich::enrich_documents_batch::{closure#2}), [std::fs::File, i16, Binder(extern "RustCall" fn((&ReBound(DebruijnIndex(0), BoundRegion { var: 0, kind: BrAnon }) (u16, &ReErased str), &ReBound(DebruijnIndex(0), BoundRegion { var: 1, kind: BrAnon }) (u16, &ReErased str))) - std::cmp::Ordering, [Region(BrAnon), Region(BrAnon)]), ()]),)]), i8, Binder(extern "RustCall" fn((usize,)) - *mut core::slice::sort::TimSortRun, []), ()]), Closure(DefId(5:5465 ~ alloc[484d]::slice::stable_sort::{closure#3}), [(u16, &ReErased str), Closure(DefId(5:5384 ~ alloc[484d]::slice::{impl#0}::sort_by::{closure#0}), [(u16, &ReErased str), Closure(DefId(149:7990 ~ milli[98e4]::update::index_documents::enrich::enrich_documents_batch::{closure#2}), [std::fs::File, i16, Binder(extern "RustCall" fn((&ReBound(DebruijnIndex(0), BoundRegion { var: 0, kind: BrAnon }) (u16, &ReErased str), &ReBound(DebruijnIndex(0), BoundRegion { var: 1, kind: BrAnon }) (u16, &ReErased str))) - std::cmp::Ordering, [Region(BrAnon), Region(BrAnon)]), ()]), i16, Binder(extern "RustCall" fn((&ReBound(DebruijnIndex(0), BoundRegion { var: 0, kind: BrAnon }) (u16, &ReErased str), &ReBound(DebruijnIndex(0), BoundRegion { var: 1, kind: BrAnon }) (u16, &ReErased str))) - bool, [Region(BrAnon), Region(BrAnon)]), (&ReErased mut Closure(DefId(149:7990 ~ milli[98e4]::update::index_documents::enrich::enrich_documents_batch::{closure#2}), [std::fs::File, i16, Binder(extern "RustCall" fn((&ReBound(DebruijnIndex(0), BoundRegion { var: 0, kind: BrAnon }) (u16, &ReErased str), &ReBound(DebruijnIndex(0), BoundRegion { var: 1, kind: BrAnon }) (u16, &ReErased str))) - std::cmp::Ordering, [Region(BrAnon), Region(BrAnon)]), ()]),)]), i8, Binder(extern "RustCall" fn((*mut core::slice::sort::TimSortRun, usize)), []), ()])
3	1	1	1	core::slice::sort::merge_sort::{impl#3}::index, i16, Binder(extern "RustCall" fn((&ReBound(DebruijnIndex(0), BoundRegion { var: 0, kind: BrAnon }) (f64, std::string::String), &ReBound(DebruijnIndex(0), BoundRegion { var: 1, kind: BrAnon }) (f64, std::string::String))) - std::cmp::Ordering, [Region(BrAnon), Region(BrAnon)]), ()]), i16, Binder(extern "RustCall" fn((&ReBound(DebruijnIndex(0), BoundRegion { var: 0, kind: BrAnon }) (f64, std::string::String), &ReBound(DebruijnIndex(0), BoundRegion { var: 1, kind: BrAnon }) (f64, std::string::String))) - bool, [Region(BrAnon), Region(BrAnon)]), (&ReErased mut Closure(DefId(356:2401 ~ clap_builder[4c3a]::parser::features::suggestions::did_you_mean::{closure#2}), [&ReErased str, std::iter::Map &ReErased str, []), ()]), i16, Binder(extern "RustCall" fn((&ReBound(DebruijnIndex(0), BoundRegion { var: 0, kind: BrAnon }) (f64, std::string::String), &ReBound(DebruijnIndex(0), BoundRegion { var: 1, kind: BrAnon }) (f64, std::string::String))) - std::cmp::Ordering, [Region(BrAnon), Region(BrAnon)]), ()]),)]), i8, Binder(extern "RustCall" fn((usize,)) - *mut core::slice::sort::TimSortRun, []), ()]), Closure(DefId(5:5465 ~ alloc[484d]::slice::stable_sort::{closure#3}), [(f64, std::string::String), Closure(DefId(5:5384 ~ alloc[484d]::slice::{impl#0}::sort_by::{closure#0}), [(f64, std::string::String), Closure(DefId(356:2401 ~ clap_builder[4c3a]::parser::features::suggestions::did_you_mean::{closure#2}), [&ReErased str, std::iter::Map &ReErased str, []), ()]), i16, Binder(extern "RustCall" fn((&ReBound(DebruijnIndex(0), BoundRegion { var: 0, kind: BrAnon }) (f64, std::string::String), &ReBound(DebruijnIndex(0), BoundRegion { var: 1, kind: BrAnon }) (f64, std::string::String))) - std::cmp::Ordering, [Region(BrAnon), Region(BrAnon)]), ()]), i16, Binder(extern "RustCall" fn((&ReBound(DebruijnIndex(0), BoundRegion { var: 0, kind: BrAnon }) (f64, std::string::String), &ReBound(DebruijnIndex(0), BoundRegion { var: 1, kind: BrAnon }) (f64, std::string::String))) - bool, [Region(BrAnon), Region(BrAnon)]), (&ReErased mut Closure(DefId(356:2401 ~ clap_builder[4c3a]::parser::features::suggestions::did_you_mean::{closure#2}), [&ReErased str, std::iter::Map &ReErased str, []), ()]), i16, Binder(extern "RustCall" fn((&ReBound(DebruijnIndex(0), BoundRegion { var: 0, kind: BrAnon }) (f64, std::string::String), &ReBound(DebruijnIndex(0), BoundRegion { var: 1, kind: BrAnon }) (f64, std::string::String))) - std::cmp::Ordering, [Region(BrAnon), Region(BrAnon)]), ()]),)]), i8, Binder(extern "RustCall" fn((*mut core::slice::sort::TimSortRun, usize)), []), ()])
3	1	1	1	core::slice::sort::merge_sort::{impl#3}::index std::cmp::Ordering, [Region(BrAnon), Region(BrAnon)]), (&ReErased std::vec::Vec,)]), i16, Binder(extern "RustCall" fn((&ReBound(DebruijnIndex(0), BoundRegion { var: 0, kind: BrAnon }) aho_corasick::util::primitives::PatternID, &ReBound(DebruijnIndex(0), BoundRegion { var: 1, kind: BrAnon }) aho_corasick::util::primitives::PatternID)) - bool, [Region(BrAnon), Region(BrAnon)]), (&ReErased mut Closure(DefId(122:773 ~ aho_corasick[8eee]::packed::pattern::{impl#0}::set_match_kind::{closure#0}), [i16, Binder(extern "RustCall" fn((&ReBound(DebruijnIndex(0), BoundRegion { var: 0, kind: BrAnon }) aho_corasick::util::primitives::PatternID, &ReBound(DebruijnIndex(0), BoundRegion { var: 1, kind: BrAnon }) aho_corasick::util::primitives::PatternID)) - std::cmp::Ordering, [Region(BrAnon), Region(BrAnon)]), (&ReErased std::vec::Vec,)]),)]), i8, Binder(extern "RustCall" fn((usize,)) - *mut core::slice::sort::TimSortRun, []), ()]), Closure(DefId(5:5465 ~ alloc[484d]::slice::stable_sort::{closure#3}), [aho_corasick::util::primitives::PatternID, Closure(DefId(5:5384 ~ alloc[484d]::slice::{impl#0}::sort_by::{closure#0}), [aho_corasick::util::primitives::PatternID, Closure(DefId(122:773 ~ aho_corasick[8eee]::packed::pattern::{impl#0}::set_match_kind::{closure#0}), [i16, Binder(extern "RustCall" fn((&ReBound(DebruijnIndex(0), BoundRegion { var: 0, kind: BrAnon }) aho_corasick::util::primitives::PatternID, &ReBound(DebruijnIndex(0), BoundRegion { var: 1, kind: BrAnon }) aho_corasick::util::primitives::PatternID)) - std::cmp::Ordering, [Region(BrAnon), Region(BrAnon)]), (&ReErased std::vec::Vec,)]), i16, Binder(extern "RustCall" fn((&ReBound(DebruijnIndex(0), BoundRegion { var: 0, kind: BrAnon }) aho_corasick::util::primitives::PatternID, &ReBound(DebruijnIndex(0), BoundRegion { var: 1, kind: BrAnon }) aho_corasick::util::primitives::PatternID)) - bool, [Region(BrAnon), Region(BrAnon)]), (&ReErased mut Closure(DefId(122:773 ~ aho_corasick[8eee]::packed::pattern::{impl#0}::set_match_kind::{closure#0}), [i16, Binder(extern "RustCall" fn((&ReBound(DebruijnIndex(0), BoundRegion { var: 0, kind: BrAnon }) aho_corasick::util::primitives::PatternID, &ReBound(DebruijnIndex(0), BoundRegion { var: 1, kind: BrAnon }) aho_corasick::util::primitives::PatternID)) - std::cmp::Ordering, [Region(BrAnon), Region(BrAnon)]), (&ReErased std::vec::Vec,)]),)]), i8, Binder(extern "RustCall" fn((*mut core::slice::sort::TimSortRun, usize)), []), ()])
3	1	1	1	core::slice::sort::merge_sort::{impl#3}::index u16, [Region(BrAnon)]), ()]), i16, Binder(extern "RustCall" fn((&ReBound(DebruijnIndex(0), BoundRegion { var: 0, kind: BrAnon }) (&ReErased u16, &ReErased std::string::String), &ReBound(DebruijnIndex(0), BoundRegion { var: 1, kind: BrAnon }) (&ReErased u16, &ReErased std::string::String))) - bool, [Region(BrAnon), Region(BrAnon)]), (&ReErased mut Closure(DefId(149:4717 ~ milli[98e4]::update::index_documents::transform::create_fields_mapping::{closure#0}), [i16, Binder(extern "RustCall" fn((&ReBound(DebruijnIndex(0), BoundRegion { var: 0, kind: BrAnon }) (&ReErased u16, &ReErased std::string::String),)) - u16, [Region(BrAnon)]), ()]),)]), i8, Binder(extern "RustCall" fn((usize,)) - *mut core::slice::sort::TimSortRun, []), ()]), Closure(DefId(5:5465 ~ alloc[484d]::slice::stable_sort::{closure#3}), [(&ReErased u16, &ReErased std::string::String), Closure(DefId(5:5388 ~ alloc[484d]::slice::{impl#0}::sort_by_key::{closure#0}), [(&ReErased u16, &ReErased std::string::String), u16, Closure(DefId(149:4717 ~ milli[98e4]::update::index_documents::transform::create_fields_mapping::{closure#0}), [i16, Binder(extern "RustCall" fn((&ReBound(DebruijnIndex(0), BoundRegion { var: 0, kind: BrAnon }) (&ReErased u16, &ReErased std::string::String),)) - u16, [Region(BrAnon)]), ()]), i16, Binder(extern "RustCall" fn((&ReBound(DebruijnIndex(0), BoundRegion { var: 0, kind: BrAnon }) (&ReErased u16, &ReErased std::string::String), &ReBound(DebruijnIndex(0), BoundRegion { var: 1, kind: BrAnon }) (&ReErased u16, &ReErased std::string::String))) - bool, [Region(BrAnon), Region(BrAnon)]), (&ReErased mut Closure(DefId(149:4717 ~ milli[98e4]::update::index_documents::transform::create_fields_mapping::{closure#0}), [i16, Binder(extern "RustCall" fn((&ReBound(DebruijnIndex(0), BoundRegion { var: 0, kind: BrAnon }) (&ReErased u16, &ReErased std::string::String),)) - u16, [Region(BrAnon)]), ()]),)]), i8, Binder(extern "RustCall" fn((*mut core::slice::sort::TimSortRun, usize)), []), ()])
3	1	1	1	core::slice::sort::merge_sort::{impl#3}::index *mut core::slice::sort::TimSortRun, []), ()]), Closure(DefId(5:5465 ~ alloc[484d]::slice::stable_sort::{closure#3}), [std::vec::Vec, FnDef(DefId(2:2551 ~ core[3c87]::cmp::PartialOrd::lt), [std::vec::Vec, std::vec::Vec]), i8, Binder(extern "RustCall" fn((*mut core::slice::sort::TimSortRun, usize)), []), ()])
3	1	1	1	core::slice::sort::merge_sort::{impl#3}::index std::cmp::Ordering, [Region(BrAnon), Region(BrAnon)]), ()]), i16, Binder(extern "RustCall" fn((&ReBound(DebruijnIndex(0), BoundRegion { var: 0, kind: BrAnon }) (u16, &ReErased str), &ReBound(DebruijnIndex(0), BoundRegion { var: 1, kind: BrAnon }) (u16, &ReErased str))) - bool, [Region(BrAnon), Region(BrAnon)]), (&ReErased mut Closure(DefId(149:7990 ~ milli[98e4]::update::index_documents::enrich::enrich_documents_batch::{closure#2}), [std::io::BufReader, i16, Binder(extern "RustCall" fn((&ReBound(DebruijnIndex(0), BoundRegion { var: 0, kind: BrAnon }) (u16, &ReErased str), &ReBound(DebruijnIndex(0), BoundRegion { var: 1, kind: BrAnon }) (u16, &ReErased str))) - std::cmp::Ordering, [Region(BrAnon), Region(BrAnon)]), ()]),)]), i8, Binder(extern "RustCall" fn((usize,)) - *mut core::slice::sort::TimSortRun, []), ()]), Closure(DefId(5:5465 ~ alloc[484d]::slice::stable_sort::{closure#3}), [(u16, &ReErased str), Closure(DefId(5:5384 ~ alloc[484d]::slice::{impl#0}::sort_by::{closure#0}), [(u16, &ReErased str), Closure(DefId(149:7990 ~ milli[98e4]::update::index_documents::enrich::enrich_documents_batch::{closure#2}), [std::io::BufReader, i16, Binder(extern "RustCall" fn((&ReBound(DebruijnIndex(0), BoundRegion { var: 0, kind: BrAnon }) (u16, &ReErased str), &ReBound(DebruijnIndex(0), BoundRegion { var: 1, kind: BrAnon }) (u16, &ReErased str))) - std::cmp::Ordering, [Region(BrAnon), Region(BrAnon)]), ()]), i16, Binder(extern "RustCall" fn((&ReBound(DebruijnIndex(0), BoundRegion { var: 0, kind: BrAnon }) (u16, &ReErased str), &ReBound(DebruijnIndex(0), BoundRegion { var: 1, kind: BrAnon }) (u16, &ReErased str))) - bool, [Region(BrAnon), Region(BrAnon)]), (&ReErased mut Closure(DefId(149:7990 ~ milli[98e4]::update::index_documents::enrich::enrich_documents_batch::{closure#2}), [std::io::BufReader, i16, Binder(extern "RustCall" fn((&ReBound(DebruijnIndex(0), BoundRegion { var: 0, kind: BrAnon }) (u16, &ReErased str), &ReBound(DebruijnIndex(0), BoundRegion { var: 1, kind: BrAnon }) (u16, &ReErased str))) - std::cmp::Ordering, [Region(BrAnon), Region(BrAnon)]), ()]),)]), i8, Binder(extern "RustCall" fn((*mut core::slice::sort::TimSortRun, usize)), []), ()])
3	1	1	1	core::slice::sort::merge_sort::{impl#3}::index std::cmp::Ordering, [Region(BrAnon), Region(BrAnon)]), (&ReErased [f64; 3_usize],)]), i16, Binder(extern "RustCall" fn((&ReBound(DebruijnIndex(0), BoundRegion { var: 0, kind: BrAnon }) rstar::node::RTreeNode, &ReBound(DebruijnIndex(0), BoundRegion { var: 1, kind: BrAnon }) rstar::node::RTreeNode)) - bool, [Region(BrAnon), Region(BrAnon)]), (&ReErased mut Closure(DefId(210:434 ~ rstar[6832]::algorithm::rstar::get_nodes_for_reinsertion::{closure#0}), [rstar::primitives::geom_with_data::GeomWithData, rstar::params::DefaultParams, i16, Binder(extern "RustCall" fn((&ReBound(DebruijnIndex(0), BoundRegion { var: 0, kind: BrAnon }) rstar::node::RTreeNode, &ReBound(DebruijnIndex(0), BoundRegion { var: 1, kind: BrAnon }) rstar::node::RTreeNode)) - std::cmp::Ordering, [Region(BrAnon), Region(BrAnon)]), (&ReErased [f64; 3_usize],)]),)]), i8, Binder(extern "RustCall" fn((usize,)) - *mut core::slice::sort::TimSortRun, []), ()]), Closure(DefId(5:5465 ~ alloc[484d]::slice::stable_sort::{closure#3}), [rstar::node::RTreeNode, Closure(DefId(5:5384 ~ alloc[484d]::slice::{impl#0}::sort_by::{closure#0}), [rstar::node::RTreeNode, Closure(DefId(210:434 ~ rstar[6832]::algorithm::rstar::get_nodes_for_reinsertion::{closure#0}), [rstar::primitives::geom_with_data::GeomWithData, rstar::params::DefaultParams, i16, Binder(extern "RustCall" fn((&ReBound(DebruijnIndex(0), BoundRegion { var: 0, kind: BrAnon }) rstar::node::RTreeNode, &ReBound(DebruijnIndex(0), BoundRegion { var: 1, kind: BrAnon }) rstar::node::RTreeNode)) - std::cmp::Ordering, [Region(BrAnon), Region(BrAnon)]), (&ReErased [f64; 3_usize],)]), i16, Binder(extern "RustCall" fn((&ReBound(DebruijnIndex(0), BoundRegion { var: 0, kind: BrAnon }) rstar::node::RTreeNode, &ReBound(DebruijnIndex(0), BoundRegion { var: 1, kind: BrAnon }) rstar::node::RTreeNode)) - bool, [Region(BrAnon), Region(BrAnon)]), (&ReErased mut Closure(DefId(210:434 ~ rstar[6832]::algorithm::rstar::get_nodes_for_reinsertion::{closure#0}), [rstar::primitives::geom_with_data::GeomWithData, rstar::params::DefaultParams, i16, Binder(extern "RustCall" fn((&ReBound(DebruijnIndex(0), BoundRegion { var: 0, kind: BrAnon }) rstar::node::RTreeNode, &ReBound(DebruijnIndex(0), BoundRegion { var: 1, kind: BrAnon }) rstar::node::RTreeNode)) - std::cmp::Ordering, [Region(BrAnon), Region(BrAnon)]), (&ReErased [f64; 3_usize],)]),)]), i8, Binder(extern "RustCall" fn((*mut core::slice::sort::TimSortRun, usize)), []), ()])
3	3	1	1	kstring::string_cow::{impl#1}::as_str
3	1	1	1	core::slice::sort::merge_sort::{impl#3}::index std::cmp::Ordering, [Region(BrAnon), Region(BrAnon)]), ()]), i16, Binder(extern "RustCall" fn((&ReBound(DebruijnIndex(0), BoundRegion { var: 0, kind: BrAnon }) (f64, std::string::String), &ReBound(DebruijnIndex(0), BoundRegion { var: 1, kind: BrAnon }) (f64, std::string::String))) - bool, [Region(BrAnon), Region(BrAnon)]), (&ReErased mut Closure(DefId(356:2401 ~ clap_builder[4c3a]::parser::features::suggestions::did_you_mean::{closure#2}), [&ReErased std::string::String, std::slice::Iter, i16, Binder(extern "RustCall" fn((&ReBound(DebruijnIndex(0), BoundRegion { var: 0, kind: BrAnon }) (f64, std::string::String), &ReBound(DebruijnIndex(0), BoundRegion { var: 1, kind: BrAnon }) (f64, std::string::String))) - std::cmp::Ordering, [Region(BrAnon), Region(BrAnon)]), ()]),)]), i8, Binder(extern "RustCall" fn((usize,)) - *mut core::slice::sort::TimSortRun, []), ()]), Closure(DefId(5:5465 ~ alloc[484d]::slice::stable_sort::{closure#3}), [(f64, std::string::String), Closure(DefId(5:5384 ~ alloc[484d]::slice::{impl#0}::sort_by::{closure#0}), [(f64, std::string::String), Closure(DefId(356:2401 ~ clap_builder[4c3a]::parser::features::suggestions::did_you_mean::{closure#2}), [&ReErased std::string::String, std::slice::Iter, i16, Binder(extern "RustCall" fn((&ReBound(DebruijnIndex(0), BoundRegion { var: 0, kind: BrAnon }) (f64, std::string::String), &ReBound(DebruijnIndex(0), BoundRegion { var: 1, kind: BrAnon }) (f64, std::string::String))) - std::cmp::Ordering, [Region(BrAnon), Region(BrAnon)]), ()]), i16, Binder(extern "RustCall" fn((&ReBound(DebruijnIndex(0), BoundRegion { var: 0, kind: BrAnon }) (f64, std::string::String), &ReBound(DebruijnIndex(0), BoundRegion { var: 1, kind: BrAnon }) (f64, std::string::String))) - bool, [Region(BrAnon), Region(BrAnon)]), (&ReErased mut Closure(DefId(356:2401 ~ clap_builder[4c3a]::parser::features::suggestions::did_you_mean::{closure#2}), [&ReErased std::string::String, std::slice::Iter, i16, Binder(extern "RustCall" fn((&ReBound(DebruijnIndex(0), BoundRegion { var: 0, kind: BrAnon }) (f64, std::string::String), &ReBound(DebruijnIndex(0), BoundRegion { var: 1, kind: BrAnon }) (f64, std::string::String))) - std::cmp::Ordering, [Region(BrAnon), Region(BrAnon)]), ()]),)]), i8, Binder(extern "RustCall" fn((*mut core::slice::sort::TimSortRun, usize)), []), ()])
3	1	1	1	core::slice::sort::merge_sort::{impl#3}::index std::cmp::Ordering, [Region(BrAnon), Region(BrAnon)]), (&ReErased usize,)]), i16, Binder(extern "RustCall" fn((&ReBound(DebruijnIndex(0), BoundRegion { var: 0, kind: BrAnon }) rstar::node::RTreeNode, &ReBound(DebruijnIndex(0), BoundRegion { var: 1, kind: BrAnon }) rstar::node::RTreeNode)) - bool, [Region(BrAnon), Region(BrAnon)]), (&ReErased mut Closure(DefId(210:60 ~ rstar[6832]::aabb::{impl#1}::sort_envelopes::{closure#0}), [[f64; 3_usize], rstar::node::RTreeNode, i16, Binder(extern "RustCall" fn((&ReBound(DebruijnIndex(0), BoundRegion { var: 0, kind: BrAnon }) rstar::node::RTreeNode, &ReBound(DebruijnIndex(0), BoundRegion { var: 1, kind: BrAnon }) rstar::node::RTreeNode)) - std::cmp::Ordering, [Region(BrAnon), Region(BrAnon)]), (&ReErased usize,)]),)]), i8, Binder(extern "RustCall" fn((usize,)) - *mut core::slice::sort::TimSortRun, []), ()]), Closure(DefId(5:5465 ~ alloc[484d]::slice::stable_sort::{closure#3}), [rstar::node::RTreeNode, Closure(DefId(5:5384 ~ alloc[484d]::slice::{impl#0}::sort_by::{closure#0}), [rstar::node::RTreeNode, Closure(DefId(210:60 ~ rstar[6832]::aabb::{impl#1}::sort_envelopes::{closure#0}), [[f64; 3_usize], rstar::node::RTreeNode, i16, Binder(extern "RustCall" fn((&ReBound(DebruijnIndex(0), BoundRegion { var: 0, kind: BrAnon }) rstar::node::RTreeNode, &ReBound(DebruijnIndex(0), BoundRegion { var: 1, kind: BrAnon }) rstar::node::RTreeNode)) - std::cmp::Ordering, [Region(BrAnon), Region(BrAnon)]), (&ReErased usize,)]), i16, Binder(extern "RustCall" fn((&ReBound(DebruijnIndex(0), BoundRegion { var: 0, kind: BrAnon }) rstar::node::RTreeNode, &ReBound(DebruijnIndex(0), BoundRegion { var: 1, kind: BrAnon }) rstar::node::RTreeNode)) - bool, [Region(BrAnon), Region(BrAnon)]), (&ReErased mut Closure(DefId(210:60 ~ rstar[6832]::aabb::{impl#1}::sort_envelopes::{closure#0}), [[f64; 3_usize], rstar::node::RTreeNode, i16, Binder(extern "RustCall" fn((&ReBound(DebruijnIndex(0), BoundRegion { var: 0, kind: BrAnon }) rstar::node::RTreeNode, &ReBound(DebruijnIndex(0), BoundRegion { var: 1, kind: BrAnon }) rstar::node::RTreeNode)) - std::cmp::Ordering, [Region(BrAnon), Region(BrAnon)]), (&ReErased usize,)]),)]), i8, Binder(extern "RustCall" fn((*mut core::slice::sort::TimSortRun, usize)), []), ()])
3	1	1	1	core::slice::sort::merge_sort::{impl#3}::index u64, [Region(BrAnon)]), ()]), i16, Binder(extern "RustCall" fn((&ReBound(DebruijnIndex(0), BoundRegion { var: 0, kind: BrAnon }) &ReErased std::sync::Arc, &ReBound(DebruijnIndex(0), BoundRegion { var: 1, kind: BrAnon }) &ReErased std::sync::Arc)) - bool, [Region(BrAnon), Region(BrAnon)]), (&ReErased mut Closure(DefId(308:180 ~ puffin[2fab]::profile_view::{impl#1}::save_to_writer::{closure#1}), [std::fs::File, i16, Binder(extern "RustCall" fn((&ReBound(DebruijnIndex(0), BoundRegion { var: 0, kind: BrAnon }) &ReErased std::sync::Arc,)) - u64, [Region(BrAnon)]), ()]),)]), i8, Binder(extern "RustCall" fn((usize,)) - *mut core::slice::sort::TimSortRun, []), ()]), Closure(DefId(5:5465 ~ alloc[484d]::slice::stable_sort::{closure#3}), [&ReErased std::sync::Arc, Closure(DefId(5:5388 ~ alloc[484d]::slice::{impl#0}::sort_by_key::{closure#0}), [&ReErased std::sync::Arc, u64, Closure(DefId(308:180 ~ puffin[2fab]::profile_view::{impl#1}::save_to_writer::{closure#1}), [std::fs::File, i16, Binder(extern "RustCall" fn((&ReBound(DebruijnIndex(0), BoundRegion { var: 0, kind: BrAnon }) &ReErased std::sync::Arc,)) - u64, [Region(BrAnon)]), ()]), i16, Binder(extern "RustCall" fn((&ReBound(DebruijnIndex(0), BoundRegion { var: 0, kind: BrAnon }) &ReErased std::sync::Arc, &ReBound(DebruijnIndex(0), BoundRegion { var: 1, kind: BrAnon }) &ReErased std::sync::Arc)) - bool, [Region(BrAnon), Region(BrAnon)]), (&ReErased mut Closure(DefId(308:180 ~ puffin[2fab]::profile_view::{impl#1}::save_to_writer::{closure#1}), [std::fs::File, i16, Binder(extern "RustCall" fn((&ReBound(DebruijnIndex(0), BoundRegion { var: 0, kind: BrAnon }) &ReErased std::sync::Arc,)) - u64, [Region(BrAnon)]), ()]),)]), i8, Binder(extern "RustCall" fn((*mut core::slice::sort::TimSortRun, usize)), []), ()])
3	1	1	1	core::slice::sort::merge_sort::{impl#3}::index std::cmp::Ordering, [Region(BrAnon), Region(BrAnon)]), ()]), i16, Binder(extern "RustCall" fn((&ReBound(DebruijnIndex(0), BoundRegion { var: 0, kind: BrAnon }) (std::string::String, std::vec::Vec), &ReBound(DebruijnIndex(0), BoundRegion { var: 1, kind: BrAnon }) (std::string::String, std::vec::Vec))) - bool, [Region(BrAnon), Region(BrAnon)]), (&ReErased mut Closure(DefId(5:1966 ~ alloc[484d]::collections::btree::map::{impl#78}::from_iter::{closure#0}), [std::string::String, std::vec::Vec, std::collections::btree_map::IntoIter, i16, Binder(extern "RustCall" fn((&ReBound(DebruijnIndex(0), BoundRegion { var: 0, kind: BrAnon }) (std::string::String, std::vec::Vec), &ReBound(DebruijnIndex(0), BoundRegion { var: 1, kind: BrAnon }) (std::string::String, std::vec::Vec))) - std::cmp::Ordering, [Region(BrAnon), Region(BrAnon)]), ()]),)]), i8, Binder(extern "RustCall" fn((usize,)) - *mut core::slice::sort::TimSortRun, []), ()]), Closure(DefId(5:5465 ~ alloc[484d]::slice::stable_sort::{closure#3}), [(std::string::String, std::vec::Vec), Closure(DefId(5:5384 ~ alloc[484d]::slice::{impl#0}::sort_by::{closure#0}), [(std::string::String, std::vec::Vec), Closure(DefId(5:1966 ~ alloc[484d]::collections::btree::map::{impl#78}::from_iter::{closure#0}), [std::string::String, std::vec::Vec, std::collections::btree_map::IntoIter, i16, Binder(extern "RustCall" fn((&ReBound(DebruijnIndex(0), BoundRegion { var: 0, kind: BrAnon }) (std::string::String, std::vec::Vec), &ReBound(DebruijnIndex(0), BoundRegion { var: 1, kind: BrAnon }) (std::string::String, std::vec::Vec))) - std::cmp::Ordering, [Region(BrAnon), Region(BrAnon)]), ()]), i16, Binder(extern "RustCall" fn((&ReBound(DebruijnIndex(0), BoundRegion { var: 0, kind: BrAnon }) (std::string::String, std::vec::Vec), &ReBound(DebruijnIndex(0), BoundRegion { var: 1, kind: BrAnon }) (std::string::String, std::vec::Vec))) - bool, [Region(BrAnon), Region(BrAnon)]), (&ReErased mut Closure(DefId(5:1966 ~ alloc[484d]::collections::btree::map::{impl#78}::from_iter::{closure#0}), [std::string::String, std::vec::Vec, std::collections::btree_map::IntoIter, i16, Binder(extern "RustCall" fn((&ReBound(DebruijnIndex(0), BoundRegion { var: 0, kind: BrAnon }) (std::string::String, std::vec::Vec), &ReBound(DebruijnIndex(0), BoundRegion { var: 1, kind: BrAnon }) (std::string::String, std::vec::Vec))) - std::cmp::Ordering, [Region(BrAnon), Region(BrAnon)]), ()]),)]), i8, Binder(extern "RustCall" fn((*mut core::slice::sort::TimSortRun, usize)), []), ()])
3	1	1	1	core::slice::sort::merge_sort::{impl#3}::index, i16, Binder(extern "RustCall" fn((&ReBound(DebruijnIndex(0), BoundRegion { var: 0, kind: BrAnon }) (std::string::String, meilisearch_types::facet_values_sort::FacetValuesSort), &ReBound(DebruijnIndex(0), BoundRegion { var: 1, kind: BrAnon }) (std::string::String, meilisearch_types::facet_values_sort::FacetValuesSort))) - std::cmp::Ordering, [Region(BrAnon), Region(BrAnon)]), ()]), i16, Binder(extern "RustCall" fn((&ReBound(DebruijnIndex(0), BoundRegion { var: 0, kind: BrAnon }) (std::string::String, meilisearch_types::facet_values_sort::FacetValuesSort), &ReBound(DebruijnIndex(0), BoundRegion { var: 1, kind: BrAnon }) (std::string::String, meilisearch_types::facet_values_sort::FacetValuesSort))) - bool, [Region(BrAnon), Region(BrAnon)]), (&ReErased mut Closure(DefId(5:1966 ~ alloc[484d]::collections::btree::map::{impl#78}::from_iter::{closure#0}), [std::string::String, meilisearch_types::facet_values_sort::FacetValuesSort, std::iter::Map (std::string::String, meilisearch_types::facet_values_sort::FacetValuesSort), []), ()]), i16, Binder(extern "RustCall" fn((&ReBound(DebruijnIndex(0), BoundRegion { var: 0, kind: BrAnon }) (std::string::String, meilisearch_types::facet_values_sort::FacetValuesSort), &ReBound(DebruijnIndex(0), BoundRegion { var: 1, kind: BrAnon }) (std::string::String, meilisearch_types::facet_values_sort::FacetValuesSort))) - std::cmp::Ordering, [Region(BrAnon), Region(BrAnon)]), ()]),)]), i8, Binder(extern "RustCall" fn((usize,)) - *mut core::slice::sort::TimSortRun, []), ()]), Closure(DefId(5:5465 ~ alloc[484d]::slice::stable_sort::{closure#3}), [(std::string::String, meilisearch_types::facet_values_sort::FacetValuesSort), Closure(DefId(5:5384 ~ alloc[484d]::slice::{impl#0}::sort_by::{closure#0}), [(std::string::String, meilisearch_types::facet_values_sort::FacetValuesSort), Closure(DefId(5:1966 ~ alloc[484d]::collections::btree::map::{impl#78}::from_iter::{closure#0}), [std::string::String, meilisearch_types::facet_values_sort::FacetValuesSort, std::iter::Map (std::string::String, meilisearch_types::facet_values_sort::FacetValuesSort), []), ()]), i16, Binder(extern "RustCall" fn((&ReBound(DebruijnIndex(0), BoundRegion { var: 0, kind: BrAnon }) (std::string::String, meilisearch_types::facet_values_sort::FacetValuesSort), &ReBound(DebruijnIndex(0), BoundRegion { var: 1, kind: BrAnon }) (std::string::String, meilisearch_types::facet_values_sort::FacetValuesSort))) - std::cmp::Ordering, [Region(BrAnon), Region(BrAnon)]), ()]), i16, Binder(extern "RustCall" fn((&ReBound(DebruijnIndex(0), BoundRegion { var: 0, kind: BrAnon }) (std::string::String, meilisearch_types::facet_values_sort::FacetValuesSort), &ReBound(DebruijnIndex(0), BoundRegion { var: 1, kind: BrAnon }) (std::string::String, meilisearch_types::facet_values_sort::FacetValuesSort))) - bool, [Region(BrAnon), Region(BrAnon)]), (&ReErased mut Closure(DefId(5:1966 ~ alloc[484d]::collections::btree::map::{impl#78}::from_iter::{closure#0}), [std::string::String, meilisearch_types::facet_values_sort::FacetValuesSort, std::iter::Map (std::string::String, meilisearch_types::facet_values_sort::FacetValuesSort), []), ()]), i16, Binder(extern "RustCall" fn((&ReBound(DebruijnIndex(0), BoundRegion { var: 0, kind: BrAnon }) (std::string::String, meilisearch_types::facet_values_sort::FacetValuesSort), &ReBound(DebruijnIndex(0), BoundRegion { var: 1, kind: BrAnon }) (std::string::String, meilisearch_types::facet_values_sort::FacetValuesSort))) - std::cmp::Ordering, [Region(BrAnon), Region(BrAnon)]), ()]),)]), i8, Binder(extern "RustCall" fn((*mut core::slice::sort::TimSortRun, usize)), []), ()])
3	1	1	1	rstar::rtree::{impl#4}::root_mut
3	1	1	1	core::slice::sort::merge_sort::{impl#3}::index, &ReErased str, std::slice::IterMut, i16, Binder(extern "RustCall" fn((&ReErased clap_builder::mkeymap::KeyType,)) - std::option::Option, []), ()]), i16, Binder(extern "RustCall" fn((&ReBound(DebruijnIndex(0), BoundRegion { var: 0, kind: BrAnon }) (f64, std::string::String), &ReBound(DebruijnIndex(0), BoundRegion { var: 1, kind: BrAnon }) (f64, std::string::String))) - std::cmp::Ordering, [Region(BrAnon), Region(BrAnon)]), ()]), i16, Binder(extern "RustCall" fn((&ReBound(DebruijnIndex(0), BoundRegion { var: 0, kind: BrAnon }) (f64, std::string::String), &ReBound(DebruijnIndex(0), BoundRegion { var: 1, kind: BrAnon }) (f64, std::string::String))) - bool, [Region(BrAnon), Region(BrAnon)]), (&ReErased mut Closure(DefId(356:2401 ~ clap_builder[4c3a]::parser::features::suggestions::did_you_mean::{closure#2}), [std::string::String, std::iter::FilterMap, Closure(DefId(356:2410 ~ clap_builder[4c3a]::parser::features::suggestions::did_you_mean_flag::{closure#0}::{closure#0}), [ReErased, ReErased, std::iter::Map &ReErased str, []), ()]), &ReErased str, std::slice::IterMut, i16, Binder(extern "RustCall" fn((&ReErased clap_builder::mkeymap::KeyType,)) - std::option::Option, []), ()]), i16, Binder(extern "RustCall" fn((&ReBound(DebruijnIndex(0), BoundRegion { var: 0, kind: BrAnon }) (f64, std::string::String), &ReBound(DebruijnIndex(0), BoundRegion { var: 1, kind: BrAnon }) (f64, std::string::String))) - std::cmp::Ordering, [Region(BrAnon), Region(BrAnon)]), ()]),)]), i8, Binder(extern "RustCall" fn((usize,)) - *mut core::slice::sort::TimSortRun, []), ()]), Closure(DefId(5:5465 ~ alloc[484d]::slice::stable_sort::{closure#3}), [(f64, std::string::String), Closure(DefId(5:5384 ~ alloc[484d]::slice::{impl#0}::sort_by::{closure#0}), [(f64, std::string::String), Closure(DefId(356:2401 ~ clap_builder[4c3a]::parser::features::suggestions::did_you_mean::{closure#2}), [std::string::String, std::iter::FilterMap, Closure(DefId(356:2410 ~ clap_builder[4c3a]::parser::features::suggestions::did_you_mean_flag::{closure#0}::{closure#0}), [ReErased, ReErased, std::iter::Map &ReErased str, []), ()]), &ReErased str, std::slice::IterMut, i16, Binder(extern "RustCall" fn((&ReErased clap_builder::mkeymap::KeyType,)) - std::option::Option, []), ()]), i16, Binder(extern "RustCall" fn((&ReBound(DebruijnIndex(0), BoundRegion { var: 0, kind: BrAnon }) (f64, std::string::String), &ReBound(DebruijnIndex(0), BoundRegion { var: 1, kind: BrAnon }) (f64, std::string::String))) - std::cmp::Ordering, [Region(BrAnon), Region(BrAnon)]), ()]), i16, Binder(extern "RustCall" fn((&ReBound(DebruijnIndex(0), BoundRegion { var: 0, kind: BrAnon }) (f64, std::string::String), &ReBound(DebruijnIndex(0), BoundRegion { var: 1, kind: BrAnon }) (f64, std::string::String))) - bool, [Region(BrAnon), Region(BrAnon)]), (&ReErased mut Closure(DefId(356:2401 ~ clap_builder[4c3a]::parser::features::suggestions::did_you_mean::{closure#2}), [std::string::String, std::iter::FilterMap, Closure(DefId(356:2410 ~ clap_builder[4c3a]::parser::features::suggestions::did_you_mean_flag::{closure#0}::{closure#0}), [ReErased, ReErased, std::iter::Map &ReErased str, []), ()]), &ReErased str, std::slice::IterMut, i16, Binder(extern "RustCall" fn((&ReErased clap_builder::mkeymap::KeyType,)) - std::option::Option, []), ()]), i16, Binder(extern "RustCall" fn((&ReBound(DebruijnIndex(0), BoundRegion { var: 0, kind: BrAnon }) (f64, std::string::String), &ReBound(DebruijnIndex(0), BoundRegion { var: 1, kind: BrAnon }) (f64, std::string::String))) - std::cmp::Ordering, [Region(BrAnon), Region(BrAnon)]), ()]),)]), i8, Binder(extern "RustCall" fn((*mut core::slice::sort::TimSortRun, usize)), []), ()])
3	1	1	1	core::slice::sort::merge_sort::{impl#3}::index, i16, Binder(extern "RustCall" fn((&ReBound(DebruijnIndex(0), BoundRegion { var: 0, kind: BrAnon }) (puffin::ThreadInfo, std::sync::Arc), &ReBound(DebruijnIndex(0), BoundRegion { var: 1, kind: BrAnon }) (puffin::ThreadInfo, std::sync::Arc))) - std::cmp::Ordering, [Region(BrAnon), Region(BrAnon)]), ()]), i16, Binder(extern "RustCall" fn((&ReBound(DebruijnIndex(0), BoundRegion { var: 0, kind: BrAnon }) (puffin::ThreadInfo, std::sync::Arc), &ReBound(DebruijnIndex(0), BoundRegion { var: 1, kind: BrAnon }) (puffin::ThreadInfo, std::sync::Arc))) - bool, [Region(BrAnon), Region(BrAnon)]), (&ReErased mut Closure(DefId(5:1966 ~ alloc[484d]::collections::btree::map::{impl#78}::from_iter::{closure#0}), [puffin::ThreadInfo, std::sync::Arc, std::iter::Map (puffin::ThreadInfo, std::sync::Arc), []), ()]), i16, Binder(extern "RustCall" fn((&ReBound(DebruijnIndex(0), BoundRegion { var: 0, kind: BrAnon }) (puffin::ThreadInfo, std::sync::Arc), &ReBound(DebruijnIndex(0), BoundRegion { var: 1, kind: BrAnon }) (puffin::ThreadInfo, std::sync::Arc))) - std::cmp::Ordering, [Region(BrAnon), Region(BrAnon)]), ()]),)]), i8, Binder(extern "RustCall" fn((usize,)) - *mut core::slice::sort::TimSortRun, []), ()]), Closure(DefId(5:5465 ~ alloc[484d]::slice::stable_sort::{closure#3}), [(puffin::ThreadInfo, std::sync::Arc), Closure(DefId(5:5384 ~ alloc[484d]::slice::{impl#0}::sort_by::{closure#0}), [(puffin::ThreadInfo, std::sync::Arc), Closure(DefId(5:1966 ~ alloc[484d]::collections::btree::map::{impl#78}::from_iter::{closure#0}), [puffin::ThreadInfo, std::sync::Arc, std::iter::Map (puffin::ThreadInfo, std::sync::Arc), []), ()]), i16, Binder(extern "RustCall" fn((&ReBound(DebruijnIndex(0), BoundRegion { var: 0, kind: BrAnon }) (puffin::ThreadInfo, std::sync::Arc), &ReBound(DebruijnIndex(0), BoundRegion { var: 1, kind: BrAnon }) (puffin::ThreadInfo, std::sync::Arc))) - std::cmp::Ordering, [Region(BrAnon), Region(BrAnon)]), ()]), i16, Binder(extern "RustCall" fn((&ReBound(DebruijnIndex(0), BoundRegion { var: 0, kind: BrAnon }) (puffin::ThreadInfo, std::sync::Arc), &ReBound(DebruijnIndex(0), BoundRegion { var: 1, kind: BrAnon }) (puffin::ThreadInfo, std::sync::Arc))) - bool, [Region(BrAnon), Region(BrAnon)]), (&ReErased mut Closure(DefId(5:1966 ~ alloc[484d]::collections::btree::map::{impl#78}::from_iter::{closure#0}), [puffin::ThreadInfo, std::sync::Arc, std::iter::Map (puffin::ThreadInfo, std::sync::Arc), []), ()]), i16, Binder(extern "RustCall" fn((&ReBound(DebruijnIndex(0), BoundRegion { var: 0, kind: BrAnon }) (puffin::ThreadInfo, std::sync::Arc), &ReBound(DebruijnIndex(0), BoundRegion { var: 1, kind: BrAnon }) (puffin::ThreadInfo, std::sync::Arc))) - std::cmp::Ordering, [Region(BrAnon), Region(BrAnon)]), ()]),)]), i8, Binder(extern "RustCall" fn((*mut core::slice::sort::TimSortRun, usize)), []), ()])
3	1	1	1	core::slice::sort::merge_sort::{impl#3}::index u8, [Region(BrAnon)]), ()]), i16, Binder(extern "RustCall" fn((&ReBound(DebruijnIndex(0), BoundRegion { var: 0, kind: BrAnon }) (u8, char), &ReBound(DebruijnIndex(0), BoundRegion { var: 1, kind: BrAnon }) (u8, char))) - bool, [Region(BrAnon), Region(BrAnon)]), (&ReErased mut Closure(DefId(132:43 ~ unicode_normalization[69d0]::decompose::{impl#0}::sort_pending::{closure#0}), [idna::uts46::Mapper, i16, Binder(extern "RustCall" fn((&ReBound(DebruijnIndex(0), BoundRegion { var: 0, kind: BrAnon }) (u8, char),)) - u8, [Region(BrAnon)]), ()]),)]), i8, Binder(extern "RustCall" fn((usize,)) - *mut core::slice::sort::TimSortRun, []), ()]), Closure(DefId(5:5465 ~ alloc[484d]::slice::stable_sort::{closure#3}), [(u8, char), Closure(DefId(5:5388 ~ alloc[484d]::slice::{impl#0}::sort_by_key::{closure#0}), [(u8, char), u8, Closure(DefId(132:43 ~ unicode_normalization[69d0]::decompose::{impl#0}::sort_pending::{closure#0}), [idna::uts46::Mapper, i16, Binder(extern "RustCall" fn((&ReBound(DebruijnIndex(0), BoundRegion { var: 0, kind: BrAnon }) (u8, char),)) - u8, [Region(BrAnon)]), ()]), i16, Binder(extern "RustCall" fn((&ReBound(DebruijnIndex(0), BoundRegion { var: 0, kind: BrAnon }) (u8, char), &ReBound(DebruijnIndex(0), BoundRegion { var: 1, kind: BrAnon }) (u8, char))) - bool, [Region(BrAnon), Region(BrAnon)]), (&ReErased mut Closure(DefId(132:43 ~ unicode_normalization[69d0]::decompose::{impl#0}::sort_pending::{closure#0}), [idna::uts46::Mapper, i16, Binder(extern "RustCall" fn((&ReBound(DebruijnIndex(0), BoundRegion { var: 0, kind: BrAnon }) (u8, char),)) - u8, [Region(BrAnon)]), ()]),)]), i8, Binder(extern "RustCall" fn((*mut core::slice::sort::TimSortRun, usize)), []), ()])
3	1	1	1	core::slice::sort::merge_sort::{impl#3}::index u8, [Region(BrAnon)]), ()]), i16, Binder(extern "RustCall" fn((&ReBound(DebruijnIndex(0), BoundRegion { var: 0, kind: BrAnon }) (u8, char), &ReBound(DebruijnIndex(0), BoundRegion { var: 1, kind: BrAnon }) (u8, char))) - bool, [Region(BrAnon), Region(BrAnon)]), (&ReErased mut Closure(DefId(132:43 ~ unicode_normalization[69d0]::decompose::{impl#0}::sort_pending::{closure#0}), [std::str::Chars, i16, Binder(extern "RustCall" fn((&ReBound(DebruijnIndex(0), BoundRegion { var: 0, kind: BrAnon }) (u8, char),)) - u8, [Region(BrAnon)]), ()]),)]), i8, Binder(extern "RustCall" fn((usize,)) - *mut core::slice::sort::TimSortRun, []), ()]), Closure(DefId(5:5465 ~ alloc[484d]::slice::stable_sort::{closure#3}), [(u8, char), Closure(DefId(5:5388 ~ alloc[484d]::slice::{impl#0}::sort_by_key::{closure#0}), [(u8, char), u8, Closure(DefId(132:43 ~ unicode_normalization[69d0]::decompose::{impl#0}::sort_pending::{closure#0}), [std::str::Chars, i16, Binder(extern "RustCall" fn((&ReBound(DebruijnIndex(0), BoundRegion { var: 0, kind: BrAnon }) (u8, char),)) - u8, [Region(BrAnon)]), ()]), i16, Binder(extern "RustCall" fn((&ReBound(DebruijnIndex(0), BoundRegion { var: 0, kind: BrAnon }) (u8, char), &ReBound(DebruijnIndex(0), BoundRegion { var: 1, kind: BrAnon }) (u8, char))) - bool, [Region(BrAnon), Region(BrAnon)]), (&ReErased mut Closure(DefId(132:43 ~ unicode_normalization[69d0]::decompose::{impl#0}::sort_pending::{closure#0}), [std::str::Chars, i16, Binder(extern "RustCall" fn((&ReBound(DebruijnIndex(0), BoundRegion { var: 0, kind: BrAnon }) (u8, char),)) - u8, [Region(BrAnon)]), ()]),)]), i8, Binder(extern "RustCall" fn((*mut core::slice::sort::TimSortRun, usize)), []), ()])
3	1	1	1	core::slice::sort::merge_sort::{impl#3}::index std::cmp::Ordering, [Region(BrAnon), Region(BrAnon)]), (&ReErased kstring::string_cow::KStringCowBase,)]), i16, Binder(extern "RustCall" fn((&ReBound(DebruijnIndex(0), BoundRegion { var: 0, kind: BrAnon }) liquid_core::model::value::values::Value, &ReBound(DebruijnIndex(0), BoundRegion { var: 1, kind: BrAnon }) liquid_core::model::value::values::Value)) - bool, [Region(BrAnon), Region(BrAnon)]), (&ReErased mut Closure(DefId(226:410 ~ liquid_lib[6c8e]::stdlib::filters::array::{impl#1}::evaluate::{closure#2}), [i16, Binder(extern "RustCall" fn((&ReBound(DebruijnIndex(0), BoundRegion { var: 0, kind: BrAnon }) liquid_core::model::value::values::Value, &ReBound(DebruijnIndex(0), BoundRegion { var: 1, kind: BrAnon }) liquid_core::model::value::values::Value)) - std::cmp::Ordering, [Region(BrAnon), Region(BrAnon)]), (&ReErased kstring::string_cow::KStringCowBase,)]),)]), i8, Binder(extern "RustCall" fn((usize,)) - *mut core::slice::sort::TimSortRun, []), ()]), Closure(DefId(5:5465 ~ alloc[484d]::slice::stable_sort::{closure#3}), [liquid_core::model::value::values::Value, Closure(DefId(5:5384 ~ alloc[484d]::slice::{impl#0}::sort_by::{closure#0}), [liquid_core::model::value::values::Value, Closure(DefId(226:410 ~ liquid_lib[6c8e]::stdlib::filters::array::{impl#1}::evaluate::{closure#2}), [i16, Binder(extern "RustCall" fn((&ReBound(DebruijnIndex(0), BoundRegion { var: 0, kind: BrAnon }) liquid_core::model::value::values::Value, &ReBound(DebruijnIndex(0), BoundRegion { var: 1, kind: BrAnon }) liquid_core::model::value::values::Value)) - std::cmp::Ordering, [Region(BrAnon), Region(BrAnon)]), (&ReErased kstring::string_cow::KStringCowBase,)]), i16, Binder(extern "RustCall" fn((&ReBound(DebruijnIndex(0), BoundRegion { var: 0, kind: BrAnon }) liquid_core::model::value::values::Value, &ReBound(DebruijnIndex(0), BoundRegion { var: 1, kind: BrAnon }) liquid_core::model::value::values::Value)) - bool, [Region(BrAnon), Region(BrAnon)]), (&ReErased mut Closure(DefId(226:410 ~ liquid_lib[6c8e]::stdlib::filters::array::{impl#1}::evaluate::{closure#2}), [i16, Binder(extern "RustCall" fn((&ReBound(DebruijnIndex(0), BoundRegion { var: 0, kind: BrAnon }) liquid_core::model::value::values::Value, &ReBound(DebruijnIndex(0), BoundRegion { var: 1, kind: BrAnon }) liquid_core::model::value::values::Value)) - std::cmp::Ordering, [Region(BrAnon), Region(BrAnon)]), (&ReErased kstring::string_cow::KStringCowBase,)]),)]), i8, Binder(extern "RustCall" fn((*mut core::slice::sort::TimSortRun, usize)), []), ()])
3	2	1	1	alloc::collections::btree::set::{impl#14}::iter
3	1	1	1	core::slice::sort::merge_sort::{impl#3}::index std::cmp::Ordering, [Region(BrAnon), Region(BrAnon)]), ()]), i16, Binder(extern "RustCall" fn((&ReBound(DebruijnIndex(0), BoundRegion { var: 0, kind: BrAnon }) (std::option::Option, liquid_core::model::value::values::Value), &ReBound(DebruijnIndex(0), BoundRegion { var: 1, kind: BrAnon }) (std::option::Option, liquid_core::model::value::values::Value))) - bool, [Region(BrAnon), Region(BrAnon)]), (&ReErased mut Closure(DefId(226:419 ~ liquid_lib[6c8e]::stdlib::filters::array::{impl#2}::evaluate::{closure#5}), [i16, Binder(extern "RustCall" fn((&ReBound(DebruijnIndex(0), BoundRegion { var: 0, kind: BrAnon }) (std::option::Option, liquid_core::model::value::values::Value), &ReBound(DebruijnIndex(0), BoundRegion { var: 1, kind: BrAnon }) (std::option::Option, liquid_core::model::value::values::Value))) - std::cmp::Ordering, [Region(BrAnon), Region(BrAnon)]), ()]),)]), i8, Binder(extern "RustCall" fn((usize,)) - *mut core::slice::sort::TimSortRun, []), ()]), Closure(DefId(5:5465 ~ alloc[484d]::slice::stable_sort::{closure#3}), [(std::option::Option, liquid_core::model::value::values::Value), Closure(DefId(5:5384 ~ alloc[484d]::slice::{impl#0}::sort_by::{closure#0}), [(std::option::Option, liquid_core::model::value::values::Value), Closure(DefId(226:419 ~ liquid_lib[6c8e]::stdlib::filters::array::{impl#2}::evaluate::{closure#5}), [i16, Binder(extern "RustCall" fn((&ReBound(DebruijnIndex(0), BoundRegion { var: 0, kind: BrAnon }) (std::option::Option, liquid_core::model::value::values::Value), &ReBound(DebruijnIndex(0), BoundRegion { var: 1, kind: BrAnon }) (std::option::Option, liquid_core::model::value::values::Value))) - std::cmp::Ordering, [Region(BrAnon), Region(BrAnon)]), ()]), i16, Binder(extern "RustCall" fn((&ReBound(DebruijnIndex(0), BoundRegion { var: 0, kind: BrAnon }) (std::option::Option, liquid_core::model::value::values::Value), &ReBound(DebruijnIndex(0), BoundRegion { var: 1, kind: BrAnon }) (std::option::Option, liquid_core::model::value::values::Value))) - bool, [Region(BrAnon), Region(BrAnon)]), (&ReErased mut Closure(DefId(226:419 ~ liquid_lib[6c8e]::stdlib::filters::array::{impl#2}::evaluate::{closure#5}), [i16, Binder(extern "RustCall" fn((&ReBound(DebruijnIndex(0), BoundRegion { var: 0, kind: BrAnon }) (std::option::Option, liquid_core::model::value::values::Value), &ReBound(DebruijnIndex(0), BoundRegion { var: 1, kind: BrAnon }) (std::option::Option, liquid_core::model::value::values::Value))) - std::cmp::Ordering, [Region(BrAnon), Region(BrAnon)]), ()]),)]), i8, Binder(extern "RustCall" fn((*mut core::slice::sort::TimSortRun, usize)), []), ()])
3	1	1	1	core::slice::sort::merge_sort::{impl#3}::index std::cmp::Ordering, [Region(BrAnon), Region(BrAnon)]), ()]), i16, Binder(extern "RustCall" fn((&ReBound(DebruijnIndex(0), BoundRegion { var: 0, kind: BrAnon }) ((usize, std::string::String), &ReErased clap_builder::builder::arg::Arg), &ReBound(DebruijnIndex(0), BoundRegion { var: 1, kind: BrAnon }) ((usize, std::string::String), &ReErased clap_builder::builder::arg::Arg))) - bool, [Region(BrAnon), Region(BrAnon)]), (&ReErased mut Closure(DefId(356:2558 ~ clap_builder[4c3a]::output::help_template::{impl#3}::write_args::{closure#1}), [ReErased, ReErased, i16, Binder(extern "RustCall" fn((&ReBound(DebruijnIndex(0), BoundRegion { var: 0, kind: BrAnon }) ((usize, std::string::String), &ReErased clap_builder::builder::arg::Arg), &ReBound(DebruijnIndex(0), BoundRegion { var: 1, kind: BrAnon }) ((usize, std::string::String), &ReErased clap_builder::builder::arg::Arg))) - std::cmp::Ordering, [Region(BrAnon), Region(BrAnon)]), ()]),)]), i8, Binder(extern "RustCall" fn((usize,)) - *mut core::slice::sort::TimSortRun, []), ()]), Closure(DefId(5:5465 ~ alloc[484d]::slice::stable_sort::{closure#3}), [((usize, std::string::String), &ReErased clap_builder::builder::arg::Arg), Closure(DefId(5:5384 ~ alloc[484d]::slice::{impl#0}::sort_by::{closure#0}), [((usize, std::string::String), &ReErased clap_builder::builder::arg::Arg), Closure(DefId(356:2558 ~ clap_builder[4c3a]::output::help_template::{impl#3}::write_args::{closure#1}), [ReErased, ReErased, i16, Binder(extern "RustCall" fn((&ReBound(DebruijnIndex(0), BoundRegion { var: 0, kind: BrAnon }) ((usize, std::string::String), &ReErased clap_builder::builder::arg::Arg), &ReBound(DebruijnIndex(0), BoundRegion { var: 1, kind: BrAnon }) ((usize, std::string::String), &ReErased clap_builder::builder::arg::Arg))) - std::cmp::Ordering, [Region(BrAnon), Region(BrAnon)]), ()]), i16, Binder(extern "RustCall" fn((&ReBound(DebruijnIndex(0), BoundRegion { var: 0, kind: BrAnon }) ((usize, std::string::String), &ReErased clap_builder::builder::arg::Arg), &ReBound(DebruijnIndex(0), BoundRegion { var: 1, kind: BrAnon }) ((usize, std::string::String), &ReErased clap_builder::builder::arg::Arg))) - bool, [Region(BrAnon), Region(BrAnon)]), (&ReErased mut Closure(DefId(356:2558 ~ clap_builder[4c3a]::output::help_template::{impl#3}::write_args::{closure#1}), [ReErased, ReErased, i16, Binder(extern "RustCall" fn((&ReBound(DebruijnIndex(0), BoundRegion { var: 0, kind: BrAnon }) ((usize, std::string::String), &ReErased clap_builder::builder::arg::Arg), &ReBound(DebruijnIndex(0), BoundRegion { var: 1, kind: BrAnon }) ((usize, std::string::String), &ReErased clap_builder::builder::arg::Arg))) - std::cmp::Ordering, [Region(BrAnon), Region(BrAnon)]), ()]),)]), i8, Binder(extern "RustCall" fn((*mut core::slice::sort::TimSortRun, usize)), []), ()])
3	1	1	1	core::slice::sort::merge_sort::{impl#3}::index u8, [Region(BrAnon)]), ()]), i16, Binder(extern "RustCall" fn((&ReBound(DebruijnIndex(0), BoundRegion { var: 0, kind: BrAnon }) (u8, char, isize), &ReBound(DebruijnIndex(0), BoundRegion { var: 1, kind: BrAnon }) (u8, char, isize))) - bool, [Region(BrAnon), Region(BrAnon)]), (&ReErased mut Closure(DefId(294:38 ~ unicode_normalization_alignments[68a5]::decompose::{impl#0}::sort_pending::{closure#0}), [std::str::Chars, i16, Binder(extern "RustCall" fn((&ReBound(DebruijnIndex(0), BoundRegion { var: 0, kind: BrAnon }) (u8, char, isize),)) - u8, [Region(BrAnon)]), ()]),)]), i8, Binder(extern "RustCall" fn((usize,)) - *mut core::slice::sort::TimSortRun, []), ()]), Closure(DefId(5:5465 ~ alloc[484d]::slice::stable_sort::{closure#3}), [(u8, char, isize), Closure(DefId(5:5388 ~ alloc[484d]::slice::{impl#0}::sort_by_key::{closure#0}), [(u8, char, isize), u8, Closure(DefId(294:38 ~ unicode_normalization_alignments[68a5]::decompose::{impl#0}::sort_pending::{closure#0}), [std::str::Chars, i16, Binder(extern "RustCall" fn((&ReBound(DebruijnIndex(0), BoundRegion { var: 0, kind: BrAnon }) (u8, char, isize),)) - u8, [Region(BrAnon)]), ()]), i16, Binder(extern "RustCall" fn((&ReBound(DebruijnIndex(0), BoundRegion { var: 0, kind: BrAnon }) (u8, char, isize), &ReBound(DebruijnIndex(0), BoundRegion { var: 1, kind: BrAnon }) (u8, char, isize))) - bool, [Region(BrAnon), Region(BrAnon)]), (&ReErased mut Closure(DefId(294:38 ~ unicode_normalization_alignments[68a5]::decompose::{impl#0}::sort_pending::{closure#0}), [std::str::Chars, i16, Binder(extern "RustCall" fn((&ReBound(DebruijnIndex(0), BoundRegion { var: 0, kind: BrAnon }) (u8, char, isize),)) - u8, [Region(BrAnon)]), ()]),)]), i8, Binder(extern "RustCall" fn((*mut core::slice::sort::TimSortRun, usize)), []), ()])
3	1	1	1	core::slice::sort::merge_sort::{impl#3}::index *mut core::slice::sort::TimSortRun, []), ()]), Closure(DefId(5:5465 ~ alloc[484d]::slice::stable_sort::{closure#3}), [liquid_core::parser::parser::inner::Rule, FnDef(DefId(2:2551 ~ core[3c87]::cmp::PartialOrd::lt), [liquid_core::parser::parser::inner::Rule, liquid_core::parser::parser::inner::Rule]), i8, Binder(extern "RustCall" fn((*mut core::slice::sort::TimSortRun, usize)), []), ()])
3	1	1	1	core::slice::sort::merge_sort::{impl#3}::index &ReErased [u8], [Region(BrAnon)]), (&ReErased &ReErased mut [u8],)]), i16, Binder(extern "RustCall" fn((&ReBound(DebruijnIndex(0), BoundRegion { var: 0, kind: BrAnon }) grenad::sorter::EntryBound, &ReBound(DebruijnIndex(0), BoundRegion { var: 1, kind: BrAnon }) grenad::sorter::EntryBound)) - bool, [Region(BrAnon), Region(BrAnon)]), (&ReErased mut Closure(DefId(150:506 ~ grenad[d2dd]::sorter::{impl#3}::sort_by_key::{closure#0}), [i8, Binder(extern "RustCall" fn((&ReBound(DebruijnIndex(0), BoundRegion { var: 0, kind: BrAnon }) grenad::sorter::EntryBound,)) - &ReErased [u8], [Region(BrAnon)]), (&ReErased &ReErased mut [u8],)]),)]), i8, Binder(extern "RustCall" fn((usize,)) - *mut core::slice::sort::TimSortRun, []), ()]), Closure(DefId(5:5465 ~ alloc[484d]::slice::stable_sort::{closure#3}), [grenad::sorter::EntryBound, Closure(DefId(5:5388 ~ alloc[484d]::slice::{impl#0}::sort_by_key::{closure#0}), [grenad::sorter::EntryBound, &ReErased [u8], Closure(DefId(150:506 ~ grenad[d2dd]::sorter::{impl#3}::sort_by_key::{closure#0}), [i8, Binder(extern "RustCall" fn((&ReBound(DebruijnIndex(0), BoundRegion { var: 0, kind: BrAnon }) grenad::sorter::EntryBound,)) - &ReErased [u8], [Region(BrAnon)]), (&ReErased &ReErased mut [u8],)]), i16, Binder(extern "RustCall" fn((&ReBound(DebruijnIndex(0), BoundRegion { var: 0, kind: BrAnon }) grenad::sorter::EntryBound, &ReBound(DebruijnIndex(0), BoundRegion { var: 1, kind: BrAnon }) grenad::sorter::EntryBound)) - bool, [Region(BrAnon), Region(BrAnon)]), (&ReErased mut Closure(DefId(150:506 ~ grenad[d2dd]::sorter::{impl#3}::sort_by_key::{closure#0}), [i8, Binder(extern "RustCall" fn((&ReBound(DebruijnIndex(0), BoundRegion { var: 0, kind: BrAnon }) grenad::sorter::EntryBound,)) - &ReErased [u8], [Region(BrAnon)]), (&ReErased &ReErased mut [u8],)]),)]), i8, Binder(extern "RustCall" fn((*mut core::slice::sort::TimSortRun, usize)), []), ()])
3	1	1	1	dump::reader::compat::v4_to_v5::{impl#0}::to_v6
3	1	1	1	core::slice::sort::merge_sort::{impl#3}::index std::cmp::Ordering, [Region(BrAnon), Region(BrAnon)]), ()]), i16, Binder(extern "RustCall" fn((&ReBound(DebruijnIndex(0), BoundRegion { var: 0, kind: BrAnon }) liquid_core::model::value::values::Value, &ReBound(DebruijnIndex(0), BoundRegion { var: 1, kind: BrAnon }) liquid_core::model::value::values::Value)) - bool, [Region(BrAnon), Region(BrAnon)]), (&ReErased mut Closure(DefId(226:411 ~ liquid_lib[6c8e]::stdlib::filters::array::{impl#1}::evaluate::{closure#3}), [i16, Binder(extern "RustCall" fn((&ReBound(DebruijnIndex(0), BoundRegion { var: 0, kind: BrAnon }) liquid_core::model::value::values::Value, &ReBound(DebruijnIndex(0), BoundRegion { var: 1, kind: BrAnon }) liquid_core::model::value::values::Value)) - std::cmp::Ordering, [Region(BrAnon), Region(BrAnon)]), ()]),)]), i8, Binder(extern "RustCall" fn((usize,)) - *mut core::slice::sort::TimSortRun, []), ()]), Closure(DefId(5:5465 ~ alloc[484d]::slice::stable_sort::{closure#3}), [liquid_core::model::value::values::Value, Closure(DefId(5:5384 ~ alloc[484d]::slice::{impl#0}::sort_by::{closure#0}), [liquid_core::model::value::values::Value, Closure(DefId(226:411 ~ liquid_lib[6c8e]::stdlib::filters::array::{impl#1}::evaluate::{closure#3}), [i16, Binder(extern "RustCall" fn((&ReBound(DebruijnIndex(0), BoundRegion { var: 0, kind: BrAnon }) liquid_core::model::value::values::Value, &ReBound(DebruijnIndex(0), BoundRegion { var: 1, kind: BrAnon }) liquid_core::model::value::values::Value)) - std::cmp::Ordering, [Region(BrAnon), Region(BrAnon)]), ()]), i16, Binder(extern "RustCall" fn((&ReBound(DebruijnIndex(0), BoundRegion { var: 0, kind: BrAnon }) liquid_core::model::value::values::Value, &ReBound(DebruijnIndex(0), BoundRegion { var: 1, kind: BrAnon }) liquid_core::model::value::values::Value)) - bool, [Region(BrAnon), Region(BrAnon)]), (&ReErased mut Closure(DefId(226:411 ~ liquid_lib[6c8e]::stdlib::filters::array::{impl#1}::evaluate::{closure#3}), [i16, Binder(extern "RustCall" fn((&ReBound(DebruijnIndex(0), BoundRegion { var: 0, kind: BrAnon }) liquid_core::model::value::values::Value, &ReBound(DebruijnIndex(0), BoundRegion { var: 1, kind: BrAnon }) liquid_core::model::value::values::Value)) - std::cmp::Ordering, [Region(BrAnon), Region(BrAnon)]), ()]),)]), i8, Binder(extern "RustCall" fn((*mut core::slice::sort::TimSortRun, usize)), []), ()])
3	3	1	1	alloc::collections::btree::map::entry::{impl#9}::get_mut
3	1	1	1	core::slice::sort::merge_sort::{impl#3}::index std::cmp::Ordering, [Region(BrAnon), Region(BrAnon)]), ()]), i16, Binder(extern "RustCall" fn((&ReBound(DebruijnIndex(0), BoundRegion { var: 0, kind: BrAnon }) (std::string::String, safetensors::tensor::TensorInfo), &ReBound(DebruijnIndex(0), BoundRegion { var: 1, kind: BrAnon }) (std::string::String, safetensors::tensor::TensorInfo))) - bool, [Region(BrAnon), Region(BrAnon)]), (&ReErased mut Closure(DefId(271:120 ~ safetensors[eb64]::tensor::{impl#5}::deserialize::{closure#0}), [ReErased, &ReErased mut serde_json::de::Deserializer, i16, Binder(extern "RustCall" fn((&ReBound(DebruijnIndex(0), BoundRegion { var: 0, kind: BrAnon }) (std::string::String, safetensors::tensor::TensorInfo), &ReBound(DebruijnIndex(0), BoundRegion { var: 1, kind: BrAnon }) (std::string::String, safetensors::tensor::TensorInfo))) - std::cmp::Ordering, [Region(BrAnon), Region(BrAnon)]), ()]),)]), i8, Binder(extern "RustCall" fn((usize,)) - *mut core::slice::sort::TimSortRun, []), ()]), Closure(DefId(5:5465 ~ alloc[484d]::slice::stable_sort::{closure#3}), [(std::string::String, safetensors::tensor::TensorInfo), Closure(DefId(5:5384 ~ alloc[484d]::slice::{impl#0}::sort_by::{closure#0}), [(std::string::String, safetensors::tensor::TensorInfo), Closure(DefId(271:120 ~ safetensors[eb64]::tensor::{impl#5}::deserialize::{closure#0}), [ReErased, &ReErased mut serde_json::de::Deserializer, i16, Binder(extern "RustCall" fn((&ReBound(DebruijnIndex(0), BoundRegion { var: 0, kind: BrAnon }) (std::string::String, safetensors::tensor::TensorInfo), &ReBound(DebruijnIndex(0), BoundRegion { var: 1, kind: BrAnon }) (std::string::String, safetensors::tensor::TensorInfo))) - std::cmp::Ordering, [Region(BrAnon), Region(BrAnon)]), ()]), i16, Binder(extern "RustCall" fn((&ReBound(DebruijnIndex(0), BoundRegion { var: 0, kind: BrAnon }) (std::string::String, safetensors::tensor::TensorInfo), &ReBound(DebruijnIndex(0), BoundRegion { var: 1, kind: BrAnon }) (std::string::String, safetensors::tensor::TensorInfo))) - bool, [Region(BrAnon), Region(BrAnon)]), (&ReErased mut Closure(DefId(271:120 ~ safetensors[eb64]::tensor::{impl#5}::deserialize::{closure#0}), [ReErased, &ReErased mut serde_json::de::Deserializer, i16, Binder(extern "RustCall" fn((&ReBound(DebruijnIndex(0), BoundRegion { var: 0, kind: BrAnon }) (std::string::String, safetensors::tensor::TensorInfo), &ReBound(DebruijnIndex(0), BoundRegion { var: 1, kind: BrAnon }) (std::string::String, safetensors::tensor::TensorInfo))) - std::cmp::Ordering, [Region(BrAnon), Region(BrAnon)]), ()]),)]), i8, Binder(extern "RustCall" fn((*mut core::slice::sort::TimSortRun, usize)), []), ()])
3	2	1	1	candle_core::shape::{impl#13}::dims
3	2	1	1	rayon::slice::mergesort::get_and_increment
3	1	1	1	core::slice::sort::merge_sort::{impl#3}::index usize, [Region(BrAnon)]), ()]), i16, Binder(extern "RustCall" fn((&ReBound(DebruijnIndex(0), BoundRegion { var: 0, kind: BrAnon }) (usize, char), &ReBound(DebruijnIndex(0), BoundRegion { var: 1, kind: BrAnon }) (usize, char))) - bool, [Region(BrAnon), Region(BrAnon)]), (&ReErased mut Closure(DefId(130:28 ~ idna[a764]::punycode::{impl#0}::decode::{closure#0}), [i16, Binder(extern "RustCall" fn((&ReBound(DebruijnIndex(0), BoundRegion { var: 0, kind: BrAnon }) (usize, char),)) - usize, [Region(BrAnon)]), ()]),)]), i8, Binder(extern "RustCall" fn((usize,)) - *mut core::slice::sort::TimSortRun, []), ()]), Closure(DefId(5:5465 ~ alloc[484d]::slice::stable_sort::{closure#3}), [(usize, char), Closure(DefId(5:5388 ~ alloc[484d]::slice::{impl#0}::sort_by_key::{closure#0}), [(usize, char), usize, Closure(DefId(130:28 ~ idna[a764]::punycode::{impl#0}::decode::{closure#0}), [i16, Binder(extern "RustCall" fn((&ReBound(DebruijnIndex(0), BoundRegion { var: 0, kind: BrAnon }) (usize, char),)) - usize, [Region(BrAnon)]), ()]), i16, Binder(extern "RustCall" fn((&ReBound(DebruijnIndex(0), BoundRegion { var: 0, kind: BrAnon }) (usize, char), &ReBound(DebruijnIndex(0), BoundRegion { var: 1, kind: BrAnon }) (usize, char))) - bool, [Region(BrAnon), Region(BrAnon)]), (&ReErased mut Closure(DefId(130:28 ~ idna[a764]::punycode::{impl#0}::decode::{closure#0}), [i16, Binder(extern "RustCall" fn((&ReBound(DebruijnIndex(0), BoundRegion { var: 0, kind: BrAnon }) (usize, char),)) - usize, [Region(BrAnon)]), ()]),)]), i8, Binder(extern "RustCall" fn((*mut core::slice::sort::TimSortRun, usize)), []), ()])
3	3	1	2	heed::database::{impl#4}::put
3	3	1	2	alloc::collections::btree::set::{impl#18}::into_iter
3	3	2	2	std::collections::hash::map::{impl#2}::get_mut
3	3	3	1	std::io::{impl#26}::next
3	3	3	1	core::str::iter::{impl#85}::next
3	1	1	1	core::slice::sort::merge_sort::{impl#3}::index usize, [Region(BrAnon)]), ()]), i16, Binder(extern "RustCall" fn((&ReBound(DebruijnIndex(0), BoundRegion { var: 0, kind: BrAnon }) (usize, char), &ReBound(DebruijnIndex(0), BoundRegion { var: 1, kind: BrAnon }) (usize, char))) - bool, [Region(BrAnon), Region(BrAnon)]), (&ReErased mut Closure(DefId(142:28 ~ idna[650a]::punycode::{impl#0}::decode::{closure#0}), [i16, Binder(extern "RustCall" fn((&ReBound(DebruijnIndex(0), BoundRegion { var: 0, kind: BrAnon }) (usize, char),)) - usize, [Region(BrAnon)]), ()]),)]), i8, Binder(extern "RustCall" fn((usize,)) - *mut core::slice::sort::TimSortRun, []), ()]), Closure(DefId(5:5465 ~ alloc[484d]::slice::stable_sort::{closure#3}), [(usize, char), Closure(DefId(5:5388 ~ alloc[484d]::slice::{impl#0}::sort_by_key::{closure#0}), [(usize, char), usize, Closure(DefId(142:28 ~ idna[650a]::punycode::{impl#0}::decode::{closure#0}), [i16, Binder(extern "RustCall" fn((&ReBound(DebruijnIndex(0), BoundRegion { var: 0, kind: BrAnon }) (usize, char),)) - usize, [Region(BrAnon)]), ()]), i16, Binder(extern "RustCall" fn((&ReBound(DebruijnIndex(0), BoundRegion { var: 0, kind: BrAnon }) (usize, char), &ReBound(DebruijnIndex(0), BoundRegion { var: 1, kind: BrAnon }) (usize, char))) - bool, [Region(BrAnon), Region(BrAnon)]), (&ReErased mut Closure(DefId(142:28 ~ idna[650a]::punycode::{impl#0}::decode::{closure#0}), [i16, Binder(extern "RustCall" fn((&ReBound(DebruijnIndex(0), BoundRegion { var: 0, kind: BrAnon }) (usize, char),)) - usize, [Region(BrAnon)]), ()]),)]), i8, Binder(extern "RustCall" fn((*mut core::slice::sort::TimSortRun, usize)), []), ()])
3	3	1	1	bitvec::vec::ops::{impl#13}::deref_mut
3	2	1	1	ring::arithmetic::nonnegative::{impl#0}::limbs
3	1	1	1	core::slice::sort::merge_sort::{impl#3}::index std::cmp::Ordering, [Region(BrAnon), Region(BrAnon)]), ()]), i16, Binder(extern "RustCall" fn((&ReBound(DebruijnIndex(0), BoundRegion { var: 0, kind: BrAnon }) wal::OpenSegment, &ReBound(DebruijnIndex(0), BoundRegion { var: 1, kind: BrAnon }) wal::OpenSegment)) - bool, [Region(BrAnon), Region(BrAnon)]), (&ReErased mut Closure(DefId(256:212 ~ wal[af11]::{impl#1}::with_options::{closure#2}), [std::path::PathBuf, i16, Binder(extern "RustCall" fn((&ReBound(DebruijnIndex(0), BoundRegion { var: 0, kind: BrAnon }) wal::OpenSegment, &ReBound(DebruijnIndex(0), BoundRegion { var: 1, kind: BrAnon }) wal::OpenSegment)) - std::cmp::Ordering, [Region(BrAnon), Region(BrAnon)]), ()]),)]), i8, Binder(extern "RustCall" fn((usize,)) - *mut core::slice::sort::TimSortRun, []), ()]), Closure(DefId(5:5465 ~ alloc[484d]::slice::stable_sort::{closure#3}), [wal::OpenSegment, Closure(DefId(5:5384 ~ alloc[484d]::slice::{impl#0}::sort_by::{closure#0}), [wal::OpenSegment, Closure(DefId(256:212 ~ wal[af11]::{impl#1}::with_options::{closure#2}), [std::path::PathBuf, i16, Binder(extern "RustCall" fn((&ReBound(DebruijnIndex(0), BoundRegion { var: 0, kind: BrAnon }) wal::OpenSegment, &ReBound(DebruijnIndex(0), BoundRegion { var: 1, kind: BrAnon }) wal::OpenSegment)) - std::cmp::Ordering, [Region(BrAnon), Region(BrAnon)]), ()]), i16, Binder(extern "RustCall" fn((&ReBound(DebruijnIndex(0), BoundRegion { var: 0, kind: BrAnon }) wal::OpenSegment, &ReBound(DebruijnIndex(0), BoundRegion { var: 1, kind: BrAnon }) wal::OpenSegment)) - bool, [Region(BrAnon), Region(BrAnon)]), (&ReErased mut Closure(DefId(256:212 ~ wal[af11]::{impl#1}::with_options::{closure#2}), [std::path::PathBuf, i16, Binder(extern "RustCall" fn((&ReBound(DebruijnIndex(0), BoundRegion { var: 0, kind: BrAnon }) wal::OpenSegment, &ReBound(DebruijnIndex(0), BoundRegion { var: 1, kind: BrAnon }) wal::OpenSegment)) - std::cmp::Ordering, [Region(BrAnon), Region(BrAnon)]), ()]),)]), i8, Binder(extern "RustCall" fn((*mut core::slice::sort::TimSortRun, usize)), []), ()])
3	2	1	1	io_uring::util::{impl#0}::offset
3	1	1	1	core::slice::sort::merge_sort::{impl#3}::index std::iter::Chain, []), ()]), i16, Binder(extern "RustCall" fn((&ReBound(DebruijnIndex(0), BoundRegion { var: 0, kind: BrAnon }) (f64, std::string::String), &ReBound(DebruijnIndex(0), BoundRegion { var: 1, kind: BrAnon }) (f64, std::string::String))) - std::cmp::Ordering, [Region(BrAnon), Region(BrAnon)]), ()]), i16, Binder(extern "RustCall" fn((&ReBound(DebruijnIndex(0), BoundRegion { var: 0, kind: BrAnon }) (f64, std::string::String), &ReBound(DebruijnIndex(0), BoundRegion { var: 1, kind: BrAnon }) (f64, std::string::String))) - bool, [Region(BrAnon), Region(BrAnon)]), (&ReErased mut Closure(DefId(386:2391 ~ clap_builder[dc8a]::parser::features::suggestions::did_you_mean::{closure#2}), [&ReErased str, std::iter::FlatMap, Closure(DefId(386:702 ~ clap_builder[dc8a]::builder::command::{impl#7}::all_subcommand_names::{closure#0}), [i16, Binder(extern "RustCall" fn((&ReErased clap::Command,)) - std::iter::Chain, []), ()]), i16, Binder(extern "RustCall" fn((&ReBound(DebruijnIndex(0), BoundRegion { var: 0, kind: BrAnon }) (f64, std::string::String), &ReBound(DebruijnIndex(0), BoundRegion { var: 1, kind: BrAnon }) (f64, std::string::String))) - std::cmp::Ordering, [Region(BrAnon), Region(BrAnon)]), ()]),)]), i8, Binder(extern "RustCall" fn((usize,)) - *mut core::slice::sort::TimSortRun, []), ()]), Closure(DefId(5:5465 ~ alloc[484d]::slice::stable_sort::{closure#3}), [(f64, std::string::String), Closure(DefId(5:5384 ~ alloc[484d]::slice::{impl#0}::sort_by::{closure#0}), [(f64, std::string::String), Closure(DefId(386:2391 ~ clap_builder[dc8a]::parser::features::suggestions::did_you_mean::{closure#2}), [&ReErased str, std::iter::FlatMap, Closure(DefId(386:702 ~ clap_builder[dc8a]::builder::command::{impl#7}::all_subcommand_names::{closure#0}), [i16, Binder(extern "RustCall" fn((&ReErased clap::Command,)) - std::iter::Chain, []), ()]), i16, Binder(extern "RustCall" fn((&ReBound(DebruijnIndex(0), BoundRegion { var: 0, kind: BrAnon }) (f64, std::string::String), &ReBound(DebruijnIndex(0), BoundRegion { var: 1, kind: BrAnon }) (f64, std::string::String))) - std::cmp::Ordering, [Region(BrAnon), Region(BrAnon)]), ()]), i16, Binder(extern "RustCall" fn((&ReBound(DebruijnIndex(0), BoundRegion { var: 0, kind: BrAnon }) (f64, std::string::String), &ReBound(DebruijnIndex(0), BoundRegion { var: 1, kind: BrAnon }) (f64, std::string::String))) - bool, [Region(BrAnon), Region(BrAnon)]), (&ReErased mut Closure(DefId(386:2391 ~ clap_builder[dc8a]::parser::features::suggestions::did_you_mean::{closure#2}), [&ReErased str, std::iter::FlatMap, Closure(DefId(386:702 ~ clap_builder[dc8a]::builder::command::{impl#7}::all_subcommand_names::{closure#0}), [i16, Binder(extern "RustCall" fn((&ReErased clap::Command,)) - std::iter::Chain, []), ()]), i16, Binder(extern "RustCall" fn((&ReBound(DebruijnIndex(0), BoundRegion { var: 0, kind: BrAnon }) (f64, std::string::String), &ReBound(DebruijnIndex(0), BoundRegion { var: 1, kind: BrAnon }) (f64, std::string::String))) - std::cmp::Ordering, [Region(BrAnon), Region(BrAnon)]), ()]),)]), i8, Binder(extern "RustCall" fn((*mut core::slice::sort::TimSortRun, usize)), []), ()])
3	3	1	1	raft_proto::protos::eraftpb::{impl#126}::get_voters_outgoing
3	1	1	1	core::slice::sort::merge_sort::{impl#3}::index, i16, Binder(extern "RustCall" fn((&ReBound(DebruijnIndex(0), BoundRegion { var: 0, kind: BrAnon }) (f64, std::string::String), &ReBound(DebruijnIndex(0), BoundRegion { var: 1, kind: BrAnon }) (f64, std::string::String))) - std::cmp::Ordering, [Region(BrAnon), Region(BrAnon)]), ()]), i16, Binder(extern "RustCall" fn((&ReBound(DebruijnIndex(0), BoundRegion { var: 0, kind: BrAnon }) (f64, std::string::String), &ReBound(DebruijnIndex(0), BoundRegion { var: 1, kind: BrAnon }) (f64, std::string::String))) - bool, [Region(BrAnon), Region(BrAnon)]), (&ReErased mut Closure(DefId(386:2391 ~ clap_builder[dc8a]::parser::features::suggestions::did_you_mean::{closure#2}), [&ReErased str, std::iter::Map &ReErased str, []), ()]), i16, Binder(extern "RustCall" fn((&ReBound(DebruijnIndex(0), BoundRegion { var: 0, kind: BrAnon }) (f64, std::string::String), &ReBound(DebruijnIndex(0), BoundRegion { var: 1, kind: BrAnon }) (f64, std::string::String))) - std::cmp::Ordering, [Region(BrAnon), Region(BrAnon)]), ()]),)]), i8, Binder(extern "RustCall" fn((usize,)) - *mut core::slice::sort::TimSortRun, []), ()]), Closure(DefId(5:5465 ~ alloc[484d]::slice::stable_sort::{closure#3}), [(f64, std::string::String), Closure(DefId(5:5384 ~ alloc[484d]::slice::{impl#0}::sort_by::{closure#0}), [(f64, std::string::String), Closure(DefId(386:2391 ~ clap_builder[dc8a]::parser::features::suggestions::did_you_mean::{closure#2}), [&ReErased str, std::iter::Map &ReErased str, []), ()]), i16, Binder(extern "RustCall" fn((&ReBound(DebruijnIndex(0), BoundRegion { var: 0, kind: BrAnon }) (f64, std::string::String), &ReBound(DebruijnIndex(0), BoundRegion { var: 1, kind: BrAnon }) (f64, std::string::String))) - std::cmp::Ordering, [Region(BrAnon), Region(BrAnon)]), ()]), i16, Binder(extern "RustCall" fn((&ReBound(DebruijnIndex(0), BoundRegion { var: 0, kind: BrAnon }) (f64, std::string::String), &ReBound(DebruijnIndex(0), BoundRegion { var: 1, kind: BrAnon }) (f64, std::string::String))) - bool, [Region(BrAnon), Region(BrAnon)]), (&ReErased mut Closure(DefId(386:2391 ~ clap_builder[dc8a]::parser::features::suggestions::did_you_mean::{closure#2}), [&ReErased str, std::iter::Map &ReErased str, []), ()]), i16, Binder(extern "RustCall" fn((&ReBound(DebruijnIndex(0), BoundRegion { var: 0, kind: BrAnon }) (f64, std::string::String), &ReBound(DebruijnIndex(0), BoundRegion { var: 1, kind: BrAnon }) (f64, std::string::String))) - std::cmp::Ordering, [Region(BrAnon), Region(BrAnon)]), ()]),)]), i8, Binder(extern "RustCall" fn((*mut core::slice::sort::TimSortRun, usize)), []), ()])
3	1	1	1	http::request::{impl#1}::headers_mut
3	1	1	1	core::slice::sort::merge_sort::{impl#3}::index std::cmp::Ordering, [Region(BrAnon), Region(BrAnon)]), ()]), i16, Binder(extern "RustCall" fn((&ReBound(DebruijnIndex(0), BoundRegion { var: 0, kind: BrAnon }) (usize, clap::builder::StyledStr, &ReErased clap::Command), &ReBound(DebruijnIndex(0), BoundRegion { var: 1, kind: BrAnon }) (usize, clap::builder::StyledStr, &ReErased clap::Command))) - bool, [Region(BrAnon), Region(BrAnon)]), (&ReErased mut Closure(DefId(386:2591 ~ clap_builder[dc8a]::output::help_template::{impl#4}::write_subcommands::{closure#1}), [ReErased, ReErased, i16, Binder(extern "RustCall" fn((&ReBound(DebruijnIndex(0), BoundRegion { var: 0, kind: BrAnon }) (usize, clap::builder::StyledStr, &ReErased clap::Command), &ReBound(DebruijnIndex(0), BoundRegion { var: 1, kind: BrAnon }) (usize, clap::builder::StyledStr, &ReErased clap::Command))) - std::cmp::Ordering, [Region(BrAnon), Region(BrAnon)]), ()]),)]), i8, Binder(extern "RustCall" fn((usize,)) - *mut core::slice::sort::TimSortRun, []), ()]), Closure(DefId(5:5465 ~ alloc[484d]::slice::stable_sort::{closure#3}), [(usize, clap::builder::StyledStr, &ReErased clap::Command), Closure(DefId(5:5384 ~ alloc[484d]::slice::{impl#0}::sort_by::{closure#0}), [(usize, clap::builder::StyledStr, &ReErased clap::Command), Closure(DefId(386:2591 ~ clap_builder[dc8a]::output::help_template::{impl#4}::write_subcommands::{closure#1}), [ReErased, ReErased, i16, Binder(extern "RustCall" fn((&ReBound(DebruijnIndex(0), BoundRegion { var: 0, kind: BrAnon }) (usize, clap::builder::StyledStr, &ReErased clap::Command), &ReBound(DebruijnIndex(0), BoundRegion { var: 1, kind: BrAnon }) (usize, clap::builder::StyledStr, &ReErased clap::Command))) - std::cmp::Ordering, [Region(BrAnon), Region(BrAnon)]), ()]), i16, Binder(extern "RustCall" fn((&ReBound(DebruijnIndex(0), BoundRegion { var: 0, kind: BrAnon }) (usize, clap::builder::StyledStr, &ReErased clap::Command), &ReBound(DebruijnIndex(0), BoundRegion { var: 1, kind: BrAnon }) (usize, clap::builder::StyledStr, &ReErased clap::Command))) - bool, [Region(BrAnon), Region(BrAnon)]), (&ReErased mut Closure(DefId(386:2591 ~ clap_builder[dc8a]::output::help_template::{impl#4}::write_subcommands::{closure#1}), [ReErased, ReErased, i16, Binder(extern "RustCall" fn((&ReBound(DebruijnIndex(0), BoundRegion { var: 0, kind: BrAnon }) (usize, clap::builder::StyledStr, &ReErased clap::Command), &ReBound(DebruijnIndex(0), BoundRegion { var: 1, kind: BrAnon }) (usize, clap::builder::StyledStr, &ReErased clap::Command))) - std::cmp::Ordering, [Region(BrAnon), Region(BrAnon)]), ()]),)]), i8, Binder(extern "RustCall" fn((*mut core::slice::sort::TimSortRun, usize)), []), ()])
3	1	1	1	tar::entry::{impl#2}::from
3	2	1	1	collection::save_on_disk::{impl#1}::deref
3	1	1	1	core::slice::sort::merge_sort::{impl#3}::index std::cmp::Ordering, [Region(BrAnon), Region(BrAnon)]), ()]), i16, Binder(extern "RustCall" fn((&ReBound(DebruijnIndex(0), BoundRegion { var: 0, kind: BrAnon }) wal::OpenSegment, &ReBound(DebruijnIndex(0), BoundRegion { var: 1, kind: BrAnon }) wal::OpenSegment)) - bool, [Region(BrAnon), Region(BrAnon)]), (&ReErased mut Closure(DefId(256:260 ~ wal[af11]::create_loop::{closure#0}), [i16, Binder(extern "RustCall" fn((&ReBound(DebruijnIndex(0), BoundRegion { var: 0, kind: BrAnon }) wal::OpenSegment, &ReBound(DebruijnIndex(0), BoundRegion { var: 1, kind: BrAnon }) wal::OpenSegment)) - std::cmp::Ordering, [Region(BrAnon), Region(BrAnon)]), ()]),)]), i8, Binder(extern "RustCall" fn((usize,)) - *mut core::slice::sort::TimSortRun, []), ()]), Closure(DefId(5:5465 ~ alloc[484d]::slice::stable_sort::{closure#3}), [wal::OpenSegment, Closure(DefId(5:5384 ~ alloc[484d]::slice::{impl#0}::sort_by::{closure#0}), [wal::OpenSegment, Closure(DefId(256:260 ~ wal[af11]::create_loop::{closure#0}), [i16, Binder(extern "RustCall" fn((&ReBound(DebruijnIndex(0), BoundRegion { var: 0, kind: BrAnon }) wal::OpenSegment, &ReBound(DebruijnIndex(0), BoundRegion { var: 1, kind: BrAnon }) wal::OpenSegment)) - std::cmp::Ordering, [Region(BrAnon), Region(BrAnon)]), ()]), i16, Binder(extern "RustCall" fn((&ReBound(DebruijnIndex(0), BoundRegion { var: 0, kind: BrAnon }) wal::OpenSegment, &ReBound(DebruijnIndex(0), BoundRegion { var: 1, kind: BrAnon }) wal::OpenSegment)) - bool, [Region(BrAnon), Region(BrAnon)]), (&ReErased mut Closure(DefId(256:260 ~ wal[af11]::create_loop::{closure#0}), [i16, Binder(extern "RustCall" fn((&ReBound(DebruijnIndex(0), BoundRegion { var: 0, kind: BrAnon }) wal::OpenSegment, &ReBound(DebruijnIndex(0), BoundRegion { var: 1, kind: BrAnon }) wal::OpenSegment)) - std::cmp::Ordering, [Region(BrAnon), Region(BrAnon)]), ()]),)]), i8, Binder(extern "RustCall" fn((*mut core::slice::sort::TimSortRun, usize)), []), ()])
3	1	1	1	core::slice::sort::merge_sort::{impl#3}::index, i16, Binder(extern "RustCall" fn((&ReBound(DebruijnIndex(0), BoundRegion { var: 0, kind: BrAnon }) (std::string::String, rocksdb::column_family::ColumnFamily), &ReBound(DebruijnIndex(0), BoundRegion { var: 1, kind: BrAnon }) (std::string::String, rocksdb::column_family::ColumnFamily))) - std::cmp::Ordering, [Region(BrAnon), Region(BrAnon)]), ()]), i16, Binder(extern "RustCall" fn((&ReBound(DebruijnIndex(0), BoundRegion { var: 0, kind: BrAnon }) (std::string::String, rocksdb::column_family::ColumnFamily), &ReBound(DebruijnIndex(0), BoundRegion { var: 1, kind: BrAnon }) (std::string::String, rocksdb::column_family::ColumnFamily))) - bool, [Region(BrAnon), Region(BrAnon)]), (&ReErased mut Closure(DefId(5:1966 ~ alloc[484d]::collections::btree::map::{impl#78}::from_iter::{closure#0}), [std::string::String, rocksdb::column_family::ColumnFamily, std::iter::Map (std::string::String, rocksdb::column_family::ColumnFamily), []), ()]), i16, Binder(extern "RustCall" fn((&ReBound(DebruijnIndex(0), BoundRegion { var: 0, kind: BrAnon }) (std::string::String, rocksdb::column_family::ColumnFamily), &ReBound(DebruijnIndex(0), BoundRegion { var: 1, kind: BrAnon }) (std::string::String, rocksdb::column_family::ColumnFamily))) - std::cmp::Ordering, [Region(BrAnon), Region(BrAnon)]), ()]),)]), i8, Binder(extern "RustCall" fn((usize,)) - *mut core::slice::sort::TimSortRun, []), ()]), Closure(DefId(5:5465 ~ alloc[484d]::slice::stable_sort::{closure#3}), [(std::string::String, rocksdb::column_family::ColumnFamily), Closure(DefId(5:5384 ~ alloc[484d]::slice::{impl#0}::sort_by::{closure#0}), [(std::string::String, rocksdb::column_family::ColumnFamily), Closure(DefId(5:1966 ~ alloc[484d]::collections::btree::map::{impl#78}::from_iter::{closure#0}), [std::string::String, rocksdb::column_family::ColumnFamily, std::iter::Map (std::string::String, rocksdb::column_family::ColumnFamily), []), ()]), i16, Binder(extern "RustCall" fn((&ReBound(DebruijnIndex(0), BoundRegion { var: 0, kind: BrAnon }) (std::string::String, rocksdb::column_family::ColumnFamily), &ReBound(DebruijnIndex(0), BoundRegion { var: 1, kind: BrAnon }) (std::string::String, rocksdb::column_family::ColumnFamily))) - std::cmp::Ordering, [Region(BrAnon), Region(BrAnon)]), ()]), i16, Binder(extern "RustCall" fn((&ReBound(DebruijnIndex(0), BoundRegion { var: 0, kind: BrAnon }) (std::string::String, rocksdb::column_family::ColumnFamily), &ReBound(DebruijnIndex(0), BoundRegion { var: 1, kind: BrAnon }) (std::string::String, rocksdb::column_family::ColumnFamily))) - bool, [Region(BrAnon), Region(BrAnon)]), (&ReErased mut Closure(DefId(5:1966 ~ alloc[484d]::collections::btree::map::{impl#78}::from_iter::{closure#0}), [std::string::String, rocksdb::column_family::ColumnFamily, std::iter::Map (std::string::String, rocksdb::column_family::ColumnFamily), []), ()]), i16, Binder(extern "RustCall" fn((&ReBound(DebruijnIndex(0), BoundRegion { var: 0, kind: BrAnon }) (std::string::String, rocksdb::column_family::ColumnFamily), &ReBound(DebruijnIndex(0), BoundRegion { var: 1, kind: BrAnon }) (std::string::String, rocksdb::column_family::ColumnFamily))) - std::cmp::Ordering, [Region(BrAnon), Region(BrAnon)]), ()]),)]), i8, Binder(extern "RustCall" fn((*mut core::slice::sort::TimSortRun, usize)), []), ()])
3	1	1	1	wal::segment::{impl#2}::as_mut_slice
3	1	1	1	core::slice::sort::merge_sort::{impl#3}::index, i16, Binder(extern "RustCall" fn((&ReBound(DebruijnIndex(0), BoundRegion { var: 0, kind: BrAnon }) (std::vec::Vec, webpki::crl::types::OwnedRevokedCert), &ReBound(DebruijnIndex(0), BoundRegion { var: 1, kind: BrAnon }) (std::vec::Vec, webpki::crl::types::OwnedRevokedCert))) - std::cmp::Ordering, [Region(BrAnon), Region(BrAnon)]), ()]), i16, Binder(extern "RustCall" fn((&ReBound(DebruijnIndex(0), BoundRegion { var: 0, kind: BrAnon }) (std::vec::Vec, webpki::crl::types::OwnedRevokedCert), &ReBound(DebruijnIndex(0), BoundRegion { var: 1, kind: BrAnon }) (std::vec::Vec, webpki::crl::types::OwnedRevokedCert))) - bool, [Region(BrAnon), Region(BrAnon)]), (&ReErased mut Closure(DefId(5:1966 ~ alloc[484d]::collections::btree::map::{impl#78}::from_iter::{closure#0}), [std::vec::Vec, webpki::crl::types::OwnedRevokedCert, std::iter::Map (std::vec::Vec, webpki::crl::types::OwnedRevokedCert), []), ()]), i16, Binder(extern "RustCall" fn((&ReBound(DebruijnIndex(0), BoundRegion { var: 0, kind: BrAnon }) (std::vec::Vec, webpki::crl::types::OwnedRevokedCert), &ReBound(DebruijnIndex(0), BoundRegion { var: 1, kind: BrAnon }) (std::vec::Vec, webpki::crl::types::OwnedRevokedCert))) - std::cmp::Ordering, [Region(BrAnon), Region(BrAnon)]), ()]),)]), i8, Binder(extern "RustCall" fn((usize,)) - *mut core::slice::sort::TimSortRun, []), ()]), Closure(DefId(5:5465 ~ alloc[484d]::slice::stable_sort::{closure#3}), [(std::vec::Vec, webpki::crl::types::OwnedRevokedCert), Closure(DefId(5:5384 ~ alloc[484d]::slice::{impl#0}::sort_by::{closure#0}), [(std::vec::Vec, webpki::crl::types::OwnedRevokedCert), Closure(DefId(5:1966 ~ alloc[484d]::collections::btree::map::{impl#78}::from_iter::{closure#0}), [std::vec::Vec, webpki::crl::types::OwnedRevokedCert, std::iter::Map (std::vec::Vec, webpki::crl::types::OwnedRevokedCert), []), ()]), i16, Binder(extern "RustCall" fn((&ReBound(DebruijnIndex(0), BoundRegion { var: 0, kind: BrAnon }) (std::vec::Vec, webpki::crl::types::OwnedRevokedCert), &ReBound(DebruijnIndex(0), BoundRegion { var: 1, kind: BrAnon }) (std::vec::Vec, webpki::crl::types::OwnedRevokedCert))) - std::cmp::Ordering, [Region(BrAnon), Region(BrAnon)]), ()]), i16, Binder(extern "RustCall" fn((&ReBound(DebruijnIndex(0), BoundRegion { var: 0, kind: BrAnon }) (std::vec::Vec, webpki::crl::types::OwnedRevokedCert), &ReBound(DebruijnIndex(0), BoundRegion { var: 1, kind: BrAnon }) (std::vec::Vec, webpki::crl::types::OwnedRevokedCert))) - bool, [Region(BrAnon), Region(BrAnon)]), (&ReErased mut Closure(DefId(5:1966 ~ alloc[484d]::collections::btree::map::{impl#78}::from_iter::{closure#0}), [std::vec::Vec, webpki::crl::types::OwnedRevokedCert, std::iter::Map (std::vec::Vec, webpki::crl::types::OwnedRevokedCert), []), ()]), i16, Binder(extern "RustCall" fn((&ReBound(DebruijnIndex(0), BoundRegion { var: 0, kind: BrAnon }) (std::vec::Vec, webpki::crl::types::OwnedRevokedCert), &ReBound(DebruijnIndex(0), BoundRegion { var: 1, kind: BrAnon }) (std::vec::Vec, webpki::crl::types::OwnedRevokedCert))) - std::cmp::Ordering, [Region(BrAnon), Region(BrAnon)]), ()]),)]), i8, Binder(extern "RustCall" fn((*mut core::slice::sort::TimSortRun, usize)), []), ()])
3	1	1	1	core::slice::sort::merge_sort::{impl#3}::index std::cmp::Ordering, [Region(BrAnon), Region(BrAnon)]), ()]), i16, Binder(extern "RustCall" fn((&ReBound(DebruijnIndex(0), BoundRegion { var: 0, kind: BrAnon }) addr2line::function::InlinedFunctionAddress, &ReBound(DebruijnIndex(0), BoundRegion { var: 1, kind: BrAnon }) addr2line::function::InlinedFunctionAddress)) - bool, [Region(BrAnon), Region(BrAnon)]), (&ReErased mut Closure(DefId(39:77 ~ addr2line[9b20]::function::{impl#1}::parse::{closure#0}), [gimli::read::endian_slice::EndianSlice, i16, Binder(extern "RustCall" fn((&ReBound(DebruijnIndex(0), BoundRegion { var: 0, kind: BrAnon }) addr2line::function::InlinedFunctionAddress, &ReBound(DebruijnIndex(0), BoundRegion { var: 1, kind: BrAnon }) addr2line::function::InlinedFunctionAddress)) - std::cmp::Ordering, [Region(BrAnon), Region(BrAnon)]), ()]),)]), i8, Binder(extern "RustCall" fn((usize,)) - *mut core::slice::sort::TimSortRun, []), ()]), Closure(DefId(5:5465 ~ alloc[484d]::slice::stable_sort::{closure#3}), [addr2line::function::InlinedFunctionAddress, Closure(DefId(5:5384 ~ alloc[484d]::slice::{impl#0}::sort_by::{closure#0}), [addr2line::function::InlinedFunctionAddress, Closure(DefId(39:77 ~ addr2line[9b20]::function::{impl#1}::parse::{closure#0}), [gimli::read::endian_slice::EndianSlice, i16, Binder(extern "RustCall" fn((&ReBound(DebruijnIndex(0), BoundRegion { var: 0, kind: BrAnon }) addr2line::function::InlinedFunctionAddress, &ReBound(DebruijnIndex(0), BoundRegion { var: 1, kind: BrAnon }) addr2line::function::InlinedFunctionAddress)) - std::cmp::Ordering, [Region(BrAnon), Region(BrAnon)]), ()]), i16, Binder(extern "RustCall" fn((&ReBound(DebruijnIndex(0), BoundRegion { var: 0, kind: BrAnon }) addr2line::function::InlinedFunctionAddress, &ReBound(DebruijnIndex(0), BoundRegion { var: 1, kind: BrAnon }) addr2line::function::InlinedFunctionAddress)) - bool, [Region(BrAnon), Region(BrAnon)]), (&ReErased mut Closure(DefId(39:77 ~ addr2line[9b20]::function::{impl#1}::parse::{closure#0}), [gimli::read::endian_slice::EndianSlice, i16, Binder(extern "RustCall" fn((&ReBound(DebruijnIndex(0), BoundRegion { var: 0, kind: BrAnon }) addr2line::function::InlinedFunctionAddress, &ReBound(DebruijnIndex(0), BoundRegion { var: 1, kind: BrAnon }) addr2line::function::InlinedFunctionAddress)) - std::cmp::Ordering, [Region(BrAnon), Region(BrAnon)]), ()]),)]), i8, Binder(extern "RustCall" fn((*mut core::slice::sort::TimSortRun, usize)), []), ()])
3	1	1	1	core::slice::sort::merge_sort::{impl#3}::index *mut core::slice::sort::TimSortRun, []), ()]), Closure(DefId(5:5465 ~ alloc[484d]::slice::stable_sort::{closure#3}), [u32, FnDef(DefId(2:2551 ~ core[3c87]::cmp::PartialOrd::lt), [u32, u32]), i8, Binder(extern "RustCall" fn((*mut core::slice::sort::TimSortRun, usize)), []), ()])
3	1	1	1	config::builder::{impl#3}::add_source
3	1	1	1	core::slice::sort::merge_sort::{impl#3}::index usize, [Region(BrAnon)]), ()]), i16, Binder(extern "RustCall" fn((&ReBound(DebruijnIndex(0), BoundRegion { var: 0, kind: BrAnon }) (usize, std::path::PathBuf), &ReBound(DebruijnIndex(0), BoundRegion { var: 1, kind: BrAnon }) (usize, std::path::PathBuf))) - bool, [Region(BrAnon), Region(BrAnon)]), (&ReErased mut Closure(DefId(160:5092 ~ collection[3b85]::shards::shard_versioning::shards_versions::{closure#0}::{closure#2}), [i16, Binder(extern "RustCall" fn((&ReBound(DebruijnIndex(0), BoundRegion { var: 0, kind: BrAnon }) (usize, std::path::PathBuf),)) - usize, [Region(BrAnon)]), ()]),)]), i8, Binder(extern "RustCall" fn((usize,)) - *mut core::slice::sort::TimSortRun, []), ()]), Closure(DefId(5:5465 ~ alloc[484d]::slice::stable_sort::{closure#3}), [(usize, std::path::PathBuf), Closure(DefId(5:5388 ~ alloc[484d]::slice::{impl#0}::sort_by_key::{closure#0}), [(usize, std::path::PathBuf), usize, Closure(DefId(160:5092 ~ collection[3b85]::shards::shard_versioning::shards_versions::{closure#0}::{closure#2}), [i16, Binder(extern "RustCall" fn((&ReBound(DebruijnIndex(0), BoundRegion { var: 0, kind: BrAnon }) (usize, std::path::PathBuf),)) - usize, [Region(BrAnon)]), ()]), i16, Binder(extern "RustCall" fn((&ReBound(DebruijnIndex(0), BoundRegion { var: 0, kind: BrAnon }) (usize, std::path::PathBuf), &ReBound(DebruijnIndex(0), BoundRegion { var: 1, kind: BrAnon }) (usize, std::path::PathBuf))) - bool, [Region(BrAnon), Region(BrAnon)]), (&ReErased mut Closure(DefId(160:5092 ~ collection[3b85]::shards::shard_versioning::shards_versions::{closure#0}::{closure#2}), [i16, Binder(extern "RustCall" fn((&ReBound(DebruijnIndex(0), BoundRegion { var: 0, kind: BrAnon }) (usize, std::path::PathBuf),)) - usize, [Region(BrAnon)]), ()]),)]), i8, Binder(extern "RustCall" fn((*mut core::slice::sort::TimSortRun, usize)), []), ()])
3	1	1	1	raft::tracker::{impl#9}::voters
3	1	1	1	core::slice::sort::merge_sort::{impl#3}::index std::cmp::Ordering, [Region(BrAnon), Region(BrAnon)]), ()]), i16, Binder(extern "RustCall" fn((&ReBound(DebruijnIndex(0), BoundRegion { var: 0, kind: BrAnon }) wal::ClosedSegment, &ReBound(DebruijnIndex(0), BoundRegion { var: 1, kind: BrAnon }) wal::ClosedSegment)) - bool, [Region(BrAnon), Region(BrAnon)]), (&ReErased mut Closure(DefId(256:210 ~ wal[af11]::{impl#1}::with_options::{closure#0}), [&ReErased str, i16, Binder(extern "RustCall" fn((&ReBound(DebruijnIndex(0), BoundRegion { var: 0, kind: BrAnon }) wal::ClosedSegment, &ReBound(DebruijnIndex(0), BoundRegion { var: 1, kind: BrAnon }) wal::ClosedSegment)) - std::cmp::Ordering, [Region(BrAnon), Region(BrAnon)]), ()]),)]), i8, Binder(extern "RustCall" fn((usize,)) - *mut core::slice::sort::TimSortRun, []), ()]), Closure(DefId(5:5465 ~ alloc[484d]::slice::stable_sort::{closure#3}), [wal::ClosedSegment, Closure(DefId(5:5384 ~ alloc[484d]::slice::{impl#0}::sort_by::{closure#0}), [wal::ClosedSegment, Closure(DefId(256:210 ~ wal[af11]::{impl#1}::with_options::{closure#0}), [&ReErased str, i16, Binder(extern "RustCall" fn((&ReBound(DebruijnIndex(0), BoundRegion { var: 0, kind: BrAnon }) wal::ClosedSegment, &ReBound(DebruijnIndex(0), BoundRegion { var: 1, kind: BrAnon }) wal::ClosedSegment)) - std::cmp::Ordering, [Region(BrAnon), Region(BrAnon)]), ()]), i16, Binder(extern "RustCall" fn((&ReBound(DebruijnIndex(0), BoundRegion { var: 0, kind: BrAnon }) wal::ClosedSegment, &ReBound(DebruijnIndex(0), BoundRegion { var: 1, kind: BrAnon }) wal::ClosedSegment)) - bool, [Region(BrAnon), Region(BrAnon)]), (&ReErased mut Closure(DefId(256:210 ~ wal[af11]::{impl#1}::with_options::{closure#0}), [&ReErased str, i16, Binder(extern "RustCall" fn((&ReBound(DebruijnIndex(0), BoundRegion { var: 0, kind: BrAnon }) wal::ClosedSegment, &ReBound(DebruijnIndex(0), BoundRegion { var: 1, kind: BrAnon }) wal::ClosedSegment)) - std::cmp::Ordering, [Region(BrAnon), Region(BrAnon)]), ()]),)]), i8, Binder(extern "RustCall" fn((*mut core::slice::sort::TimSortRun, usize)), []), ()])
3	1	1	1	core::slice::sort::merge_sort::{impl#3}::index, i16, Binder(extern "RustCall" fn((&ReBound(DebruijnIndex(0), BoundRegion { var: 0, kind: BrAnon }) (usize, std::boxed::Box), &ReBound(DebruijnIndex(0), BoundRegion { var: 1, kind: BrAnon }) (usize, std::boxed::Box))) - std::cmp::Ordering, [Region(BrAnon), Region(BrAnon)]), ()]), i16, Binder(extern "RustCall" fn((&ReBound(DebruijnIndex(0), BoundRegion { var: 0, kind: BrAnon }) (usize, std::boxed::Box), &ReBound(DebruijnIndex(0), BoundRegion { var: 1, kind: BrAnon }) (usize, std::boxed::Box))) - bool, [Region(BrAnon), Region(BrAnon)]), (&ReErased mut Closure(DefId(5:1966 ~ alloc[484d]::collections::btree::map::{impl#78}::from_iter::{closure#0}), [usize, std::boxed::Box, std::iter::Map (usize, std::boxed::Box), []), ()]), i16, Binder(extern "RustCall" fn((&ReBound(DebruijnIndex(0), BoundRegion { var: 0, kind: BrAnon }) (usize, std::boxed::Box), &ReBound(DebruijnIndex(0), BoundRegion { var: 1, kind: BrAnon }) (usize, std::boxed::Box))) - std::cmp::Ordering, [Region(BrAnon), Region(BrAnon)]), ()]),)]), i8, Binder(extern "RustCall" fn((usize,)) - *mut core::slice::sort::TimSortRun, []), ()]), Closure(DefId(5:5465 ~ alloc[484d]::slice::stable_sort::{closure#3}), [(usize, std::boxed::Box), Closure(DefId(5:5384 ~ alloc[484d]::slice::{impl#0}::sort_by::{closure#0}), [(usize, std::boxed::Box), Closure(DefId(5:1966 ~ alloc[484d]::collections::btree::map::{impl#78}::from_iter::{closure#0}), [usize, std::boxed::Box, std::iter::Map (usize, std::boxed::Box), []), ()]), i16, Binder(extern "RustCall" fn((&ReBound(DebruijnIndex(0), BoundRegion { var: 0, kind: BrAnon }) (usize, std::boxed::Box), &ReBound(DebruijnIndex(0), BoundRegion { var: 1, kind: BrAnon }) (usize, std::boxed::Box))) - std::cmp::Ordering, [Region(BrAnon), Region(BrAnon)]), ()]), i16, Binder(extern "RustCall" fn((&ReBound(DebruijnIndex(0), BoundRegion { var: 0, kind: BrAnon }) (usize, std::boxed::Box), &ReBound(DebruijnIndex(0), BoundRegion { var: 1, kind: BrAnon }) (usize, std::boxed::Box))) - bool, [Region(BrAnon), Region(BrAnon)]), (&ReErased mut Closure(DefId(5:1966 ~ alloc[484d]::collections::btree::map::{impl#78}::from_iter::{closure#0}), [usize, std::boxed::Box, std::iter::Map (usize, std::boxed::Box), []), ()]), i16, Binder(extern "RustCall" fn((&ReBound(DebruijnIndex(0), BoundRegion { var: 0, kind: BrAnon }) (usize, std::boxed::Box), &ReBound(DebruijnIndex(0), BoundRegion { var: 1, kind: BrAnon }) (usize, std::boxed::Box))) - std::cmp::Ordering, [Region(BrAnon), Region(BrAnon)]), ()]),)]), i8, Binder(extern "RustCall" fn((*mut core::slice::sort::TimSortRun, usize)), []), ()])
3	1	1	1	core::slice::sort::merge_sort::{impl#3}::index gimli::common::DebugInfoOffset, [Region(BrAnon)]), ()]), i16, Binder(extern "RustCall" fn((&ReBound(DebruijnIndex(0), BoundRegion { var: 0, kind: BrAnon }) (gimli::common::DebugInfoOffset, gimli::common::DebugArangesOffset), &ReBound(DebruijnIndex(0), BoundRegion { var: 1, kind: BrAnon }) (gimli::common::DebugInfoOffset, gimli::common::DebugArangesOffset))) - bool, [Region(BrAnon), Region(BrAnon)]), (&ReErased mut Closure(DefId(39:134 ~ addr2line[9b20]::{impl#1}::parse::{closure#0}), [gimli::read::endian_slice::EndianSlice, i16, Binder(extern "RustCall" fn((&ReBound(DebruijnIndex(0), BoundRegion { var: 0, kind: BrAnon }) (gimli::common::DebugInfoOffset, gimli::common::DebugArangesOffset),)) - gimli::common::DebugInfoOffset, [Region(BrAnon)]), ()]),)]), i8, Binder(extern "RustCall" fn((usize,)) - *mut core::slice::sort::TimSortRun, []), ()]), Closure(DefId(5:5465 ~ alloc[484d]::slice::stable_sort::{closure#3}), [(gimli::common::DebugInfoOffset, gimli::common::DebugArangesOffset), Closure(DefId(5:5388 ~ alloc[484d]::slice::{impl#0}::sort_by_key::{closure#0}), [(gimli::common::DebugInfoOffset, gimli::common::DebugArangesOffset), gimli::common::DebugInfoOffset, Closure(DefId(39:134 ~ addr2line[9b20]::{impl#1}::parse::{closure#0}), [gimli::read::endian_slice::EndianSlice, i16, Binder(extern "RustCall" fn((&ReBound(DebruijnIndex(0), BoundRegion { var: 0, kind: BrAnon }) (gimli::common::DebugInfoOffset, gimli::common::DebugArangesOffset),)) - gimli::common::DebugInfoOffset, [Region(BrAnon)]), ()]), i16, Binder(extern "RustCall" fn((&ReBound(DebruijnIndex(0), BoundRegion { var: 0, kind: BrAnon }) (gimli::common::DebugInfoOffset, gimli::common::DebugArangesOffset), &ReBound(DebruijnIndex(0), BoundRegion { var: 1, kind: BrAnon }) (gimli::common::DebugInfoOffset, gimli::common::DebugArangesOffset))) - bool, [Region(BrAnon), Region(BrAnon)]), (&ReErased mut Closure(DefId(39:134 ~ addr2line[9b20]::{impl#1}::parse::{closure#0}), [gimli::read::endian_slice::EndianSlice, i16, Binder(extern "RustCall" fn((&ReBound(DebruijnIndex(0), BoundRegion { var: 0, kind: BrAnon }) (gimli::common::DebugInfoOffset, gimli::common::DebugArangesOffset),)) - gimli::common::DebugInfoOffset, [Region(BrAnon)]), ()]),)]), i8, Binder(extern "RustCall" fn((*mut core::slice::sort::TimSortRun, usize)), []), ()])
3	1	1	1	core::slice::sort::merge_sort::{impl#3}::index std::cmp::Ordering, [Region(BrAnon), Region(BrAnon)]), ()]), i16, Binder(extern "RustCall" fn((&ReBound(DebruijnIndex(0), BoundRegion { var: 0, kind: BrAnon }) raft::quorum::Index, &ReBound(DebruijnIndex(0), BoundRegion { var: 1, kind: BrAnon }) raft::quorum::Index)) - bool, [Region(BrAnon), Region(BrAnon)]), (&ReErased mut Closure(DefId(322:154 ~ raft[d1b0]::quorum::majority::{impl#1}::committed_index::{closure#0}), [std::collections::HashMap, i16, Binder(extern "RustCall" fn((&ReBound(DebruijnIndex(0), BoundRegion { var: 0, kind: BrAnon }) raft::quorum::Index, &ReBound(DebruijnIndex(0), BoundRegion { var: 1, kind: BrAnon }) raft::quorum::Index)) - std::cmp::Ordering, [Region(BrAnon), Region(BrAnon)]), ()]),)]), i8, Binder(extern "RustCall" fn((usize,)) - *mut core::slice::sort::TimSortRun, []), ()]), Closure(DefId(5:5465 ~ alloc[484d]::slice::stable_sort::{closure#3}), [raft::quorum::Index, Closure(DefId(5:5384 ~ alloc[484d]::slice::{impl#0}::sort_by::{closure#0}), [raft::quorum::Index, Closure(DefId(322:154 ~ raft[d1b0]::quorum::majority::{impl#1}::committed_index::{closure#0}), [std::collections::HashMap, i16, Binder(extern "RustCall" fn((&ReBound(DebruijnIndex(0), BoundRegion { var: 0, kind: BrAnon }) raft::quorum::Index, &ReBound(DebruijnIndex(0), BoundRegion { var: 1, kind: BrAnon }) raft::quorum::Index)) - std::cmp::Ordering, [Region(BrAnon), Region(BrAnon)]), ()]), i16, Binder(extern "RustCall" fn((&ReBound(DebruijnIndex(0), BoundRegion { var: 0, kind: BrAnon }) raft::quorum::Index, &ReBound(DebruijnIndex(0), BoundRegion { var: 1, kind: BrAnon }) raft::quorum::Index)) - bool, [Region(BrAnon), Region(BrAnon)]), (&ReErased mut Closure(DefId(322:154 ~ raft[d1b0]::quorum::majority::{impl#1}::committed_index::{closure#0}), [std::collections::HashMap, i16, Binder(extern "RustCall" fn((&ReBound(DebruijnIndex(0), BoundRegion { var: 0, kind: BrAnon }) raft::quorum::Index, &ReBound(DebruijnIndex(0), BoundRegion { var: 1, kind: BrAnon }) raft::quorum::Index)) - std::cmp::Ordering, [Region(BrAnon), Region(BrAnon)]), ()]),)]), i8, Binder(extern "RustCall" fn((*mut core::slice::sort::TimSortRun, usize)), []), ()])
3	1	1	1	core::slice::sort::merge_sort::{impl#3}::index std::cmp::Ordering, [Region(BrAnon), Region(BrAnon)]), (&ReErased std::vec::Vec,)]), i16, Binder(extern "RustCall" fn((&ReBound(DebruijnIndex(0), BoundRegion { var: 0, kind: BrAnon }) aho_corasick::util::primitives::PatternID, &ReBound(DebruijnIndex(0), BoundRegion { var: 1, kind: BrAnon }) aho_corasick::util::primitives::PatternID)) - bool, [Region(BrAnon), Region(BrAnon)]), (&ReErased mut Closure(DefId(134:773 ~ aho_corasick[cfcf]::packed::pattern::{impl#0}::set_match_kind::{closure#0}), [i16, Binder(extern "RustCall" fn((&ReBound(DebruijnIndex(0), BoundRegion { var: 0, kind: BrAnon }) aho_corasick::util::primitives::PatternID, &ReBound(DebruijnIndex(0), BoundRegion { var: 1, kind: BrAnon }) aho_corasick::util::primitives::PatternID)) - std::cmp::Ordering, [Region(BrAnon), Region(BrAnon)]), (&ReErased std::vec::Vec,)]),)]), i8, Binder(extern "RustCall" fn((usize,)) - *mut core::slice::sort::TimSortRun, []), ()]), Closure(DefId(5:5465 ~ alloc[484d]::slice::stable_sort::{closure#3}), [aho_corasick::util::primitives::PatternID, Closure(DefId(5:5384 ~ alloc[484d]::slice::{impl#0}::sort_by::{closure#0}), [aho_corasick::util::primitives::PatternID, Closure(DefId(134:773 ~ aho_corasick[cfcf]::packed::pattern::{impl#0}::set_match_kind::{closure#0}), [i16, Binder(extern "RustCall" fn((&ReBound(DebruijnIndex(0), BoundRegion { var: 0, kind: BrAnon }) aho_corasick::util::primitives::PatternID, &ReBound(DebruijnIndex(0), BoundRegion { var: 1, kind: BrAnon }) aho_corasick::util::primitives::PatternID)) - std::cmp::Ordering, [Region(BrAnon), Region(BrAnon)]), (&ReErased std::vec::Vec,)]), i16, Binder(extern "RustCall" fn((&ReBound(DebruijnIndex(0), BoundRegion { var: 0, kind: BrAnon }) aho_corasick::util::primitives::PatternID, &ReBound(DebruijnIndex(0), BoundRegion { var: 1, kind: BrAnon }) aho_corasick::util::primitives::PatternID)) - bool, [Region(BrAnon), Region(BrAnon)]), (&ReErased mut Closure(DefId(134:773 ~ aho_corasick[cfcf]::packed::pattern::{impl#0}::set_match_kind::{closure#0}), [i16, Binder(extern "RustCall" fn((&ReBound(DebruijnIndex(0), BoundRegion { var: 0, kind: BrAnon }) aho_corasick::util::primitives::PatternID, &ReBound(DebruijnIndex(0), BoundRegion { var: 1, kind: BrAnon }) aho_corasick::util::primitives::PatternID)) - std::cmp::Ordering, [Region(BrAnon), Region(BrAnon)]), (&ReErased std::vec::Vec,)]),)]), i8, Binder(extern "RustCall" fn((*mut core::slice::sort::TimSortRun, usize)), []), ()])
3	1	1	1	core::slice::sort::merge_sort::{impl#3}::index u64, [Region(BrAnon)]), ()]), i16, Binder(extern "RustCall" fn((&ReBound(DebruijnIndex(0), BoundRegion { var: 0, kind: BrAnon }) addr2line::UnitRange, &ReBound(DebruijnIndex(0), BoundRegion { var: 1, kind: BrAnon }) addr2line::UnitRange)) - bool, [Region(BrAnon), Region(BrAnon)]), (&ReErased mut Closure(DefId(39:139 ~ addr2line[9b20]::{impl#1}::parse::{closure#5}), [gimli::read::endian_slice::EndianSlice, i16, Binder(extern "RustCall" fn((&ReBound(DebruijnIndex(0), BoundRegion { var: 0, kind: BrAnon }) addr2line::UnitRange,)) - u64, [Region(BrAnon)]), ()]),)]), i8, Binder(extern "RustCall" fn((usize,)) - *mut core::slice::sort::TimSortRun, []), ()]), Closure(DefId(5:5465 ~ alloc[484d]::slice::stable_sort::{closure#3}), [addr2line::UnitRange, Closure(DefId(5:5388 ~ alloc[484d]::slice::{impl#0}::sort_by_key::{closure#0}), [addr2line::UnitRange, u64, Closure(DefId(39:139 ~ addr2line[9b20]::{impl#1}::parse::{closure#5}), [gimli::read::endian_slice::EndianSlice, i16, Binder(extern "RustCall" fn((&ReBound(DebruijnIndex(0), BoundRegion { var: 0, kind: BrAnon }) addr2line::UnitRange,)) - u64, [Region(BrAnon)]), ()]), i16, Binder(extern "RustCall" fn((&ReBound(DebruijnIndex(0), BoundRegion { var: 0, kind: BrAnon }) addr2line::UnitRange, &ReBound(DebruijnIndex(0), BoundRegion { var: 1, kind: BrAnon }) addr2line::UnitRange)) - bool, [Region(BrAnon), Region(BrAnon)]), (&ReErased mut Closure(DefId(39:139 ~ addr2line[9b20]::{impl#1}::parse::{closure#5}), [gimli::read::endian_slice::EndianSlice, i16, Binder(extern "RustCall" fn((&ReBound(DebruijnIndex(0), BoundRegion { var: 0, kind: BrAnon }) addr2line::UnitRange,)) - u64, [Region(BrAnon)]), ()]),)]), i8, Binder(extern "RustCall" fn((*mut core::slice::sort::TimSortRun, usize)), []), ()])
3	1	1	1	core::slice::sort::merge_sort::{impl#3}::index std::cmp::Ordering, [Region(BrAnon), Region(BrAnon)]), ()]), i16, Binder(extern "RustCall" fn((&ReBound(DebruijnIndex(0), BoundRegion { var: 0, kind: BrAnon }) wal::OpenSegment, &ReBound(DebruijnIndex(0), BoundRegion { var: 1, kind: BrAnon }) wal::OpenSegment)) - bool, [Region(BrAnon), Region(BrAnon)]), (&ReErased mut Closure(DefId(256:212 ~ wal[af11]::{impl#1}::with_options::{closure#2}), [&ReErased str, i16, Binder(extern "RustCall" fn((&ReBound(DebruijnIndex(0), BoundRegion { var: 0, kind: BrAnon }) wal::OpenSegment, &ReBound(DebruijnIndex(0), BoundRegion { var: 1, kind: BrAnon }) wal::OpenSegment)) - std::cmp::Ordering, [Region(BrAnon), Region(BrAnon)]), ()]),)]), i8, Binder(extern "RustCall" fn((usize,)) - *mut core::slice::sort::TimSortRun, []), ()]), Closure(DefId(5:5465 ~ alloc[484d]::slice::stable_sort::{closure#3}), [wal::OpenSegment, Closure(DefId(5:5384 ~ alloc[484d]::slice::{impl#0}::sort_by::{closure#0}), [wal::OpenSegment, Closure(DefId(256:212 ~ wal[af11]::{impl#1}::with_options::{closure#2}), [&ReErased str, i16, Binder(extern "RustCall" fn((&ReBound(DebruijnIndex(0), BoundRegion { var: 0, kind: BrAnon }) wal::OpenSegment, &ReBound(DebruijnIndex(0), BoundRegion { var: 1, kind: BrAnon }) wal::OpenSegment)) - std::cmp::Ordering, [Region(BrAnon), Region(BrAnon)]), ()]), i16, Binder(extern "RustCall" fn((&ReBound(DebruijnIndex(0), BoundRegion { var: 0, kind: BrAnon }) wal::OpenSegment, &ReBound(DebruijnIndex(0), BoundRegion { var: 1, kind: BrAnon }) wal::OpenSegment)) - bool, [Region(BrAnon), Region(BrAnon)]), (&ReErased mut Closure(DefId(256:212 ~ wal[af11]::{impl#1}::with_options::{closure#2}), [&ReErased str, i16, Binder(extern "RustCall" fn((&ReBound(DebruijnIndex(0), BoundRegion { var: 0, kind: BrAnon }) wal::OpenSegment, &ReBound(DebruijnIndex(0), BoundRegion { var: 1, kind: BrAnon }) wal::OpenSegment)) - std::cmp::Ordering, [Region(BrAnon), Region(BrAnon)]), ()]),)]), i8, Binder(extern "RustCall" fn((*mut core::slice::sort::TimSortRun, usize)), []), ()])
3	1	1	1	core::slice::sort::merge_sort::{impl#3}::index u64, [Region(BrAnon)]), ()]), i16, Binder(extern "RustCall" fn((&ReBound(DebruijnIndex(0), BoundRegion { var: 0, kind: BrAnon }) addr2line::function::FunctionAddress, &ReBound(DebruijnIndex(0), BoundRegion { var: 1, kind: BrAnon }) addr2line::function::FunctionAddress)) - bool, [Region(BrAnon), Region(BrAnon)]), (&ReErased mut Closure(DefId(39:69 ~ addr2line[9b20]::function::{impl#0}::parse::{closure#1}), [gimli::read::endian_slice::EndianSlice, i16, Binder(extern "RustCall" fn((&ReBound(DebruijnIndex(0), BoundRegion { var: 0, kind: BrAnon }) addr2line::function::FunctionAddress,)) - u64, [Region(BrAnon)]), ()]),)]), i8, Binder(extern "RustCall" fn((usize,)) - *mut core::slice::sort::TimSortRun, []), ()]), Closure(DefId(5:5465 ~ alloc[484d]::slice::stable_sort::{closure#3}), [addr2line::function::FunctionAddress, Closure(DefId(5:5388 ~ alloc[484d]::slice::{impl#0}::sort_by_key::{closure#0}), [addr2line::function::FunctionAddress, u64, Closure(DefId(39:69 ~ addr2line[9b20]::function::{impl#0}::parse::{closure#1}), [gimli::read::endian_slice::EndianSlice, i16, Binder(extern "RustCall" fn((&ReBound(DebruijnIndex(0), BoundRegion { var: 0, kind: BrAnon }) addr2line::function::FunctionAddress,)) - u64, [Region(BrAnon)]), ()]), i16, Binder(extern "RustCall" fn((&ReBound(DebruijnIndex(0), BoundRegion { var: 0, kind: BrAnon }) addr2line::function::FunctionAddress, &ReBound(DebruijnIndex(0), BoundRegion { var: 1, kind: BrAnon }) addr2line::function::FunctionAddress)) - bool, [Region(BrAnon), Region(BrAnon)]), (&ReErased mut Closure(DefId(39:69 ~ addr2line[9b20]::function::{impl#0}::parse::{closure#1}), [gimli::read::endian_slice::EndianSlice, i16, Binder(extern "RustCall" fn((&ReBound(DebruijnIndex(0), BoundRegion { var: 0, kind: BrAnon }) addr2line::function::FunctionAddress,)) - u64, [Region(BrAnon)]), ()]),)]), i8, Binder(extern "RustCall" fn((*mut core::slice::sort::TimSortRun, usize)), []), ()])
3	1	1	1	core::slice::sort::merge_sort::{impl#3}::index std::cmp::Ordering, [Region(BrAnon), Region(BrAnon)]), ()]), i16, Binder(extern "RustCall" fn((&ReBound(DebruijnIndex(0), BoundRegion { var: 0, kind: BrAnon }) (f64, std::string::String), &ReBound(DebruijnIndex(0), BoundRegion { var: 1, kind: BrAnon }) (f64, std::string::String))) - bool, [Region(BrAnon), Region(BrAnon)]), (&ReErased mut Closure(DefId(386:2391 ~ clap_builder[dc8a]::parser::features::suggestions::did_you_mean::{closure#2}), [&ReErased std::string::String, std::slice::Iter, i16, Binder(extern "RustCall" fn((&ReBound(DebruijnIndex(0), BoundRegion { var: 0, kind: BrAnon }) (f64, std::string::String), &ReBound(DebruijnIndex(0), BoundRegion { var: 1, kind: BrAnon }) (f64, std::string::String))) - std::cmp::Ordering, [Region(BrAnon), Region(BrAnon)]), ()]),)]), i8, Binder(extern "RustCall" fn((usize,)) - *mut core::slice::sort::TimSortRun, []), ()]), Closure(DefId(5:5465 ~ alloc[484d]::slice::stable_sort::{closure#3}), [(f64, std::string::String), Closure(DefId(5:5384 ~ alloc[484d]::slice::{impl#0}::sort_by::{closure#0}), [(f64, std::string::String), Closure(DefId(386:2391 ~ clap_builder[dc8a]::parser::features::suggestions::did_you_mean::{closure#2}), [&ReErased std::string::String, std::slice::Iter, i16, Binder(extern "RustCall" fn((&ReBound(DebruijnIndex(0), BoundRegion { var: 0, kind: BrAnon }) (f64, std::string::String), &ReBound(DebruijnIndex(0), BoundRegion { var: 1, kind: BrAnon }) (f64, std::string::String))) - std::cmp::Ordering, [Region(BrAnon), Region(BrAnon)]), ()]), i16, Binder(extern "RustCall" fn((&ReBound(DebruijnIndex(0), BoundRegion { var: 0, kind: BrAnon }) (f64, std::string::String), &ReBound(DebruijnIndex(0), BoundRegion { var: 1, kind: BrAnon }) (f64, std::string::String))) - bool, [Region(BrAnon), Region(BrAnon)]), (&ReErased mut Closure(DefId(386:2391 ~ clap_builder[dc8a]::parser::features::suggestions::did_you_mean::{closure#2}), [&ReErased std::string::String, std::slice::Iter, i16, Binder(extern "RustCall" fn((&ReBound(DebruijnIndex(0), BoundRegion { var: 0, kind: BrAnon }) (f64, std::string::String), &ReBound(DebruijnIndex(0), BoundRegion { var: 1, kind: BrAnon }) (f64, std::string::String))) - std::cmp::Ordering, [Region(BrAnon), Region(BrAnon)]), ()]),)]), i8, Binder(extern "RustCall" fn((*mut core::slice::sort::TimSortRun, usize)), []), ()])
3	1	1	1	core::slice::sort::merge_sort::{impl#3}::index *mut core::slice::sort::TimSortRun, []), ()]), Closure(DefId(5:5465 ~ alloc[484d]::slice::stable_sort::{closure#3}), [json5::de::Rule, FnDef(DefId(2:2551 ~ core[3c87]::cmp::PartialOrd::lt), [json5::de::Rule, json5::de::Rule]), i8, Binder(extern "RustCall" fn((*mut core::slice::sort::TimSortRun, usize)), []), ()])
3	1	1	1	core::slice::sort::merge_sort::{impl#3}::index std::cmp::Ordering, [Region(BrAnon), Region(BrAnon)]), ()]), i16, Binder(extern "RustCall" fn((&ReBound(DebruijnIndex(0), BoundRegion { var: 0, kind: BrAnon }) wal::ClosedSegment, &ReBound(DebruijnIndex(0), BoundRegion { var: 1, kind: BrAnon }) wal::ClosedSegment)) - bool, [Region(BrAnon), Region(BrAnon)]), (&ReErased mut Closure(DefId(256:210 ~ wal[af11]::{impl#1}::with_options::{closure#0}), [std::path::PathBuf, i16, Binder(extern "RustCall" fn((&ReBound(DebruijnIndex(0), BoundRegion { var: 0, kind: BrAnon }) wal::ClosedSegment, &ReBound(DebruijnIndex(0), BoundRegion { var: 1, kind: BrAnon }) wal::ClosedSegment)) - std::cmp::Ordering, [Region(BrAnon), Region(BrAnon)]), ()]),)]), i8, Binder(extern "RustCall" fn((usize,)) - *mut core::slice::sort::TimSortRun, []), ()]), Closure(DefId(5:5465 ~ alloc[484d]::slice::stable_sort::{closure#3}), [wal::ClosedSegment, Closure(DefId(5:5384 ~ alloc[484d]::slice::{impl#0}::sort_by::{closure#0}), [wal::ClosedSegment, Closure(DefId(256:210 ~ wal[af11]::{impl#1}::with_options::{closure#0}), [std::path::PathBuf, i16, Binder(extern "RustCall" fn((&ReBound(DebruijnIndex(0), BoundRegion { var: 0, kind: BrAnon }) wal::ClosedSegment, &ReBound(DebruijnIndex(0), BoundRegion { var: 1, kind: BrAnon }) wal::ClosedSegment)) - std::cmp::Ordering, [Region(BrAnon), Region(BrAnon)]), ()]), i16, Binder(extern "RustCall" fn((&ReBound(DebruijnIndex(0), BoundRegion { var: 0, kind: BrAnon }) wal::ClosedSegment, &ReBound(DebruijnIndex(0), BoundRegion { var: 1, kind: BrAnon }) wal::ClosedSegment)) - bool, [Region(BrAnon), Region(BrAnon)]), (&ReErased mut Closure(DefId(256:210 ~ wal[af11]::{impl#1}::with_options::{closure#0}), [std::path::PathBuf, i16, Binder(extern "RustCall" fn((&ReBound(DebruijnIndex(0), BoundRegion { var: 0, kind: BrAnon }) wal::ClosedSegment, &ReBound(DebruijnIndex(0), BoundRegion { var: 1, kind: BrAnon }) wal::ClosedSegment)) - std::cmp::Ordering, [Region(BrAnon), Region(BrAnon)]), ()]),)]), i8, Binder(extern "RustCall" fn((*mut core::slice::sort::TimSortRun, usize)), []), ()])
3	1	1	1	core::slice::sort::merge_sort::{impl#3}::index usize, [Region(BrAnon)]), ()]), i16, Binder(extern "RustCall" fn((&ReBound(DebruijnIndex(0), BoundRegion { var: 0, kind: BrAnon }) (usize, usize), &ReBound(DebruijnIndex(0), BoundRegion { var: 1, kind: BrAnon }) (usize, usize))) - bool, [Region(BrAnon), Region(BrAnon)]), (&ReErased mut Closure(DefId(160:953 ~ collection[3b85]::collection_manager::optimizers::merge_optimizer::{impl#1}::check_condition::{closure#2}), [i16, Binder(extern "RustCall" fn((&ReBound(DebruijnIndex(0), BoundRegion { var: 0, kind: BrAnon }) (usize, usize),)) - usize, [Region(BrAnon)]), ()]),)]), i8, Binder(extern "RustCall" fn((usize,)) - *mut core::slice::sort::TimSortRun, []), ()]), Closure(DefId(5:5465 ~ alloc[484d]::slice::stable_sort::{closure#3}), [(usize, usize), Closure(DefId(5:5388 ~ alloc[484d]::slice::{impl#0}::sort_by_key::{closure#0}), [(usize, usize), usize, Closure(DefId(160:953 ~ collection[3b85]::collection_manager::optimizers::merge_optimizer::{impl#1}::check_condition::{closure#2}), [i16, Binder(extern "RustCall" fn((&ReBound(DebruijnIndex(0), BoundRegion { var: 0, kind: BrAnon }) (usize, usize),)) - usize, [Region(BrAnon)]), ()]), i16, Binder(extern "RustCall" fn((&ReBound(DebruijnIndex(0), BoundRegion { var: 0, kind: BrAnon }) (usize, usize), &ReBound(DebruijnIndex(0), BoundRegion { var: 1, kind: BrAnon }) (usize, usize))) - bool, [Region(BrAnon), Region(BrAnon)]), (&ReErased mut Closure(DefId(160:953 ~ collection[3b85]::collection_manager::optimizers::merge_optimizer::{impl#1}::check_condition::{closure#2}), [i16, Binder(extern "RustCall" fn((&ReBound(DebruijnIndex(0), BoundRegion { var: 0, kind: BrAnon }) (usize, usize),)) - usize, [Region(BrAnon)]), ()]),)]), i8, Binder(extern "RustCall" fn((*mut core::slice::sort::TimSortRun, usize)), []), ()])
3	1	1	1	core::slice::sort::merge_sort::{impl#3}::index usize, [Region(BrAnon)]), ()]), i16, Binder(extern "RustCall" fn((&ReBound(DebruijnIndex(0), BoundRegion { var: 0, kind: BrAnon }) regex_automata::minimize::StateSet, &ReBound(DebruijnIndex(0), BoundRegion { var: 1, kind: BrAnon }) regex_automata::minimize::StateSet)) - bool, [Region(BrAnon), Region(BrAnon)]), (&ReErased mut Closure(DefId(380:441 ~ regex_automata[9239]::minimize::{impl#1}::initial_partitions::{closure#0}), [ReErased, usize, i16, Binder(extern "RustCall" fn((&ReBound(DebruijnIndex(0), BoundRegion { var: 0, kind: BrAnon }) regex_automata::minimize::StateSet,)) - usize, [Region(BrAnon)]), ()]),)]), i8, Binder(extern "RustCall" fn((usize,)) - *mut core::slice::sort::TimSortRun, []), ()]), Closure(DefId(5:5465 ~ alloc[484d]::slice::stable_sort::{closure#3}), [regex_automata::minimize::StateSet, Closure(DefId(5:5388 ~ alloc[484d]::slice::{impl#0}::sort_by_key::{closure#0}), [regex_automata::minimize::StateSet, usize, Closure(DefId(380:441 ~ regex_automata[9239]::minimize::{impl#1}::initial_partitions::{closure#0}), [ReErased, usize, i16, Binder(extern "RustCall" fn((&ReBound(DebruijnIndex(0), BoundRegion { var: 0, kind: BrAnon }) regex_automata::minimize::StateSet,)) - usize, [Region(BrAnon)]), ()]), i16, Binder(extern "RustCall" fn((&ReBound(DebruijnIndex(0), BoundRegion { var: 0, kind: BrAnon }) regex_automata::minimize::StateSet, &ReBound(DebruijnIndex(0), BoundRegion { var: 1, kind: BrAnon }) regex_automata::minimize::StateSet)) - bool, [Region(BrAnon), Region(BrAnon)]), (&ReErased mut Closure(DefId(380:441 ~ regex_automata[9239]::minimize::{impl#1}::initial_partitions::{closure#0}), [ReErased, usize, i16, Binder(extern "RustCall" fn((&ReBound(DebruijnIndex(0), BoundRegion { var: 0, kind: BrAnon }) regex_automata::minimize::StateSet,)) - usize, [Region(BrAnon)]), ()]),)]), i8, Binder(extern "RustCall" fn((*mut core::slice::sort::TimSortRun, usize)), []), ()])
3	1	1	1	core::slice::sort::merge_sort::{impl#3}::index u64, [Region(BrAnon)]), ()]), i16, Binder(extern "RustCall" fn((&ReBound(DebruijnIndex(0), BoundRegion { var: 0, kind: BrAnon }) addr2line::LineSequence, &ReBound(DebruijnIndex(0), BoundRegion { var: 1, kind: BrAnon }) addr2line::LineSequence)) - bool, [Region(BrAnon), Region(BrAnon)]), (&ReErased mut Closure(DefId(39:149 ~ addr2line[9b20]::{impl#2}::parse::{closure#1}), [gimli::read::endian_slice::EndianSlice, i16, Binder(extern "RustCall" fn((&ReBound(DebruijnIndex(0), BoundRegion { var: 0, kind: BrAnon }) addr2line::LineSequence,)) - u64, [Region(BrAnon)]), ()]),)]), i8, Binder(extern "RustCall" fn((usize,)) - *mut core::slice::sort::TimSortRun, []), ()]), Closure(DefId(5:5465 ~ alloc[484d]::slice::stable_sort::{closure#3}), [addr2line::LineSequence, Closure(DefId(5:5388 ~ alloc[484d]::slice::{impl#0}::sort_by_key::{closure#0}), [addr2line::LineSequence, u64, Closure(DefId(39:149 ~ addr2line[9b20]::{impl#2}::parse::{closure#1}), [gimli::read::endian_slice::EndianSlice, i16, Binder(extern "RustCall" fn((&ReBound(DebruijnIndex(0), BoundRegion { var: 0, kind: BrAnon }) addr2line::LineSequence,)) - u64, [Region(BrAnon)]), ()]), i16, Binder(extern "RustCall" fn((&ReBound(DebruijnIndex(0), BoundRegion { var: 0, kind: BrAnon }) addr2line::LineSequence, &ReBound(DebruijnIndex(0), BoundRegion { var: 1, kind: BrAnon }) addr2line::LineSequence)) - bool, [Region(BrAnon), Region(BrAnon)]), (&ReErased mut Closure(DefId(39:149 ~ addr2line[9b20]::{impl#2}::parse::{closure#1}), [gimli::read::endian_slice::EndianSlice, i16, Binder(extern "RustCall" fn((&ReBound(DebruijnIndex(0), BoundRegion { var: 0, kind: BrAnon }) addr2line::LineSequence,)) - u64, [Region(BrAnon)]), ()]),)]), i8, Binder(extern "RustCall" fn((*mut core::slice::sort::TimSortRun, usize)), []), ()])
3	1	1	1	core::slice::sort::merge_sort::{impl#3}::index std::cmp::Ordering, [Region(BrAnon), Region(BrAnon)]), ()]), i16, Binder(extern "RustCall" fn((&ReBound(DebruijnIndex(0), BoundRegion { var: 0, kind: BrAnon }) (usize, &ReErased str, &ReErased clap::Command), &ReBound(DebruijnIndex(0), BoundRegion { var: 1, kind: BrAnon }) (usize, &ReErased str, &ReErased clap::Command))) - bool, [Region(BrAnon), Region(BrAnon)]), (&ReErased mut Closure(DefId(386:2585 ~ clap_builder[dc8a]::output::help_template::{impl#4}::write_flat_subcommands::{closure#1}), [ReErased, ReErased, i16, Binder(extern "RustCall" fn((&ReBound(DebruijnIndex(0), BoundRegion { var: 0, kind: BrAnon }) (usize, &ReErased str, &ReErased clap::Command), &ReBound(DebruijnIndex(0), BoundRegion { var: 1, kind: BrAnon }) (usize, &ReErased str, &ReErased clap::Command))) - std::cmp::Ordering, [Region(BrAnon), Region(BrAnon)]), ()]),)]), i8, Binder(extern "RustCall" fn((usize,)) - *mut core::slice::sort::TimSortRun, []), ()]), Closure(DefId(5:5465 ~ alloc[484d]::slice::stable_sort::{closure#3}), [(usize, &ReErased str, &ReErased clap::Command), Closure(DefId(5:5384 ~ alloc[484d]::slice::{impl#0}::sort_by::{closure#0}), [(usize, &ReErased str, &ReErased clap::Command), Closure(DefId(386:2585 ~ clap_builder[dc8a]::output::help_template::{impl#4}::write_flat_subcommands::{closure#1}), [ReErased, ReErased, i16, Binder(extern "RustCall" fn((&ReBound(DebruijnIndex(0), BoundRegion { var: 0, kind: BrAnon }) (usize, &ReErased str, &ReErased clap::Command), &ReBound(DebruijnIndex(0), BoundRegion { var: 1, kind: BrAnon }) (usize, &ReErased str, &ReErased clap::Command))) - std::cmp::Ordering, [Region(BrAnon), Region(BrAnon)]), ()]), i16, Binder(extern "RustCall" fn((&ReBound(DebruijnIndex(0), BoundRegion { var: 0, kind: BrAnon }) (usize, &ReErased str, &ReErased clap::Command), &ReBound(DebruijnIndex(0), BoundRegion { var: 1, kind: BrAnon }) (usize, &ReErased str, &ReErased clap::Command))) - bool, [Region(BrAnon), Region(BrAnon)]), (&ReErased mut Closure(DefId(386:2585 ~ clap_builder[dc8a]::output::help_template::{impl#4}::write_flat_subcommands::{closure#1}), [ReErased, ReErased, i16, Binder(extern "RustCall" fn((&ReBound(DebruijnIndex(0), BoundRegion { var: 0, kind: BrAnon }) (usize, &ReErased str, &ReErased clap::Command), &ReBound(DebruijnIndex(0), BoundRegion { var: 1, kind: BrAnon }) (usize, &ReErased str, &ReErased clap::Command))) - std::cmp::Ordering, [Region(BrAnon), Region(BrAnon)]), ()]),)]), i8, Binder(extern "RustCall" fn((*mut core::slice::sort::TimSortRun, usize)), []), ()])
3	1	1	1	core::slice::sort::merge_sort::{impl#3}::index std::cmp::Ordering, [Region(BrAnon), Region(BrAnon)]), ()]), i16, Binder(extern "RustCall" fn((&ReBound(DebruijnIndex(0), BoundRegion { var: 0, kind: BrAnon }) ((usize, std::string::String), &ReErased clap::Arg), &ReBound(DebruijnIndex(0), BoundRegion { var: 1, kind: BrAnon }) ((usize, std::string::String), &ReErased clap::Arg))) - bool, [Region(BrAnon), Region(BrAnon)]), (&ReErased mut Closure(DefId(386:2548 ~ clap_builder[dc8a]::output::help_template::{impl#3}::write_args::{closure#1}), [ReErased, ReErased, i16, Binder(extern "RustCall" fn((&ReBound(DebruijnIndex(0), BoundRegion { var: 0, kind: BrAnon }) ((usize, std::string::String), &ReErased clap::Arg), &ReBound(DebruijnIndex(0), BoundRegion { var: 1, kind: BrAnon }) ((usize, std::string::String), &ReErased clap::Arg))) - std::cmp::Ordering, [Region(BrAnon), Region(BrAnon)]), ()]),)]), i8, Binder(extern "RustCall" fn((usize,)) - *mut core::slice::sort::TimSortRun, []), ()]), Closure(DefId(5:5465 ~ alloc[484d]::slice::stable_sort::{closure#3}), [((usize, std::string::String), &ReErased clap::Arg), Closure(DefId(5:5384 ~ alloc[484d]::slice::{impl#0}::sort_by::{closure#0}), [((usize, std::string::String), &ReErased clap::Arg), Closure(DefId(386:2548 ~ clap_builder[dc8a]::output::help_template::{impl#3}::write_args::{closure#1}), [ReErased, ReErased, i16, Binder(extern "RustCall" fn((&ReBound(DebruijnIndex(0), BoundRegion { var: 0, kind: BrAnon }) ((usize, std::string::String), &ReErased clap::Arg), &ReBound(DebruijnIndex(0), BoundRegion { var: 1, kind: BrAnon }) ((usize, std::string::String), &ReErased clap::Arg))) - std::cmp::Ordering, [Region(BrAnon), Region(BrAnon)]), ()]), i16, Binder(extern "RustCall" fn((&ReBound(DebruijnIndex(0), BoundRegion { var: 0, kind: BrAnon }) ((usize, std::string::String), &ReErased clap::Arg), &ReBound(DebruijnIndex(0), BoundRegion { var: 1, kind: BrAnon }) ((usize, std::string::String), &ReErased clap::Arg))) - bool, [Region(BrAnon), Region(BrAnon)]), (&ReErased mut Closure(DefId(386:2548 ~ clap_builder[dc8a]::output::help_template::{impl#3}::write_args::{closure#1}), [ReErased, ReErased, i16, Binder(extern "RustCall" fn((&ReBound(DebruijnIndex(0), BoundRegion { var: 0, kind: BrAnon }) ((usize, std::string::String), &ReErased clap::Arg), &ReBound(DebruijnIndex(0), BoundRegion { var: 1, kind: BrAnon }) ((usize, std::string::String), &ReErased clap::Arg))) - std::cmp::Ordering, [Region(BrAnon), Region(BrAnon)]), ()]),)]), i8, Binder(extern "RustCall" fn((*mut core::slice::sort::TimSortRun, usize)), []), ()])
3	1	1	1	core::slice::sort::merge_sort::{impl#3}::index u8, [Region(BrAnon)]), ()]), i16, Binder(extern "RustCall" fn((&ReBound(DebruijnIndex(0), BoundRegion { var: 0, kind: BrAnon }) (u8, char), &ReBound(DebruijnIndex(0), BoundRegion { var: 1, kind: BrAnon }) (u8, char))) - bool, [Region(BrAnon), Region(BrAnon)]), (&ReErased mut Closure(DefId(144:43 ~ unicode_normalization[b3a8]::decompose::{impl#0}::sort_pending::{closure#0}), [idna::uts46::Mapper, i16, Binder(extern "RustCall" fn((&ReBound(DebruijnIndex(0), BoundRegion { var: 0, kind: BrAnon }) (u8, char),)) - u8, [Region(BrAnon)]), ()]),)]), i8, Binder(extern "RustCall" fn((usize,)) - *mut core::slice::sort::TimSortRun, []), ()]), Closure(DefId(5:5465 ~ alloc[484d]::slice::stable_sort::{closure#3}), [(u8, char), Closure(DefId(5:5388 ~ alloc[484d]::slice::{impl#0}::sort_by_key::{closure#0}), [(u8, char), u8, Closure(DefId(144:43 ~ unicode_normalization[b3a8]::decompose::{impl#0}::sort_pending::{closure#0}), [idna::uts46::Mapper, i16, Binder(extern "RustCall" fn((&ReBound(DebruijnIndex(0), BoundRegion { var: 0, kind: BrAnon }) (u8, char),)) - u8, [Region(BrAnon)]), ()]), i16, Binder(extern "RustCall" fn((&ReBound(DebruijnIndex(0), BoundRegion { var: 0, kind: BrAnon }) (u8, char), &ReBound(DebruijnIndex(0), BoundRegion { var: 1, kind: BrAnon }) (u8, char))) - bool, [Region(BrAnon), Region(BrAnon)]), (&ReErased mut Closure(DefId(144:43 ~ unicode_normalization[b3a8]::decompose::{impl#0}::sort_pending::{closure#0}), [idna::uts46::Mapper, i16, Binder(extern "RustCall" fn((&ReBound(DebruijnIndex(0), BoundRegion { var: 0, kind: BrAnon }) (u8, char),)) - u8, [Region(BrAnon)]), ()]),)]), i8, Binder(extern "RustCall" fn((*mut core::slice::sort::TimSortRun, usize)), []), ()])
3	1	1	1	core::slice::sort::merge_sort::{impl#3}::index std::option::Option, []), ()]), i16, Binder(extern "RustCall" fn((&ReBound(DebruijnIndex(0), BoundRegion { var: 0, kind: BrAnon }) (usize, std::boxed::Box), &ReBound(DebruijnIndex(0), BoundRegion { var: 1, kind: BrAnon }) (usize, std::boxed::Box))) - std::cmp::Ordering, [Region(BrAnon), Region(BrAnon)]), ()]), i16, Binder(extern "RustCall" fn((&ReBound(DebruijnIndex(0), BoundRegion { var: 0, kind: BrAnon }) (usize, std::boxed::Box), &ReBound(DebruijnIndex(0), BoundRegion { var: 1, kind: BrAnon }) (usize, std::boxed::Box))) - bool, [Region(BrAnon), Region(BrAnon)]), (&ReErased mut Closure(DefId(5:1966 ~ alloc[484d]::collections::btree::map::{impl#78}::from_iter::{closure#0}), [usize, std::boxed::Box, std::iter::FilterMap, Closure(DefId(152:154 ~ validator[a691]::types::{impl#2}::merge_all::{closure#1}), [i16, Binder(extern "RustCall" fn(((usize, std::option::Option),)) - std::option::Option, []), ()]), i16, Binder(extern "RustCall" fn((&ReBound(DebruijnIndex(0), BoundRegion { var: 0, kind: BrAnon }) (usize, std::boxed::Box), &ReBound(DebruijnIndex(0), BoundRegion { var: 1, kind: BrAnon }) (usize, std::boxed::Box))) - std::cmp::Ordering, [Region(BrAnon), Region(BrAnon)]), ()]),)]), i8, Binder(extern "RustCall" fn((usize,)) - *mut core::slice::sort::TimSortRun, []), ()]), Closure(DefId(5:5465 ~ alloc[484d]::slice::stable_sort::{closure#3}), [(usize, std::boxed::Box), Closure(DefId(5:5384 ~ alloc[484d]::slice::{impl#0}::sort_by::{closure#0}), [(usize, std::boxed::Box), Closure(DefId(5:1966 ~ alloc[484d]::collections::btree::map::{impl#78}::from_iter::{closure#0}), [usize, std::boxed::Box, std::iter::FilterMap, Closure(DefId(152:154 ~ validator[a691]::types::{impl#2}::merge_all::{closure#1}), [i16, Binder(extern "RustCall" fn(((usize, std::option::Option),)) - std::option::Option, []), ()]), i16, Binder(extern "RustCall" fn((&ReBound(DebruijnIndex(0), BoundRegion { var: 0, kind: BrAnon }) (usize, std::boxed::Box), &ReBound(DebruijnIndex(0), BoundRegion { var: 1, kind: BrAnon }) (usize, std::boxed::Box))) - std::cmp::Ordering, [Region(BrAnon), Region(BrAnon)]), ()]), i16, Binder(extern "RustCall" fn((&ReBound(DebruijnIndex(0), BoundRegion { var: 0, kind: BrAnon }) (usize, std::boxed::Box), &ReBound(DebruijnIndex(0), BoundRegion { var: 1, kind: BrAnon }) (usize, std::boxed::Box))) - bool, [Region(BrAnon), Region(BrAnon)]), (&ReErased mut Closure(DefId(5:1966 ~ alloc[484d]::collections::btree::map::{impl#78}::from_iter::{closure#0}), [usize, std::boxed::Box, std::iter::FilterMap, Closure(DefId(152:154 ~ validator[a691]::types::{impl#2}::merge_all::{closure#1}), [i16, Binder(extern "RustCall" fn(((usize, std::option::Option),)) - std::option::Option, []), ()]), i16, Binder(extern "RustCall" fn((&ReBound(DebruijnIndex(0), BoundRegion { var: 0, kind: BrAnon }) (usize, std::boxed::Box), &ReBound(DebruijnIndex(0), BoundRegion { var: 1, kind: BrAnon }) (usize, std::boxed::Box))) - std::cmp::Ordering, [Region(BrAnon), Region(BrAnon)]), ()]),)]), i8, Binder(extern "RustCall" fn((*mut core::slice::sort::TimSortRun, usize)), []), ()])
3	1	1	1	core::slice::sort::merge_sort::{impl#3}::index, &ReErased str, std::slice::IterMut, i16, Binder(extern "RustCall" fn((&ReErased clap_builder::mkeymap::KeyType,)) - std::option::Option, []), ()]), i16, Binder(extern "RustCall" fn((&ReBound(DebruijnIndex(0), BoundRegion { var: 0, kind: BrAnon }) (f64, std::string::String), &ReBound(DebruijnIndex(0), BoundRegion { var: 1, kind: BrAnon }) (f64, std::string::String))) - std::cmp::Ordering, [Region(BrAnon), Region(BrAnon)]), ()]), i16, Binder(extern "RustCall" fn((&ReBound(DebruijnIndex(0), BoundRegion { var: 0, kind: BrAnon }) (f64, std::string::String), &ReBound(DebruijnIndex(0), BoundRegion { var: 1, kind: BrAnon }) (f64, std::string::String))) - bool, [Region(BrAnon), Region(BrAnon)]), (&ReErased mut Closure(DefId(386:2391 ~ clap_builder[dc8a]::parser::features::suggestions::did_you_mean::{closure#2}), [std::string::String, std::iter::FilterMap, Closure(DefId(386:2400 ~ clap_builder[dc8a]::parser::features::suggestions::did_you_mean_flag::{closure#0}::{closure#0}), [ReErased, ReErased, std::iter::Map &ReErased str, []), ()]), &ReErased str, std::slice::IterMut, i16, Binder(extern "RustCall" fn((&ReErased clap_builder::mkeymap::KeyType,)) - std::option::Option, []), ()]), i16, Binder(extern "RustCall" fn((&ReBound(DebruijnIndex(0), BoundRegion { var: 0, kind: BrAnon }) (f64, std::string::String), &ReBound(DebruijnIndex(0), BoundRegion { var: 1, kind: BrAnon }) (f64, std::string::String))) - std::cmp::Ordering, [Region(BrAnon), Region(BrAnon)]), ()]),)]), i8, Binder(extern "RustCall" fn((usize,)) - *mut core::slice::sort::TimSortRun, []), ()]), Closure(DefId(5:5465 ~ alloc[484d]::slice::stable_sort::{closure#3}), [(f64, std::string::String), Closure(DefId(5:5384 ~ alloc[484d]::slice::{impl#0}::sort_by::{closure#0}), [(f64, std::string::String), Closure(DefId(386:2391 ~ clap_builder[dc8a]::parser::features::suggestions::did_you_mean::{closure#2}), [std::string::String, std::iter::FilterMap, Closure(DefId(386:2400 ~ clap_builder[dc8a]::parser::features::suggestions::did_you_mean_flag::{closure#0}::{closure#0}), [ReErased, ReErased, std::iter::Map &ReErased str, []), ()]), &ReErased str, std::slice::IterMut, i16, Binder(extern "RustCall" fn((&ReErased clap_builder::mkeymap::KeyType,)) - std::option::Option, []), ()]), i16, Binder(extern "RustCall" fn((&ReBound(DebruijnIndex(0), BoundRegion { var: 0, kind: BrAnon }) (f64, std::string::String), &ReBound(DebruijnIndex(0), BoundRegion { var: 1, kind: BrAnon }) (f64, std::string::String))) - std::cmp::Ordering, [Region(BrAnon), Region(BrAnon)]), ()]), i16, Binder(extern "RustCall" fn((&ReBound(DebruijnIndex(0), BoundRegion { var: 0, kind: BrAnon }) (f64, std::string::String), &ReBound(DebruijnIndex(0), BoundRegion { var: 1, kind: BrAnon }) (f64, std::string::String))) - bool, [Region(BrAnon), Region(BrAnon)]), (&ReErased mut Closure(DefId(386:2391 ~ clap_builder[dc8a]::parser::features::suggestions::did_you_mean::{closure#2}), [std::string::String, std::iter::FilterMap, Closure(DefId(386:2400 ~ clap_builder[dc8a]::parser::features::suggestions::did_you_mean_flag::{closure#0}::{closure#0}), [ReErased, ReErased, std::iter::Map &ReErased str, []), ()]), &ReErased str, std::slice::IterMut, i16, Binder(extern "RustCall" fn((&ReErased clap_builder::mkeymap::KeyType,)) - std::option::Option, []), ()]), i16, Binder(extern "RustCall" fn((&ReBound(DebruijnIndex(0), BoundRegion { var: 0, kind: BrAnon }) (f64, std::string::String), &ReBound(DebruijnIndex(0), BoundRegion { var: 1, kind: BrAnon }) (f64, std::string::String))) - std::cmp::Ordering, [Region(BrAnon), Region(BrAnon)]), ()]),)]), i8, Binder(extern "RustCall" fn((*mut core::slice::sort::TimSortRun, usize)), []), ()])
3	1	1	1	core::slice::sort::merge_sort::{impl#3}::index, i16, Binder(extern "RustCall" fn((&ReBound(DebruijnIndex(0), BoundRegion { var: 0, kind: BrAnon }) (usize, parking_lot::lock_api::RwLockReadGuard), &ReBound(DebruijnIndex(0), BoundRegion { var: 1, kind: BrAnon }) (usize, parking_lot::lock_api::RwLockReadGuard))) - std::cmp::Ordering, [Region(BrAnon), Region(BrAnon)]), ()]), i16, Binder(extern "RustCall" fn((&ReBound(DebruijnIndex(0), BoundRegion { var: 0, kind: BrAnon }) (usize, parking_lot::lock_api::RwLockReadGuard), &ReBound(DebruijnIndex(0), BoundRegion { var: 1, kind: BrAnon }) (usize, parking_lot::lock_api::RwLockReadGuard))) - bool, [Region(BrAnon), Region(BrAnon)]), (&ReErased mut Closure(DefId(5:1966 ~ alloc[484d]::collections::btree::map::{impl#78}::from_iter::{closure#0}), [usize, parking_lot::lock_api::RwLockReadGuard, std::iter::Map (usize, parking_lot::lock_api::RwLockReadGuard), []), ()]), i16, Binder(extern "RustCall" fn((&ReBound(DebruijnIndex(0), BoundRegion { var: 0, kind: BrAnon }) (usize, parking_lot::lock_api::RwLockReadGuard), &ReBound(DebruijnIndex(0), BoundRegion { var: 1, kind: BrAnon }) (usize, parking_lot::lock_api::RwLockReadGuard))) - std::cmp::Ordering, [Region(BrAnon), Region(BrAnon)]), ()]),)]), i8, Binder(extern "RustCall" fn((usize,)) - *mut core::slice::sort::TimSortRun, []), ()]), Closure(DefId(5:5465 ~ alloc[484d]::slice::stable_sort::{closure#3}), [(usize, parking_lot::lock_api::RwLockReadGuard), Closure(DefId(5:5384 ~ alloc[484d]::slice::{impl#0}::sort_by::{closure#0}), [(usize, parking_lot::lock_api::RwLockReadGuard), Closure(DefId(5:1966 ~ alloc[484d]::collections::btree::map::{impl#78}::from_iter::{closure#0}), [usize, parking_lot::lock_api::RwLockReadGuard, std::iter::Map (usize, parking_lot::lock_api::RwLockReadGuard), []), ()]), i16, Binder(extern "RustCall" fn((&ReBound(DebruijnIndex(0), BoundRegion { var: 0, kind: BrAnon }) (usize, parking_lot::lock_api::RwLockReadGuard), &ReBound(DebruijnIndex(0), BoundRegion { var: 1, kind: BrAnon }) (usize, parking_lot::lock_api::RwLockReadGuard))) - std::cmp::Ordering, [Region(BrAnon), Region(BrAnon)]), ()]), i16, Binder(extern "RustCall" fn((&ReBound(DebruijnIndex(0), BoundRegion { var: 0, kind: BrAnon }) (usize, parking_lot::lock_api::RwLockReadGuard), &ReBound(DebruijnIndex(0), BoundRegion { var: 1, kind: BrAnon }) (usize, parking_lot::lock_api::RwLockReadGuard))) - bool, [Region(BrAnon), Region(BrAnon)]), (&ReErased mut Closure(DefId(5:1966 ~ alloc[484d]::collections::btree::map::{impl#78}::from_iter::{closure#0}), [usize, parking_lot::lock_api::RwLockReadGuard, std::iter::Map (usize, parking_lot::lock_api::RwLockReadGuard), []), ()]), i16, Binder(extern "RustCall" fn((&ReBound(DebruijnIndex(0), BoundRegion { var: 0, kind: BrAnon }) (usize, parking_lot::lock_api::RwLockReadGuard), &ReBound(DebruijnIndex(0), BoundRegion { var: 1, kind: BrAnon }) (usize, parking_lot::lock_api::RwLockReadGuard))) - std::cmp::Ordering, [Region(BrAnon), Region(BrAnon)]), ()]),)]), i8, Binder(extern "RustCall" fn((*mut core::slice::sort::TimSortRun, usize)), []), ()])
3	1	1	1	core::slice::sort::merge_sort::{impl#3}::index u32, [Region(BrAnon)]), ()]), i16, Binder(extern "RustCall" fn((&ReBound(DebruijnIndex(0), BoundRegion { var: 0, kind: BrAnon }) (u32, f32), &ReBound(DebruijnIndex(0), BoundRegion { var: 1, kind: BrAnon }) (u32, f32))) - bool, [Region(BrAnon), Region(BrAnon)]), (&ReErased mut Closure(DefId(203:39 ~ sparse[6c1d]::common::sparse_vector::{impl#0}::sort_by_indices::{closure#1}), [i16, Binder(extern "RustCall" fn((&ReBound(DebruijnIndex(0), BoundRegion { var: 0, kind: BrAnon }) (u32, f32),)) - u32, [Region(BrAnon)]), ()]),)]), i8, Binder(extern "RustCall" fn((usize,)) - *mut core::slice::sort::TimSortRun, []), ()]), Closure(DefId(5:5465 ~ alloc[484d]::slice::stable_sort::{closure#3}), [(u32, f32), Closure(DefId(5:5388 ~ alloc[484d]::slice::{impl#0}::sort_by_key::{closure#0}), [(u32, f32), u32, Closure(DefId(203:39 ~ sparse[6c1d]::common::sparse_vector::{impl#0}::sort_by_indices::{closure#1}), [i16, Binder(extern "RustCall" fn((&ReBound(DebruijnIndex(0), BoundRegion { var: 0, kind: BrAnon }) (u32, f32),)) - u32, [Region(BrAnon)]), ()]), i16, Binder(extern "RustCall" fn((&ReBound(DebruijnIndex(0), BoundRegion { var: 0, kind: BrAnon }) (u32, f32), &ReBound(DebruijnIndex(0), BoundRegion { var: 1, kind: BrAnon }) (u32, f32))) - bool, [Region(BrAnon), Region(BrAnon)]), (&ReErased mut Closure(DefId(203:39 ~ sparse[6c1d]::common::sparse_vector::{impl#0}::sort_by_indices::{closure#1}), [i16, Binder(extern "RustCall" fn((&ReBound(DebruijnIndex(0), BoundRegion { var: 0, kind: BrAnon }) (u32, f32),)) - u32, [Region(BrAnon)]), ()]),)]), i8, Binder(extern "RustCall" fn((*mut core::slice::sort::TimSortRun, usize)), []), ()])
3	1	1	1	core::slice::sort::merge_sort::{impl#3}::index u8, [Region(BrAnon)]), ()]), i16, Binder(extern "RustCall" fn((&ReBound(DebruijnIndex(0), BoundRegion { var: 0, kind: BrAnon }) (u8, char), &ReBound(DebruijnIndex(0), BoundRegion { var: 1, kind: BrAnon }) (u8, char))) - bool, [Region(BrAnon), Region(BrAnon)]), (&ReErased mut Closure(DefId(144:43 ~ unicode_normalization[b3a8]::decompose::{impl#0}::sort_pending::{closure#0}), [std::str::Chars, i16, Binder(extern "RustCall" fn((&ReBound(DebruijnIndex(0), BoundRegion { var: 0, kind: BrAnon }) (u8, char),)) - u8, [Region(BrAnon)]), ()]),)]), i8, Binder(extern "RustCall" fn((usize,)) - *mut core::slice::sort::TimSortRun, []), ()]), Closure(DefId(5:5465 ~ alloc[484d]::slice::stable_sort::{closure#3}), [(u8, char), Closure(DefId(5:5388 ~ alloc[484d]::slice::{impl#0}::sort_by_key::{closure#0}), [(u8, char), u8, Closure(DefId(144:43 ~ unicode_normalization[b3a8]::decompose::{impl#0}::sort_pending::{closure#0}), [std::str::Chars, i16, Binder(extern "RustCall" fn((&ReBound(DebruijnIndex(0), BoundRegion { var: 0, kind: BrAnon }) (u8, char),)) - u8, [Region(BrAnon)]), ()]), i16, Binder(extern "RustCall" fn((&ReBound(DebruijnIndex(0), BoundRegion { var: 0, kind: BrAnon }) (u8, char), &ReBound(DebruijnIndex(0), BoundRegion { var: 1, kind: BrAnon }) (u8, char))) - bool, [Region(BrAnon), Region(BrAnon)]), (&ReErased mut Closure(DefId(144:43 ~ unicode_normalization[b3a8]::decompose::{impl#0}::sort_pending::{closure#0}), [std::str::Chars, i16, Binder(extern "RustCall" fn((&ReBound(DebruijnIndex(0), BoundRegion { var: 0, kind: BrAnon }) (u8, char),)) - u8, [Region(BrAnon)]), ()]),)]), i8, Binder(extern "RustCall" fn((*mut core::slice::sort::TimSortRun, usize)), []), ()])
3	3	1	2	ordered_multimap::list_ordered_multimap::{impl#16}::new
3	3	3	1	backtrace::symbolize::gimli::elf::{impl#1}::search_symtab
3	3	2	3	tokio::util::cacheline::{impl#1}::deref
3	3	2	3	alloc::collections::binary_heap::{impl#12}::element
3	3	1	3	atomic_refcell::{impl#5}::borrow
3	1	1	1	core::slice::sort::merge_sort::{impl#3}::index std::cmp::Ordering, [Region(BrAnon), Region(BrAnon)]), ()]), i16, Binder(extern "RustCall" fn((&ReBound(DebruijnIndex(0), BoundRegion { var: 0, kind: BrAnon }) (usize, clap::builder::StyledStr, &ReErased clap::Command), &ReBound(DebruijnIndex(0), BoundRegion { var: 1, kind: BrAnon }) (usize, clap::builder::StyledStr, &ReErased clap::Command))) - bool, [Region(BrAnon), Region(BrAnon)]), (&ReErased mut Closure(DefId(25:2570 ~ clap_builder[fdaa]::output::help_template::{impl#4}::write_subcommands::{closure#1}), [ReErased, ReErased, i16, Binder(extern "RustCall" fn((&ReBound(DebruijnIndex(0), BoundRegion { var: 0, kind: BrAnon }) (usize, clap::builder::StyledStr, &ReErased clap::Command), &ReBound(DebruijnIndex(0), BoundRegion { var: 1, kind: BrAnon }) (usize, clap::builder::StyledStr, &ReErased clap::Command))) - std::cmp::Ordering, [Region(BrAnon), Region(BrAnon)]), ()]),)]), i8, Binder(extern "RustCall" fn((usize,)) - *mut core::slice::sort::TimSortRun, []), ()]), Closure(DefId(5:5465 ~ alloc[484d]::slice::stable_sort::{closure#3}), [(usize, clap::builder::StyledStr, &ReErased clap::Command), Closure(DefId(5:5384 ~ alloc[484d]::slice::{impl#0}::sort_by::{closure#0}), [(usize, clap::builder::StyledStr, &ReErased clap::Command), Closure(DefId(25:2570 ~ clap_builder[fdaa]::output::help_template::{impl#4}::write_subcommands::{closure#1}), [ReErased, ReErased, i16, Binder(extern "RustCall" fn((&ReBound(DebruijnIndex(0), BoundRegion { var: 0, kind: BrAnon }) (usize, clap::builder::StyledStr, &ReErased clap::Command), &ReBound(DebruijnIndex(0), BoundRegion { var: 1, kind: BrAnon }) (usize, clap::builder::StyledStr, &ReErased clap::Command))) - std::cmp::Ordering, [Region(BrAnon), Region(BrAnon)]), ()]), i16, Binder(extern "RustCall" fn((&ReBound(DebruijnIndex(0), BoundRegion { var: 0, kind: BrAnon }) (usize, clap::builder::StyledStr, &ReErased clap::Command), &ReBound(DebruijnIndex(0), BoundRegion { var: 1, kind: BrAnon }) (usize, clap::builder::StyledStr, &ReErased clap::Command))) - bool, [Region(BrAnon), Region(BrAnon)]), (&ReErased mut Closure(DefId(25:2570 ~ clap_builder[fdaa]::output::help_template::{impl#4}::write_subcommands::{closure#1}), [ReErased, ReErased, i16, Binder(extern "RustCall" fn((&ReBound(DebruijnIndex(0), BoundRegion { var: 0, kind: BrAnon }) (usize, clap::builder::StyledStr, &ReErased clap::Command), &ReBound(DebruijnIndex(0), BoundRegion { var: 1, kind: BrAnon }) (usize, clap::builder::StyledStr, &ReErased clap::Command))) - std::cmp::Ordering, [Region(BrAnon), Region(BrAnon)]), ()]),)]), i8, Binder(extern "RustCall" fn((*mut core::slice::sort::TimSortRun, usize)), []), ()])
3	1	1	1	core::slice::sort::merge_sort::{impl#3}::index std::cmp::Ordering, [Region(BrAnon), Region(BrAnon)]), (&ReErased std::vec::Vec,)]), i16, Binder(extern "RustCall" fn((&ReBound(DebruijnIndex(0), BoundRegion { var: 0, kind: BrAnon }) aho_corasick::util::primitives::PatternID, &ReBound(DebruijnIndex(0), BoundRegion { var: 1, kind: BrAnon }) aho_corasick::util::primitives::PatternID)) - bool, [Region(BrAnon), Region(BrAnon)]), (&ReErased mut Closure(DefId(82:773 ~ aho_corasick[35de]::packed::pattern::{impl#0}::set_match_kind::{closure#0}), [i16, Binder(extern "RustCall" fn((&ReBound(DebruijnIndex(0), BoundRegion { var: 0, kind: BrAnon }) aho_corasick::util::primitives::PatternID, &ReBound(DebruijnIndex(0), BoundRegion { var: 1, kind: BrAnon }) aho_corasick::util::primitives::PatternID)) - std::cmp::Ordering, [Region(BrAnon), Region(BrAnon)]), (&ReErased std::vec::Vec,)]),)]), i8, Binder(extern "RustCall" fn((usize,)) - *mut core::slice::sort::TimSortRun, []), ()]), Closure(DefId(5:5465 ~ alloc[484d]::slice::stable_sort::{closure#3}), [aho_corasick::util::primitives::PatternID, Closure(DefId(5:5384 ~ alloc[484d]::slice::{impl#0}::sort_by::{closure#0}), [aho_corasick::util::primitives::PatternID, Closure(DefId(82:773 ~ aho_corasick[35de]::packed::pattern::{impl#0}::set_match_kind::{closure#0}), [i16, Binder(extern "RustCall" fn((&ReBound(DebruijnIndex(0), BoundRegion { var: 0, kind: BrAnon }) aho_corasick::util::primitives::PatternID, &ReBound(DebruijnIndex(0), BoundRegion { var: 1, kind: BrAnon }) aho_corasick::util::primitives::PatternID)) - std::cmp::Ordering, [Region(BrAnon), Region(BrAnon)]), (&ReErased std::vec::Vec,)]), i16, Binder(extern "RustCall" fn((&ReBound(DebruijnIndex(0), BoundRegion { var: 0, kind: BrAnon }) aho_corasick::util::primitives::PatternID, &ReBound(DebruijnIndex(0), BoundRegion { var: 1, kind: BrAnon }) aho_corasick::util::primitives::PatternID)) - bool, [Region(BrAnon), Region(BrAnon)]), (&ReErased mut Closure(DefId(82:773 ~ aho_corasick[35de]::packed::pattern::{impl#0}::set_match_kind::{closure#0}), [i16, Binder(extern "RustCall" fn((&ReBound(DebruijnIndex(0), BoundRegion { var: 0, kind: BrAnon }) aho_corasick::util::primitives::PatternID, &ReBound(DebruijnIndex(0), BoundRegion { var: 1, kind: BrAnon }) aho_corasick::util::primitives::PatternID)) - std::cmp::Ordering, [Region(BrAnon), Region(BrAnon)]), (&ReErased std::vec::Vec,)]),)]), i8, Binder(extern "RustCall" fn((*mut core::slice::sort::TimSortRun, usize)), []), ()])
3	1	1	1	core::slice::sort::merge_sort::{impl#3}::index std::cmp::Ordering, [Region(BrAnon), Region(BrAnon)]), ()]), i16, Binder(extern "RustCall" fn((&ReBound(DebruijnIndex(0), BoundRegion { var: 0, kind: BrAnon }) (f64, std::string::String), &ReBound(DebruijnIndex(0), BoundRegion { var: 1, kind: BrAnon }) (f64, std::string::String))) - bool, [Region(BrAnon), Region(BrAnon)]), (&ReErased mut Closure(DefId(25:2376 ~ clap_builder[fdaa]::parser::features::suggestions::did_you_mean::{closure#2}), [&ReErased std::string::String, std::slice::Iter, i16, Binder(extern "RustCall" fn((&ReBound(DebruijnIndex(0), BoundRegion { var: 0, kind: BrAnon }) (f64, std::string::String), &ReBound(DebruijnIndex(0), BoundRegion { var: 1, kind: BrAnon }) (f64, std::string::String))) - std::cmp::Ordering, [Region(BrAnon), Region(BrAnon)]), ()]),)]), i8, Binder(extern "RustCall" fn((usize,)) - *mut core::slice::sort::TimSortRun, []), ()]), Closure(DefId(5:5465 ~ alloc[484d]::slice::stable_sort::{closure#3}), [(f64, std::string::String), Closure(DefId(5:5384 ~ alloc[484d]::slice::{impl#0}::sort_by::{closure#0}), [(f64, std::string::String), Closure(DefId(25:2376 ~ clap_builder[fdaa]::parser::features::suggestions::did_you_mean::{closure#2}), [&ReErased std::string::String, std::slice::Iter, i16, Binder(extern "RustCall" fn((&ReBound(DebruijnIndex(0), BoundRegion { var: 0, kind: BrAnon }) (f64, std::string::String), &ReBound(DebruijnIndex(0), BoundRegion { var: 1, kind: BrAnon }) (f64, std::string::String))) - std::cmp::Ordering, [Region(BrAnon), Region(BrAnon)]), ()]), i16, Binder(extern "RustCall" fn((&ReBound(DebruijnIndex(0), BoundRegion { var: 0, kind: BrAnon }) (f64, std::string::String), &ReBound(DebruijnIndex(0), BoundRegion { var: 1, kind: BrAnon }) (f64, std::string::String))) - bool, [Region(BrAnon), Region(BrAnon)]), (&ReErased mut Closure(DefId(25:2376 ~ clap_builder[fdaa]::parser::features::suggestions::did_you_mean::{closure#2}), [&ReErased std::string::String, std::slice::Iter, i16, Binder(extern "RustCall" fn((&ReBound(DebruijnIndex(0), BoundRegion { var: 0, kind: BrAnon }) (f64, std::string::String), &ReBound(DebruijnIndex(0), BoundRegion { var: 1, kind: BrAnon }) (f64, std::string::String))) - std::cmp::Ordering, [Region(BrAnon), Region(BrAnon)]), ()]),)]), i8, Binder(extern "RustCall" fn((*mut core::slice::sort::TimSortRun, usize)), []), ()])
3	1	1	1	core::slice::sort::merge_sort::{impl#3}::index std::cmp::Ordering, [Region(BrAnon), Region(BrAnon)]), ()]), i16, Binder(extern "RustCall" fn((&ReBound(DebruijnIndex(0), BoundRegion { var: 0, kind: BrAnon }) ((usize, std::string::String), &ReErased clap::Arg), &ReBound(DebruijnIndex(0), BoundRegion { var: 1, kind: BrAnon }) ((usize, std::string::String), &ReErased clap::Arg))) - bool, [Region(BrAnon), Region(BrAnon)]), (&ReErased mut Closure(DefId(25:2533 ~ clap_builder[fdaa]::output::help_template::{impl#3}::write_args::{closure#1}), [ReErased, ReErased, i16, Binder(extern "RustCall" fn((&ReBound(DebruijnIndex(0), BoundRegion { var: 0, kind: BrAnon }) ((usize, std::string::String), &ReErased clap::Arg), &ReBound(DebruijnIndex(0), BoundRegion { var: 1, kind: BrAnon }) ((usize, std::string::String), &ReErased clap::Arg))) - std::cmp::Ordering, [Region(BrAnon), Region(BrAnon)]), ()]),)]), i8, Binder(extern "RustCall" fn((usize,)) - *mut core::slice::sort::TimSortRun, []), ()]), Closure(DefId(5:5465 ~ alloc[484d]::slice::stable_sort::{closure#3}), [((usize, std::string::String), &ReErased clap::Arg), Closure(DefId(5:5384 ~ alloc[484d]::slice::{impl#0}::sort_by::{closure#0}), [((usize, std::string::String), &ReErased clap::Arg), Closure(DefId(25:2533 ~ clap_builder[fdaa]::output::help_template::{impl#3}::write_args::{closure#1}), [ReErased, ReErased, i16, Binder(extern "RustCall" fn((&ReBound(DebruijnIndex(0), BoundRegion { var: 0, kind: BrAnon }) ((usize, std::string::String), &ReErased clap::Arg), &ReBound(DebruijnIndex(0), BoundRegion { var: 1, kind: BrAnon }) ((usize, std::string::String), &ReErased clap::Arg))) - std::cmp::Ordering, [Region(BrAnon), Region(BrAnon)]), ()]), i16, Binder(extern "RustCall" fn((&ReBound(DebruijnIndex(0), BoundRegion { var: 0, kind: BrAnon }) ((usize, std::string::String), &ReErased clap::Arg), &ReBound(DebruijnIndex(0), BoundRegion { var: 1, kind: BrAnon }) ((usize, std::string::String), &ReErased clap::Arg))) - bool, [Region(BrAnon), Region(BrAnon)]), (&ReErased mut Closure(DefId(25:2533 ~ clap_builder[fdaa]::output::help_template::{impl#3}::write_args::{closure#1}), [ReErased, ReErased, i16, Binder(extern "RustCall" fn((&ReBound(DebruijnIndex(0), BoundRegion { var: 0, kind: BrAnon }) ((usize, std::string::String), &ReErased clap::Arg), &ReBound(DebruijnIndex(0), BoundRegion { var: 1, kind: BrAnon }) ((usize, std::string::String), &ReErased clap::Arg))) - std::cmp::Ordering, [Region(BrAnon), Region(BrAnon)]), ()]),)]), i8, Binder(extern "RustCall" fn((*mut core::slice::sort::TimSortRun, usize)), []), ()])
3	1	1	1	core::slice::sort::merge_sort::{impl#3}::index std::iter::Chain, []), ()]), i16, Binder(extern "RustCall" fn((&ReBound(DebruijnIndex(0), BoundRegion { var: 0, kind: BrAnon }) (f64, std::string::String), &ReBound(DebruijnIndex(0), BoundRegion { var: 1, kind: BrAnon }) (f64, std::string::String))) - std::cmp::Ordering, [Region(BrAnon), Region(BrAnon)]), ()]), i16, Binder(extern "RustCall" fn((&ReBound(DebruijnIndex(0), BoundRegion { var: 0, kind: BrAnon }) (f64, std::string::String), &ReBound(DebruijnIndex(0), BoundRegion { var: 1, kind: BrAnon }) (f64, std::string::String))) - bool, [Region(BrAnon), Region(BrAnon)]), (&ReErased mut Closure(DefId(25:2376 ~ clap_builder[fdaa]::parser::features::suggestions::did_you_mean::{closure#2}), [&ReErased str, std::iter::FlatMap, Closure(DefId(25:691 ~ clap_builder[fdaa]::builder::command::{impl#7}::all_subcommand_names::{closure#0}), [i16, Binder(extern "RustCall" fn((&ReErased clap::Command,)) - std::iter::Chain, []), ()]), i16, Binder(extern "RustCall" fn((&ReBound(DebruijnIndex(0), BoundRegion { var: 0, kind: BrAnon }) (f64, std::string::String), &ReBound(DebruijnIndex(0), BoundRegion { var: 1, kind: BrAnon }) (f64, std::string::String))) - std::cmp::Ordering, [Region(BrAnon), Region(BrAnon)]), ()]),)]), i8, Binder(extern "RustCall" fn((usize,)) - *mut core::slice::sort::TimSortRun, []), ()]), Closure(DefId(5:5465 ~ alloc[484d]::slice::stable_sort::{closure#3}), [(f64, std::string::String), Closure(DefId(5:5384 ~ alloc[484d]::slice::{impl#0}::sort_by::{closure#0}), [(f64, std::string::String), Closure(DefId(25:2376 ~ clap_builder[fdaa]::parser::features::suggestions::did_you_mean::{closure#2}), [&ReErased str, std::iter::FlatMap, Closure(DefId(25:691 ~ clap_builder[fdaa]::builder::command::{impl#7}::all_subcommand_names::{closure#0}), [i16, Binder(extern "RustCall" fn((&ReErased clap::Command,)) - std::iter::Chain, []), ()]), i16, Binder(extern "RustCall" fn((&ReBound(DebruijnIndex(0), BoundRegion { var: 0, kind: BrAnon }) (f64, std::string::String), &ReBound(DebruijnIndex(0), BoundRegion { var: 1, kind: BrAnon }) (f64, std::string::String))) - std::cmp::Ordering, [Region(BrAnon), Region(BrAnon)]), ()]), i16, Binder(extern "RustCall" fn((&ReBound(DebruijnIndex(0), BoundRegion { var: 0, kind: BrAnon }) (f64, std::string::String), &ReBound(DebruijnIndex(0), BoundRegion { var: 1, kind: BrAnon }) (f64, std::string::String))) - bool, [Region(BrAnon), Region(BrAnon)]), (&ReErased mut Closure(DefId(25:2376 ~ clap_builder[fdaa]::parser::features::suggestions::did_you_mean::{closure#2}), [&ReErased str, std::iter::FlatMap, Closure(DefId(25:691 ~ clap_builder[fdaa]::builder::command::{impl#7}::all_subcommand_names::{closure#0}), [i16, Binder(extern "RustCall" fn((&ReErased clap::Command,)) - std::iter::Chain, []), ()]), i16, Binder(extern "RustCall" fn((&ReBound(DebruijnIndex(0), BoundRegion { var: 0, kind: BrAnon }) (f64, std::string::String), &ReBound(DebruijnIndex(0), BoundRegion { var: 1, kind: BrAnon }) (f64, std::string::String))) - std::cmp::Ordering, [Region(BrAnon), Region(BrAnon)]), ()]),)]), i8, Binder(extern "RustCall" fn((*mut core::slice::sort::TimSortRun, usize)), []), ()])
3	1	1	1	core::slice::sort::merge_sort::{impl#3}::index, i16, Binder(extern "RustCall" fn((&ReBound(DebruijnIndex(0), BoundRegion { var: 0, kind: BrAnon }) (f64, std::string::String), &ReBound(DebruijnIndex(0), BoundRegion { var: 1, kind: BrAnon }) (f64, std::string::String))) - std::cmp::Ordering, [Region(BrAnon), Region(BrAnon)]), ()]), i16, Binder(extern "RustCall" fn((&ReBound(DebruijnIndex(0), BoundRegion { var: 0, kind: BrAnon }) (f64, std::string::String), &ReBound(DebruijnIndex(0), BoundRegion { var: 1, kind: BrAnon }) (f64, std::string::String))) - bool, [Region(BrAnon), Region(BrAnon)]), (&ReErased mut Closure(DefId(25:2376 ~ clap_builder[fdaa]::parser::features::suggestions::did_you_mean::{closure#2}), [&ReErased str, std::iter::Map &ReErased str, []), ()]), i16, Binder(extern "RustCall" fn((&ReBound(DebruijnIndex(0), BoundRegion { var: 0, kind: BrAnon }) (f64, std::string::String), &ReBound(DebruijnIndex(0), BoundRegion { var: 1, kind: BrAnon }) (f64, std::string::String))) - std::cmp::Ordering, [Region(BrAnon), Region(BrAnon)]), ()]),)]), i8, Binder(extern "RustCall" fn((usize,)) - *mut core::slice::sort::TimSortRun, []), ()]), Closure(DefId(5:5465 ~ alloc[484d]::slice::stable_sort::{closure#3}), [(f64, std::string::String), Closure(DefId(5:5384 ~ alloc[484d]::slice::{impl#0}::sort_by::{closure#0}), [(f64, std::string::String), Closure(DefId(25:2376 ~ clap_builder[fdaa]::parser::features::suggestions::did_you_mean::{closure#2}), [&ReErased str, std::iter::Map &ReErased str, []), ()]), i16, Binder(extern "RustCall" fn((&ReBound(DebruijnIndex(0), BoundRegion { var: 0, kind: BrAnon }) (f64, std::string::String), &ReBound(DebruijnIndex(0), BoundRegion { var: 1, kind: BrAnon }) (f64, std::string::String))) - std::cmp::Ordering, [Region(BrAnon), Region(BrAnon)]), ()]), i16, Binder(extern "RustCall" fn((&ReBound(DebruijnIndex(0), BoundRegion { var: 0, kind: BrAnon }) (f64, std::string::String), &ReBound(DebruijnIndex(0), BoundRegion { var: 1, kind: BrAnon }) (f64, std::string::String))) - bool, [Region(BrAnon), Region(BrAnon)]), (&ReErased mut Closure(DefId(25:2376 ~ clap_builder[fdaa]::parser::features::suggestions::did_you_mean::{closure#2}), [&ReErased str, std::iter::Map &ReErased str, []), ()]), i16, Binder(extern "RustCall" fn((&ReBound(DebruijnIndex(0), BoundRegion { var: 0, kind: BrAnon }) (f64, std::string::String), &ReBound(DebruijnIndex(0), BoundRegion { var: 1, kind: BrAnon }) (f64, std::string::String))) - std::cmp::Ordering, [Region(BrAnon), Region(BrAnon)]), ()]),)]), i8, Binder(extern "RustCall" fn((*mut core::slice::sort::TimSortRun, usize)), []), ()])
3	1	1	1	core::slice::sort::merge_sort::{impl#3}::index, &ReErased str, std::slice::IterMut, i16, Binder(extern "RustCall" fn((&ReErased clap_builder::mkeymap::KeyType,)) - std::option::Option, []), ()]), i16, Binder(extern "RustCall" fn((&ReBound(DebruijnIndex(0), BoundRegion { var: 0, kind: BrAnon }) (f64, std::string::String), &ReBound(DebruijnIndex(0), BoundRegion { var: 1, kind: BrAnon }) (f64, std::string::String))) - std::cmp::Ordering, [Region(BrAnon), Region(BrAnon)]), ()]), i16, Binder(extern "RustCall" fn((&ReBound(DebruijnIndex(0), BoundRegion { var: 0, kind: BrAnon }) (f64, std::string::String), &ReBound(DebruijnIndex(0), BoundRegion { var: 1, kind: BrAnon }) (f64, std::string::String))) - bool, [Region(BrAnon), Region(BrAnon)]), (&ReErased mut Closure(DefId(25:2376 ~ clap_builder[fdaa]::parser::features::suggestions::did_you_mean::{closure#2}), [std::string::String, std::iter::FilterMap, Closure(DefId(25:2385 ~ clap_builder[fdaa]::parser::features::suggestions::did_you_mean_flag::{closure#0}::{closure#0}), [ReErased, ReErased, std::iter::Map &ReErased str, []), ()]), &ReErased str, std::slice::IterMut, i16, Binder(extern "RustCall" fn((&ReErased clap_builder::mkeymap::KeyType,)) - std::option::Option, []), ()]), i16, Binder(extern "RustCall" fn((&ReBound(DebruijnIndex(0), BoundRegion { var: 0, kind: BrAnon }) (f64, std::string::String), &ReBound(DebruijnIndex(0), BoundRegion { var: 1, kind: BrAnon }) (f64, std::string::String))) - std::cmp::Ordering, [Region(BrAnon), Region(BrAnon)]), ()]),)]), i8, Binder(extern "RustCall" fn((usize,)) - *mut core::slice::sort::TimSortRun, []), ()]), Closure(DefId(5:5465 ~ alloc[484d]::slice::stable_sort::{closure#3}), [(f64, std::string::String), Closure(DefId(5:5384 ~ alloc[484d]::slice::{impl#0}::sort_by::{closure#0}), [(f64, std::string::String), Closure(DefId(25:2376 ~ clap_builder[fdaa]::parser::features::suggestions::did_you_mean::{closure#2}), [std::string::String, std::iter::FilterMap, Closure(DefId(25:2385 ~ clap_builder[fdaa]::parser::features::suggestions::did_you_mean_flag::{closure#0}::{closure#0}), [ReErased, ReErased, std::iter::Map &ReErased str, []), ()]), &ReErased str, std::slice::IterMut, i16, Binder(extern "RustCall" fn((&ReErased clap_builder::mkeymap::KeyType,)) - std::option::Option, []), ()]), i16, Binder(extern "RustCall" fn((&ReBound(DebruijnIndex(0), BoundRegion { var: 0, kind: BrAnon }) (f64, std::string::String), &ReBound(DebruijnIndex(0), BoundRegion { var: 1, kind: BrAnon }) (f64, std::string::String))) - std::cmp::Ordering, [Region(BrAnon), Region(BrAnon)]), ()]), i16, Binder(extern "RustCall" fn((&ReBound(DebruijnIndex(0), BoundRegion { var: 0, kind: BrAnon }) (f64, std::string::String), &ReBound(DebruijnIndex(0), BoundRegion { var: 1, kind: BrAnon }) (f64, std::string::String))) - bool, [Region(BrAnon), Region(BrAnon)]), (&ReErased mut Closure(DefId(25:2376 ~ clap_builder[fdaa]::parser::features::suggestions::did_you_mean::{closure#2}), [std::string::String, std::iter::FilterMap, Closure(DefId(25:2385 ~ clap_builder[fdaa]::parser::features::suggestions::did_you_mean_flag::{closure#0}::{closure#0}), [ReErased, ReErased, std::iter::Map &ReErased str, []), ()]), &ReErased str, std::slice::IterMut, i16, Binder(extern "RustCall" fn((&ReErased clap_builder::mkeymap::KeyType,)) - std::option::Option, []), ()]), i16, Binder(extern "RustCall" fn((&ReBound(DebruijnIndex(0), BoundRegion { var: 0, kind: BrAnon }) (f64, std::string::String), &ReBound(DebruijnIndex(0), BoundRegion { var: 1, kind: BrAnon }) (f64, std::string::String))) - std::cmp::Ordering, [Region(BrAnon), Region(BrAnon)]), ()]),)]), i8, Binder(extern "RustCall" fn((*mut core::slice::sort::TimSortRun, usize)), []), ()])
3	1	1	1	core::slice::sort::merge_sort::{impl#3}::index std::cmp::Ordering, [Region(BrAnon), Region(BrAnon)]), (&ReErased &ReErased mut std::vec::Vec,)]), i16, Binder(extern "RustCall" fn((&ReBound(DebruijnIndex(0), BoundRegion { var: 0, kind: BrAnon }) u16, &ReBound(DebruijnIndex(0), BoundRegion { var: 1, kind: BrAnon }) u16)) - bool, [Region(BrAnon), Region(BrAnon)]), (&ReErased mut Closure(DefId(50:626 ~ aho_corasick[56ca]::packed::pattern::{impl#0}::set_match_kind::{closure#0}), [i16, Binder(extern "RustCall" fn((&ReBound(DebruijnIndex(0), BoundRegion { var: 0, kind: BrAnon }) u16, &ReBound(DebruijnIndex(0), BoundRegion { var: 1, kind: BrAnon }) u16)) - std::cmp::Ordering, [Region(BrAnon), Region(BrAnon)]), (&ReErased &ReErased mut std::vec::Vec,)]),)]), i8, Binder(extern "RustCall" fn((usize,)) - *mut core::slice::sort::TimSortRun, []), ()]), Closure(DefId(5:5465 ~ alloc[484d]::slice::stable_sort::{closure#3}), [u16, Closure(DefId(5:5384 ~ alloc[484d]::slice::{impl#0}::sort_by::{closure#0}), [u16, Closure(DefId(50:626 ~ aho_corasick[56ca]::packed::pattern::{impl#0}::set_match_kind::{closure#0}), [i16, Binder(extern "RustCall" fn((&ReBound(DebruijnIndex(0), BoundRegion { var: 0, kind: BrAnon }) u16, &ReBound(DebruijnIndex(0), BoundRegion { var: 1, kind: BrAnon }) u16)) - std::cmp::Ordering, [Region(BrAnon), Region(BrAnon)]), (&ReErased &ReErased mut std::vec::Vec,)]), i16, Binder(extern "RustCall" fn((&ReBound(DebruijnIndex(0), BoundRegion { var: 0, kind: BrAnon }) u16, &ReBound(DebruijnIndex(0), BoundRegion { var: 1, kind: BrAnon }) u16)) - bool, [Region(BrAnon), Region(BrAnon)]), (&ReErased mut Closure(DefId(50:626 ~ aho_corasick[56ca]::packed::pattern::{impl#0}::set_match_kind::{closure#0}), [i16, Binder(extern "RustCall" fn((&ReBound(DebruijnIndex(0), BoundRegion { var: 0, kind: BrAnon }) u16, &ReBound(DebruijnIndex(0), BoundRegion { var: 1, kind: BrAnon }) u16)) - std::cmp::Ordering, [Region(BrAnon), Region(BrAnon)]), (&ReErased &ReErased mut std::vec::Vec,)]),)]), i8, Binder(extern "RustCall" fn((*mut core::slice::sort::TimSortRun, usize)), []), ()])
3	1	1	1	core::slice::sort::merge_sort::{impl#3}::index std::cmp::Ordering, [Region(BrAnon), Region(BrAnon)]), ()]), i16, Binder(extern "RustCall" fn((&ReBound(DebruijnIndex(0), BoundRegion { var: 0, kind: BrAnon }) sysinfo::Component, &ReBound(DebruijnIndex(0), BoundRegion { var: 1, kind: BrAnon }) sysinfo::Component)) - bool, [Region(BrAnon), Region(BrAnon)]), (&ReErased mut Closure(DefId(58:276 ~ sysinfo[2df4]::linux::component::get_components::{closure#1}), [i16, Binder(extern "RustCall" fn((&ReBound(DebruijnIndex(0), BoundRegion { var: 0, kind: BrAnon }) sysinfo::Component, &ReBound(DebruijnIndex(0), BoundRegion { var: 1, kind: BrAnon }) sysinfo::Component)) - std::cmp::Ordering, [Region(BrAnon), Region(BrAnon)]), ()]),)]), i8, Binder(extern "RustCall" fn((usize,)) - *mut core::slice::sort::TimSortRun, []), ()]), Closure(DefId(5:5465 ~ alloc[484d]::slice::stable_sort::{closure#3}), [sysinfo::Component, Closure(DefId(5:5384 ~ alloc[484d]::slice::{impl#0}::sort_by::{closure#0}), [sysinfo::Component, Closure(DefId(58:276 ~ sysinfo[2df4]::linux::component::get_components::{closure#1}), [i16, Binder(extern "RustCall" fn((&ReBound(DebruijnIndex(0), BoundRegion { var: 0, kind: BrAnon }) sysinfo::Component, &ReBound(DebruijnIndex(0), BoundRegion { var: 1, kind: BrAnon }) sysinfo::Component)) - std::cmp::Ordering, [Region(BrAnon), Region(BrAnon)]), ()]), i16, Binder(extern "RustCall" fn((&ReBound(DebruijnIndex(0), BoundRegion { var: 0, kind: BrAnon }) sysinfo::Component, &ReBound(DebruijnIndex(0), BoundRegion { var: 1, kind: BrAnon }) sysinfo::Component)) - bool, [Region(BrAnon), Region(BrAnon)]), (&ReErased mut Closure(DefId(58:276 ~ sysinfo[2df4]::linux::component::get_components::{closure#1}), [i16, Binder(extern "RustCall" fn((&ReBound(DebruijnIndex(0), BoundRegion { var: 0, kind: BrAnon }) sysinfo::Component, &ReBound(DebruijnIndex(0), BoundRegion { var: 1, kind: BrAnon }) sysinfo::Component)) - std::cmp::Ordering, [Region(BrAnon), Region(BrAnon)]), ()]),)]), i8, Binder(extern "RustCall" fn((*mut core::slice::sort::TimSortRun, usize)), []), ()])
3	1	1	1	core::slice::sort::merge_sort::{impl#3}::index usize, [Region(BrAnon)]), ()]), i16, Binder(extern "RustCall" fn((&ReBound(DebruijnIndex(0), BoundRegion { var: 0, kind: BrAnon }) (usize, std::string::String), &ReBound(DebruijnIndex(0), BoundRegion { var: 1, kind: BrAnon }) (usize, std::string::String))) - bool, [Region(BrAnon), Region(BrAnon)]), (&ReErased mut Closure(DefId(19:2456 ~ clap[48e1]::output::usage::{impl#0}::get_required_usage_from::{closure#6}), [ReErased, ReErased, i16, Binder(extern "RustCall" fn((&ReBound(DebruijnIndex(0), BoundRegion { var: 0, kind: BrAnon }) (usize, std::string::String),)) - usize, [Region(BrAnon)]), ()]),)]), i8, Binder(extern "RustCall" fn((usize,)) - *mut core::slice::sort::TimSortRun, []), ()]), Closure(DefId(5:5465 ~ alloc[484d]::slice::stable_sort::{closure#3}), [(usize, std::string::String), Closure(DefId(5:5388 ~ alloc[484d]::slice::{impl#0}::sort_by_key::{closure#0}), [(usize, std::string::String), usize, Closure(DefId(19:2456 ~ clap[48e1]::output::usage::{impl#0}::get_required_usage_from::{closure#6}), [ReErased, ReErased, i16, Binder(extern "RustCall" fn((&ReBound(DebruijnIndex(0), BoundRegion { var: 0, kind: BrAnon }) (usize, std::string::String),)) - usize, [Region(BrAnon)]), ()]), i16, Binder(extern "RustCall" fn((&ReBound(DebruijnIndex(0), BoundRegion { var: 0, kind: BrAnon }) (usize, std::string::String), &ReBound(DebruijnIndex(0), BoundRegion { var: 1, kind: BrAnon }) (usize, std::string::String))) - bool, [Region(BrAnon), Region(BrAnon)]), (&ReErased mut Closure(DefId(19:2456 ~ clap[48e1]::output::usage::{impl#0}::get_required_usage_from::{closure#6}), [ReErased, ReErased, i16, Binder(extern "RustCall" fn((&ReBound(DebruijnIndex(0), BoundRegion { var: 0, kind: BrAnon }) (usize, std::string::String),)) - usize, [Region(BrAnon)]), ()]),)]), i8, Binder(extern "RustCall" fn((*mut core::slice::sort::TimSortRun, usize)), []), ()])
3	2	1	1	clap::output::usage::{impl#0}::required
3	1	1	1	core::slice::sort::merge_sort::{impl#3}::index std::cmp::Ordering, [Region(BrAnon), Region(BrAnon)]), ()]), i16, Binder(extern "RustCall" fn((&ReBound(DebruijnIndex(0), BoundRegion { var: 0, kind: BrAnon }) (usize, std::string::String, &ReErased clap::App), &ReBound(DebruijnIndex(0), BoundRegion { var: 1, kind: BrAnon }) (usize, std::string::String, &ReErased clap::App))) - bool, [Region(BrAnon), Region(BrAnon)]), (&ReErased mut Closure(DefId(19:2363 ~ clap[48e1]::output::help::{impl#3}::write_subcommands::{closure#1}), [ReErased, ReErased, ReErased, i16, Binder(extern "RustCall" fn((&ReBound(DebruijnIndex(0), BoundRegion { var: 0, kind: BrAnon }) (usize, std::string::String, &ReErased clap::App), &ReBound(DebruijnIndex(0), BoundRegion { var: 1, kind: BrAnon }) (usize, std::string::String, &ReErased clap::App))) - std::cmp::Ordering, [Region(BrAnon), Region(BrAnon)]), ()]),)]), i8, Binder(extern "RustCall" fn((usize,)) - *mut core::slice::sort::TimSortRun, []), ()]), Closure(DefId(5:5465 ~ alloc[484d]::slice::stable_sort::{closure#3}), [(usize, std::string::String, &ReErased clap::App), Closure(DefId(5:5384 ~ alloc[484d]::slice::{impl#0}::sort_by::{closure#0}), [(usize, std::string::String, &ReErased clap::App), Closure(DefId(19:2363 ~ clap[48e1]::output::help::{impl#3}::write_subcommands::{closure#1}), [ReErased, ReErased, ReErased, i16, Binder(extern "RustCall" fn((&ReBound(DebruijnIndex(0), BoundRegion { var: 0, kind: BrAnon }) (usize, std::string::String, &ReErased clap::App), &ReBound(DebruijnIndex(0), BoundRegion { var: 1, kind: BrAnon }) (usize, std::string::String, &ReErased clap::App))) - std::cmp::Ordering, [Region(BrAnon), Region(BrAnon)]), ()]), i16, Binder(extern "RustCall" fn((&ReBound(DebruijnIndex(0), BoundRegion { var: 0, kind: BrAnon }) (usize, std::string::String, &ReErased clap::App), &ReBound(DebruijnIndex(0), BoundRegion { var: 1, kind: BrAnon }) (usize, std::string::String, &ReErased clap::App))) - bool, [Region(BrAnon), Region(BrAnon)]), (&ReErased mut Closure(DefId(19:2363 ~ clap[48e1]::output::help::{impl#3}::write_subcommands::{closure#1}), [ReErased, ReErased, ReErased, i16, Binder(extern "RustCall" fn((&ReBound(DebruijnIndex(0), BoundRegion { var: 0, kind: BrAnon }) (usize, std::string::String, &ReErased clap::App), &ReBound(DebruijnIndex(0), BoundRegion { var: 1, kind: BrAnon }) (usize, std::string::String, &ReErased clap::App))) - std::cmp::Ordering, [Region(BrAnon), Region(BrAnon)]), ()]),)]), i8, Binder(extern "RustCall" fn((*mut core::slice::sort::TimSortRun, usize)), []), ()])
3	1	1	1	core::slice::sort::merge_sort::{impl#3}::index bool, [Region(BrAnon), Region(BrAnon)]), (&ReErased mut FnDef(DefId(0:64 ~ dust[dbbc]::dir_walker::sort_by_inode), []),)]), i8, Binder(extern "RustCall" fn((usize,)) - *mut core::slice::sort::TimSortRun, []), ()]), Closure(DefId(5:5465 ~ alloc[484d]::slice::stable_sort::{closure#3}), [node::Node, Closure(DefId(5:5384 ~ alloc[484d]::slice::{impl#0}::sort_by::{closure#0}), [node::Node, FnDef(DefId(0:64 ~ dust[dbbc]::dir_walker::sort_by_inode), []), i16, Binder(extern "RustCall" fn((&ReBound(DebruijnIndex(0), BoundRegion { var: 0, kind: BrAnon }) node::Node, &ReBound(DebruijnIndex(0), BoundRegion { var: 1, kind: BrAnon }) node::Node)) - bool, [Region(BrAnon), Region(BrAnon)]), (&ReErased mut FnDef(DefId(0:64 ~ dust[dbbc]::dir_walker::sort_by_inode), []),)]), i8, Binder(extern "RustCall" fn((*mut core::slice::sort::TimSortRun, usize)), []), ()])
3	1	1	1	core::slice::sort::merge_sort::{impl#3}::index std::iter::Chain, []), ()]), i16, Binder(extern "RustCall" fn((&ReBound(DebruijnIndex(0), BoundRegion { var: 0, kind: BrAnon }) (f64, std::string::String), &ReBound(DebruijnIndex(0), BoundRegion { var: 1, kind: BrAnon }) (f64, std::string::String))) - std::cmp::Ordering, [Region(BrAnon), Region(BrAnon)]), ()]), i16, Binder(extern "RustCall" fn((&ReBound(DebruijnIndex(0), BoundRegion { var: 0, kind: BrAnon }) (f64, std::string::String), &ReBound(DebruijnIndex(0), BoundRegion { var: 1, kind: BrAnon }) (f64, std::string::String))) - bool, [Region(BrAnon), Region(BrAnon)]), (&ReErased mut Closure(DefId(19:2167 ~ clap[48e1]::parser::features::suggestions::did_you_mean::{closure#2}), [&ReErased str, std::iter::FlatMap, Closure(DefId(19:949 ~ clap[48e1]::builder::command::{impl#8}::all_subcommand_names::{closure#0}), [ReErased, i16, Binder(extern "RustCall" fn((&ReErased clap::App,)) - std::iter::Chain, []), ()]), i16, Binder(extern "RustCall" fn((&ReBound(DebruijnIndex(0), BoundRegion { var: 0, kind: BrAnon }) (f64, std::string::String), &ReBound(DebruijnIndex(0), BoundRegion { var: 1, kind: BrAnon }) (f64, std::string::String))) - std::cmp::Ordering, [Region(BrAnon), Region(BrAnon)]), ()]),)]), i8, Binder(extern "RustCall" fn((usize,)) - *mut core::slice::sort::TimSortRun, []), ()]), Closure(DefId(5:5465 ~ alloc[484d]::slice::stable_sort::{closure#3}), [(f64, std::string::String), Closure(DefId(5:5384 ~ alloc[484d]::slice::{impl#0}::sort_by::{closure#0}), [(f64, std::string::String), Closure(DefId(19:2167 ~ clap[48e1]::parser::features::suggestions::did_you_mean::{closure#2}), [&ReErased str, std::iter::FlatMap, Closure(DefId(19:949 ~ clap[48e1]::builder::command::{impl#8}::all_subcommand_names::{closure#0}), [ReErased, i16, Binder(extern "RustCall" fn((&ReErased clap::App,)) - std::iter::Chain, []), ()]), i16, Binder(extern "RustCall" fn((&ReBound(DebruijnIndex(0), BoundRegion { var: 0, kind: BrAnon }) (f64, std::string::String), &ReBound(DebruijnIndex(0), BoundRegion { var: 1, kind: BrAnon }) (f64, std::string::String))) - std::cmp::Ordering, [Region(BrAnon), Region(BrAnon)]), ()]), i16, Binder(extern "RustCall" fn((&ReBound(DebruijnIndex(0), BoundRegion { var: 0, kind: BrAnon }) (f64, std::string::String), &ReBound(DebruijnIndex(0), BoundRegion { var: 1, kind: BrAnon }) (f64, std::string::String))) - bool, [Region(BrAnon), Region(BrAnon)]), (&ReErased mut Closure(DefId(19:2167 ~ clap[48e1]::parser::features::suggestions::did_you_mean::{closure#2}), [&ReErased str, std::iter::FlatMap, Closure(DefId(19:949 ~ clap[48e1]::builder::command::{impl#8}::all_subcommand_names::{closure#0}), [ReErased, i16, Binder(extern "RustCall" fn((&ReErased clap::App,)) - std::iter::Chain, []), ()]), i16, Binder(extern "RustCall" fn((&ReBound(DebruijnIndex(0), BoundRegion { var: 0, kind: BrAnon }) (f64, std::string::String), &ReBound(DebruijnIndex(0), BoundRegion { var: 1, kind: BrAnon }) (f64, std::string::String))) - std::cmp::Ordering, [Region(BrAnon), Region(BrAnon)]), ()]),)]), i8, Binder(extern "RustCall" fn((*mut core::slice::sort::TimSortRun, usize)), []), ()])
3	1	1	1	core::slice::sort::merge_sort::{impl#3}::index std::cmp::Ordering, [Region(BrAnon), Region(BrAnon)]), ()]), i16, Binder(extern "RustCall" fn((&ReBound(DebruijnIndex(0), BoundRegion { var: 0, kind: BrAnon }) display_node::DisplayNode, &ReBound(DebruijnIndex(0), BoundRegion { var: 1, kind: BrAnon }) display_node::DisplayNode)) - bool, [Region(BrAnon), Region(BrAnon)]), (&ReErased mut Closure(DefId(0:151 ~ dust[dbbc]::filter::recursive_rebuilder::{closure#2}), [i16, Binder(extern "RustCall" fn((&ReBound(DebruijnIndex(0), BoundRegion { var: 0, kind: BrAnon }) display_node::DisplayNode, &ReBound(DebruijnIndex(0), BoundRegion { var: 1, kind: BrAnon }) display_node::DisplayNode)) - std::cmp::Ordering, [Region(BrAnon), Region(BrAnon)]), ()]),)]), i8, Binder(extern "RustCall" fn((usize,)) - *mut core::slice::sort::TimSortRun, []), ()]), Closure(DefId(5:5465 ~ alloc[484d]::slice::stable_sort::{closure#3}), [display_node::DisplayNode, Closure(DefId(5:5384 ~ alloc[484d]::slice::{impl#0}::sort_by::{closure#0}), [display_node::DisplayNode, Closure(DefId(0:151 ~ dust[dbbc]::filter::recursive_rebuilder::{closure#2}), [i16, Binder(extern "RustCall" fn((&ReBound(DebruijnIndex(0), BoundRegion { var: 0, kind: BrAnon }) display_node::DisplayNode, &ReBound(DebruijnIndex(0), BoundRegion { var: 1, kind: BrAnon }) display_node::DisplayNode)) - std::cmp::Ordering, [Region(BrAnon), Region(BrAnon)]), ()]), i16, Binder(extern "RustCall" fn((&ReBound(DebruijnIndex(0), BoundRegion { var: 0, kind: BrAnon }) display_node::DisplayNode, &ReBound(DebruijnIndex(0), BoundRegion { var: 1, kind: BrAnon }) display_node::DisplayNode)) - bool, [Region(BrAnon), Region(BrAnon)]), (&ReErased mut Closure(DefId(0:151 ~ dust[dbbc]::filter::recursive_rebuilder::{closure#2}), [i16, Binder(extern "RustCall" fn((&ReBound(DebruijnIndex(0), BoundRegion { var: 0, kind: BrAnon }) display_node::DisplayNode, &ReBound(DebruijnIndex(0), BoundRegion { var: 1, kind: BrAnon }) display_node::DisplayNode)) - std::cmp::Ordering, [Region(BrAnon), Region(BrAnon)]), ()]),)]), i8, Binder(extern "RustCall" fn((*mut core::slice::sort::TimSortRun, usize)), []), ()])
3	1	1	1	clap::builder::arg::{impl#4}::get_action
3	1	1	1	core::slice::sort::merge_sort::{impl#3}::index, i16, Binder(extern "RustCall" fn((&ReBound(DebruijnIndex(0), BoundRegion { var: 0, kind: BrAnon }) (f64, std::string::String), &ReBound(DebruijnIndex(0), BoundRegion { var: 1, kind: BrAnon }) (f64, std::string::String))) - std::cmp::Ordering, [Region(BrAnon), Region(BrAnon)]), ()]), i16, Binder(extern "RustCall" fn((&ReBound(DebruijnIndex(0), BoundRegion { var: 0, kind: BrAnon }) (f64, std::string::String), &ReBound(DebruijnIndex(0), BoundRegion { var: 1, kind: BrAnon }) (f64, std::string::String))) - bool, [Region(BrAnon), Region(BrAnon)]), (&ReErased mut Closure(DefId(19:2167 ~ clap[48e1]::parser::features::suggestions::did_you_mean::{closure#2}), [&ReErased str, std::iter::Map &ReErased str, []), ()]), i16, Binder(extern "RustCall" fn((&ReBound(DebruijnIndex(0), BoundRegion { var: 0, kind: BrAnon }) (f64, std::string::String), &ReBound(DebruijnIndex(0), BoundRegion { var: 1, kind: BrAnon }) (f64, std::string::String))) - std::cmp::Ordering, [Region(BrAnon), Region(BrAnon)]), ()]),)]), i8, Binder(extern "RustCall" fn((usize,)) - *mut core::slice::sort::TimSortRun, []), ()]), Closure(DefId(5:5465 ~ alloc[484d]::slice::stable_sort::{closure#3}), [(f64, std::string::String), Closure(DefId(5:5384 ~ alloc[484d]::slice::{impl#0}::sort_by::{closure#0}), [(f64, std::string::String), Closure(DefId(19:2167 ~ clap[48e1]::parser::features::suggestions::did_you_mean::{closure#2}), [&ReErased str, std::iter::Map &ReErased str, []), ()]), i16, Binder(extern "RustCall" fn((&ReBound(DebruijnIndex(0), BoundRegion { var: 0, kind: BrAnon }) (f64, std::string::String), &ReBound(DebruijnIndex(0), BoundRegion { var: 1, kind: BrAnon }) (f64, std::string::String))) - std::cmp::Ordering, [Region(BrAnon), Region(BrAnon)]), ()]), i16, Binder(extern "RustCall" fn((&ReBound(DebruijnIndex(0), BoundRegion { var: 0, kind: BrAnon }) (f64, std::string::String), &ReBound(DebruijnIndex(0), BoundRegion { var: 1, kind: BrAnon }) (f64, std::string::String))) - bool, [Region(BrAnon), Region(BrAnon)]), (&ReErased mut Closure(DefId(19:2167 ~ clap[48e1]::parser::features::suggestions::did_you_mean::{closure#2}), [&ReErased str, std::iter::Map &ReErased str, []), ()]), i16, Binder(extern "RustCall" fn((&ReBound(DebruijnIndex(0), BoundRegion { var: 0, kind: BrAnon }) (f64, std::string::String), &ReBound(DebruijnIndex(0), BoundRegion { var: 1, kind: BrAnon }) (f64, std::string::String))) - std::cmp::Ordering, [Region(BrAnon), Region(BrAnon)]), ()]),)]), i8, Binder(extern "RustCall" fn((*mut core::slice::sort::TimSortRun, usize)), []), ()])
3	1	1	1	core::slice::sort::merge_sort::{impl#3}::index std::cmp::Ordering, [Region(BrAnon), Region(BrAnon)]), ()]), i16, Binder(extern "RustCall" fn((&ReBound(DebruijnIndex(0), BoundRegion { var: 0, kind: BrAnon }) filter_type::ExtensionNode, &ReBound(DebruijnIndex(0), BoundRegion { var: 1, kind: BrAnon }) filter_type::ExtensionNode)) - bool, [Region(BrAnon), Region(BrAnon)]), (&ReErased mut Closure(DefId(0:160 ~ dust[dbbc]::filter_type::get_all_file_types::{closure#1}), [i16, Binder(extern "RustCall" fn((&ReBound(DebruijnIndex(0), BoundRegion { var: 0, kind: BrAnon }) filter_type::ExtensionNode, &ReBound(DebruijnIndex(0), BoundRegion { var: 1, kind: BrAnon }) filter_type::ExtensionNode)) - std::cmp::Ordering, [Region(BrAnon), Region(BrAnon)]), ()]),)]), i8, Binder(extern "RustCall" fn((usize,)) - *mut core::slice::sort::TimSortRun, []), ()]), Closure(DefId(5:5465 ~ alloc[484d]::slice::stable_sort::{closure#3}), [filter_type::ExtensionNode, Closure(DefId(5:5384 ~ alloc[484d]::slice::{impl#0}::sort_by::{closure#0}), [filter_type::ExtensionNode, Closure(DefId(0:160 ~ dust[dbbc]::filter_type::get_all_file_types::{closure#1}), [i16, Binder(extern "RustCall" fn((&ReBound(DebruijnIndex(0), BoundRegion { var: 0, kind: BrAnon }) filter_type::ExtensionNode, &ReBound(DebruijnIndex(0), BoundRegion { var: 1, kind: BrAnon }) filter_type::ExtensionNode)) - std::cmp::Ordering, [Region(BrAnon), Region(BrAnon)]), ()]), i16, Binder(extern "RustCall" fn((&ReBound(DebruijnIndex(0), BoundRegion { var: 0, kind: BrAnon }) filter_type::ExtensionNode, &ReBound(DebruijnIndex(0), BoundRegion { var: 1, kind: BrAnon }) filter_type::ExtensionNode)) - bool, [Region(BrAnon), Region(BrAnon)]), (&ReErased mut Closure(DefId(0:160 ~ dust[dbbc]::filter_type::get_all_file_types::{closure#1}), [i16, Binder(extern "RustCall" fn((&ReBound(DebruijnIndex(0), BoundRegion { var: 0, kind: BrAnon }) filter_type::ExtensionNode, &ReBound(DebruijnIndex(0), BoundRegion { var: 1, kind: BrAnon }) filter_type::ExtensionNode)) - std::cmp::Ordering, [Region(BrAnon), Region(BrAnon)]), ()]),)]), i8, Binder(extern "RustCall" fn((*mut core::slice::sort::TimSortRun, usize)), []), ()])
3	1	1	1	core::slice::sort::merge_sort::{impl#3}::index, &ReErased str, std::slice::IterMut, i16, Binder(extern "RustCall" fn((&ReErased clap::mkeymap::KeyType,)) - std::option::Option, []), ()]), i16, Binder(extern "RustCall" fn((&ReBound(DebruijnIndex(0), BoundRegion { var: 0, kind: BrAnon }) (f64, std::string::String), &ReBound(DebruijnIndex(0), BoundRegion { var: 1, kind: BrAnon }) (f64, std::string::String))) - std::cmp::Ordering, [Region(BrAnon), Region(BrAnon)]), ()]), i16, Binder(extern "RustCall" fn((&ReBound(DebruijnIndex(0), BoundRegion { var: 0, kind: BrAnon }) (f64, std::string::String), &ReBound(DebruijnIndex(0), BoundRegion { var: 1, kind: BrAnon }) (f64, std::string::String))) - bool, [Region(BrAnon), Region(BrAnon)]), (&ReErased mut Closure(DefId(19:2167 ~ clap[48e1]::parser::features::suggestions::did_you_mean::{closure#2}), [std::string::String, std::iter::FilterMap, Closure(DefId(19:2176 ~ clap[48e1]::parser::features::suggestions::did_you_mean_flag::{closure#0}::{closure#0}), [ReErased, ReErased, std::iter::Map &ReErased str, []), ()]), &ReErased str, std::slice::IterMut, i16, Binder(extern "RustCall" fn((&ReErased clap::mkeymap::KeyType,)) - std::option::Option, []), ()]), i16, Binder(extern "RustCall" fn((&ReBound(DebruijnIndex(0), BoundRegion { var: 0, kind: BrAnon }) (f64, std::string::String), &ReBound(DebruijnIndex(0), BoundRegion { var: 1, kind: BrAnon }) (f64, std::string::String))) - std::cmp::Ordering, [Region(BrAnon), Region(BrAnon)]), ()]),)]), i8, Binder(extern "RustCall" fn((usize,)) - *mut core::slice::sort::TimSortRun, []), ()]), Closure(DefId(5:5465 ~ alloc[484d]::slice::stable_sort::{closure#3}), [(f64, std::string::String), Closure(DefId(5:5384 ~ alloc[484d]::slice::{impl#0}::sort_by::{closure#0}), [(f64, std::string::String), Closure(DefId(19:2167 ~ clap[48e1]::parser::features::suggestions::did_you_mean::{closure#2}), [std::string::String, std::iter::FilterMap, Closure(DefId(19:2176 ~ clap[48e1]::parser::features::suggestions::did_you_mean_flag::{closure#0}::{closure#0}), [ReErased, ReErased, std::iter::Map &ReErased str, []), ()]), &ReErased str, std::slice::IterMut, i16, Binder(extern "RustCall" fn((&ReErased clap::mkeymap::KeyType,)) - std::option::Option, []), ()]), i16, Binder(extern "RustCall" fn((&ReBound(DebruijnIndex(0), BoundRegion { var: 0, kind: BrAnon }) (f64, std::string::String), &ReBound(DebruijnIndex(0), BoundRegion { var: 1, kind: BrAnon }) (f64, std::string::String))) - std::cmp::Ordering, [Region(BrAnon), Region(BrAnon)]), ()]), i16, Binder(extern "RustCall" fn((&ReBound(DebruijnIndex(0), BoundRegion { var: 0, kind: BrAnon }) (f64, std::string::String), &ReBound(DebruijnIndex(0), BoundRegion { var: 1, kind: BrAnon }) (f64, std::string::String))) - bool, [Region(BrAnon), Region(BrAnon)]), (&ReErased mut Closure(DefId(19:2167 ~ clap[48e1]::parser::features::suggestions::did_you_mean::{closure#2}), [std::string::String, std::iter::FilterMap, Closure(DefId(19:2176 ~ clap[48e1]::parser::features::suggestions::did_you_mean_flag::{closure#0}::{closure#0}), [ReErased, ReErased, std::iter::Map &ReErased str, []), ()]), &ReErased str, std::slice::IterMut, i16, Binder(extern "RustCall" fn((&ReErased clap::mkeymap::KeyType,)) - std::option::Option, []), ()]), i16, Binder(extern "RustCall" fn((&ReBound(DebruijnIndex(0), BoundRegion { var: 0, kind: BrAnon }) (f64, std::string::String), &ReBound(DebruijnIndex(0), BoundRegion { var: 1, kind: BrAnon }) (f64, std::string::String))) - std::cmp::Ordering, [Region(BrAnon), Region(BrAnon)]), ()]),)]), i8, Binder(extern "RustCall" fn((*mut core::slice::sort::TimSortRun, usize)), []), ()])
3	1	1	1	core::slice::sort::merge_sort::{impl#3}::index std::cmp::Ordering, [Region(BrAnon), Region(BrAnon)]), ()]), i16, Binder(extern "RustCall" fn((&ReBound(DebruijnIndex(0), BoundRegion { var: 0, kind: BrAnon }) (usize, std::string::String, &ReErased clap::Arg), &ReBound(DebruijnIndex(0), BoundRegion { var: 1, kind: BrAnon }) (usize, std::string::String, &ReErased clap::Arg))) - bool, [Region(BrAnon), Region(BrAnon)]), (&ReErased mut Closure(DefId(19:2307 ~ clap[48e1]::output::help::{impl#1}::write_args::{closure#1}), [ReErased, ReErased, ReErased, i16, Binder(extern "RustCall" fn((&ReBound(DebruijnIndex(0), BoundRegion { var: 0, kind: BrAnon }) (usize, std::string::String, &ReErased clap::Arg), &ReBound(DebruijnIndex(0), BoundRegion { var: 1, kind: BrAnon }) (usize, std::string::String, &ReErased clap::Arg))) - std::cmp::Ordering, [Region(BrAnon), Region(BrAnon)]), ()]),)]), i8, Binder(extern "RustCall" fn((usize,)) - *mut core::slice::sort::TimSortRun, []), ()]), Closure(DefId(5:5465 ~ alloc[484d]::slice::stable_sort::{closure#3}), [(usize, std::string::String, &ReErased clap::Arg), Closure(DefId(5:5384 ~ alloc[484d]::slice::{impl#0}::sort_by::{closure#0}), [(usize, std::string::String, &ReErased clap::Arg), Closure(DefId(19:2307 ~ clap[48e1]::output::help::{impl#1}::write_args::{closure#1}), [ReErased, ReErased, ReErased, i16, Binder(extern "RustCall" fn((&ReBound(DebruijnIndex(0), BoundRegion { var: 0, kind: BrAnon }) (usize, std::string::String, &ReErased clap::Arg), &ReBound(DebruijnIndex(0), BoundRegion { var: 1, kind: BrAnon }) (usize, std::string::String, &ReErased clap::Arg))) - std::cmp::Ordering, [Region(BrAnon), Region(BrAnon)]), ()]), i16, Binder(extern "RustCall" fn((&ReBound(DebruijnIndex(0), BoundRegion { var: 0, kind: BrAnon }) (usize, std::string::String, &ReErased clap::Arg), &ReBound(DebruijnIndex(0), BoundRegion { var: 1, kind: BrAnon }) (usize, std::string::String, &ReErased clap::Arg))) - bool, [Region(BrAnon), Region(BrAnon)]), (&ReErased mut Closure(DefId(19:2307 ~ clap[48e1]::output::help::{impl#1}::write_args::{closure#1}), [ReErased, ReErased, ReErased, i16, Binder(extern "RustCall" fn((&ReBound(DebruijnIndex(0), BoundRegion { var: 0, kind: BrAnon }) (usize, std::string::String, &ReErased clap::Arg), &ReBound(DebruijnIndex(0), BoundRegion { var: 1, kind: BrAnon }) (usize, std::string::String, &ReErased clap::Arg))) - std::cmp::Ordering, [Region(BrAnon), Region(BrAnon)]), ()]),)]), i8, Binder(extern "RustCall" fn((*mut core::slice::sort::TimSortRun, usize)), []), ()])
3	2	1	1	aho_corasick::dfa::{impl#7}::repr
3	1	1	1	core::slice::sort::merge_sort::{impl#3}::index std::cmp::Ordering, [Region(BrAnon), Region(BrAnon)]), ()]), i16, Binder(extern "RustCall" fn((&ReBound(DebruijnIndex(0), BoundRegion { var: 0, kind: BrAnon }) (f64, std::string::String), &ReBound(DebruijnIndex(0), BoundRegion { var: 1, kind: BrAnon }) (f64, std::string::String))) - bool, [Region(BrAnon), Region(BrAnon)]), (&ReErased mut Closure(DefId(19:2167 ~ clap[48e1]::parser::features::suggestions::did_you_mean::{closure#2}), [&ReErased &ReErased str, std::slice::Iter, i16, Binder(extern "RustCall" fn((&ReBound(DebruijnIndex(0), BoundRegion { var: 0, kind: BrAnon }) (f64, std::string::String), &ReBound(DebruijnIndex(0), BoundRegion { var: 1, kind: BrAnon }) (f64, std::string::String))) - std::cmp::Ordering, [Region(BrAnon), Region(BrAnon)]), ()]),)]), i8, Binder(extern "RustCall" fn((usize,)) - *mut core::slice::sort::TimSortRun, []), ()]), Closure(DefId(5:5465 ~ alloc[484d]::slice::stable_sort::{closure#3}), [(f64, std::string::String), Closure(DefId(5:5384 ~ alloc[484d]::slice::{impl#0}::sort_by::{closure#0}), [(f64, std::string::String), Closure(DefId(19:2167 ~ clap[48e1]::parser::features::suggestions::did_you_mean::{closure#2}), [&ReErased &ReErased str, std::slice::Iter, i16, Binder(extern "RustCall" fn((&ReBound(DebruijnIndex(0), BoundRegion { var: 0, kind: BrAnon }) (f64, std::string::String), &ReBound(DebruijnIndex(0), BoundRegion { var: 1, kind: BrAnon }) (f64, std::string::String))) - std::cmp::Ordering, [Region(BrAnon), Region(BrAnon)]), ()]), i16, Binder(extern "RustCall" fn((&ReBound(DebruijnIndex(0), BoundRegion { var: 0, kind: BrAnon }) (f64, std::string::String), &ReBound(DebruijnIndex(0), BoundRegion { var: 1, kind: BrAnon }) (f64, std::string::String))) - bool, [Region(BrAnon), Region(BrAnon)]), (&ReErased mut Closure(DefId(19:2167 ~ clap[48e1]::parser::features::suggestions::did_you_mean::{closure#2}), [&ReErased &ReErased str, std::slice::Iter, i16, Binder(extern "RustCall" fn((&ReBound(DebruijnIndex(0), BoundRegion { var: 0, kind: BrAnon }) (f64, std::string::String), &ReBound(DebruijnIndex(0), BoundRegion { var: 1, kind: BrAnon }) (f64, std::string::String))) - std::cmp::Ordering, [Region(BrAnon), Region(BrAnon)]), ()]),)]), i8, Binder(extern "RustCall" fn((*mut core::slice::sort::TimSortRun, usize)), []), ()])
3	3	3	1	alloc::string::{impl#29}::index
3	1	1	1	core::slice::sort::merge_sort::{impl#3}::index std::cmp::Ordering, [Region(BrAnon), Region(BrAnon)]), ()]), i16, Binder(extern "RustCall" fn((&ReBound(DebruijnIndex(0), BoundRegion { var: 0, kind: BrAnon }) addr2line::function::InlinedFunctionAddress, &ReBound(DebruijnIndex(0), BoundRegion { var: 1, kind: BrAnon }) addr2line::function::InlinedFunctionAddress)) - bool, [Region(BrAnon), Region(BrAnon)]), (&ReErased mut Closure(DefId(78:80 ~ addr2line[e9d9]::function::{impl#1}::parse::{closure#0}), [gimli::read::endian_slice::EndianSlice, i16, Binder(extern "RustCall" fn((&ReBound(DebruijnIndex(0), BoundRegion { var: 0, kind: BrAnon }) addr2line::function::InlinedFunctionAddress, &ReBound(DebruijnIndex(0), BoundRegion { var: 1, kind: BrAnon }) addr2line::function::InlinedFunctionAddress)) - std::cmp::Ordering, [Region(BrAnon), Region(BrAnon)]), ()]),)]), i8, Binder(extern "RustCall" fn((usize,)) - *mut cursive::reexports::enumset::__internal::core::slice::sort::TimSortRun, []), ()]), Closure(DefId(5:5465 ~ alloc[484d]::slice::stable_sort::{closure#3}), [addr2line::function::InlinedFunctionAddress, Closure(DefId(5:5384 ~ alloc[484d]::slice::{impl#0}::sort_by::{closure#0}), [addr2line::function::InlinedFunctionAddress, Closure(DefId(78:80 ~ addr2line[e9d9]::function::{impl#1}::parse::{closure#0}), [gimli::read::endian_slice::EndianSlice, i16, Binder(extern "RustCall" fn((&ReBound(DebruijnIndex(0), BoundRegion { var: 0, kind: BrAnon }) addr2line::function::InlinedFunctionAddress, &ReBound(DebruijnIndex(0), BoundRegion { var: 1, kind: BrAnon }) addr2line::function::InlinedFunctionAddress)) - std::cmp::Ordering, [Region(BrAnon), Region(BrAnon)]), ()]), i16, Binder(extern "RustCall" fn((&ReBound(DebruijnIndex(0), BoundRegion { var: 0, kind: BrAnon }) addr2line::function::InlinedFunctionAddress, &ReBound(DebruijnIndex(0), BoundRegion { var: 1, kind: BrAnon }) addr2line::function::InlinedFunctionAddress)) - bool, [Region(BrAnon), Region(BrAnon)]), (&ReErased mut Closure(DefId(78:80 ~ addr2line[e9d9]::function::{impl#1}::parse::{closure#0}), [gimli::read::endian_slice::EndianSlice, i16, Binder(extern "RustCall" fn((&ReBound(DebruijnIndex(0), BoundRegion { var: 0, kind: BrAnon }) addr2line::function::InlinedFunctionAddress, &ReBound(DebruijnIndex(0), BoundRegion { var: 1, kind: BrAnon }) addr2line::function::InlinedFunctionAddress)) - std::cmp::Ordering, [Region(BrAnon), Region(BrAnon)]), ()]),)]), i8, Binder(extern "RustCall" fn((*mut cursive::reexports::enumset::__internal::core::slice::sort::TimSortRun, usize)), []), ()])
3	2	1	1	ring::digest::{impl#3}::as_ref
3	2	1	1	cursive_core::views::menu_popup::{impl#2}::get_scroller_mut
3	1	1	1	core::slice::sort::merge_sort::{impl#3}::index std::cmp::Ordering, [Region(BrAnon), Region(BrAnon)]), (&ReErased std::cmp::Ordering, &ReErased &ReErased mut cursive_table_view::TableView, &ReErased tui::peers::PeerColumn)]), i16, Binder(extern "RustCall" fn((&ReBound(DebruijnIndex(0), BoundRegion { var: 0, kind: BrAnon }) usize, &ReBound(DebruijnIndex(0), BoundRegion { var: 1, kind: BrAnon }) usize)) - bool, [Region(BrAnon), Region(BrAnon)]), (&ReErased mut Closure(DefId(252:135 ~ cursive_table_view[53dc]::{impl#3}::sort_items::{closure#0}), [grin_servers::PeerStats, tui::peers::PeerColumn, i16, Binder(extern "RustCall" fn((&ReBound(DebruijnIndex(0), BoundRegion { var: 0, kind: BrAnon }) usize, &ReBound(DebruijnIndex(0), BoundRegion { var: 1, kind: BrAnon }) usize)) - std::cmp::Ordering, [Region(BrAnon), Region(BrAnon)]), (&ReErased std::cmp::Ordering, &ReErased &ReErased mut cursive_table_view::TableView, &ReErased tui::peers::PeerColumn)]),)]), i8, Binder(extern "RustCall" fn((usize,)) - *mut cursive::reexports::enumset::__internal::core::slice::sort::TimSortRun, []), ()]), Closure(DefId(5:5465 ~ alloc[484d]::slice::stable_sort::{closure#3}), [usize, Closure(DefId(5:5384 ~ alloc[484d]::slice::{impl#0}::sort_by::{closure#0}), [usize, Closure(DefId(252:135 ~ cursive_table_view[53dc]::{impl#3}::sort_items::{closure#0}), [grin_servers::PeerStats, tui::peers::PeerColumn, i16, Binder(extern "RustCall" fn((&ReBound(DebruijnIndex(0), BoundRegion { var: 0, kind: BrAnon }) usize, &ReBound(DebruijnIndex(0), BoundRegion { var: 1, kind: BrAnon }) usize)) - std::cmp::Ordering, [Region(BrAnon), Region(BrAnon)]), (&ReErased std::cmp::Ordering, &ReErased &ReErased mut cursive_table_view::TableView, &ReErased tui::peers::PeerColumn)]), i16, Binder(extern "RustCall" fn((&ReBound(DebruijnIndex(0), BoundRegion { var: 0, kind: BrAnon }) usize, &ReBound(DebruijnIndex(0), BoundRegion { var: 1, kind: BrAnon }) usize)) - bool, [Region(BrAnon), Region(BrAnon)]), (&ReErased mut Closure(DefId(252:135 ~ cursive_table_view[53dc]::{impl#3}::sort_items::{closure#0}), [grin_servers::PeerStats, tui::peers::PeerColumn, i16, Binder(extern "RustCall" fn((&ReBound(DebruijnIndex(0), BoundRegion { var: 0, kind: BrAnon }) usize, &ReBound(DebruijnIndex(0), BoundRegion { var: 1, kind: BrAnon }) usize)) - std::cmp::Ordering, [Region(BrAnon), Region(BrAnon)]), (&ReErased std::cmp::Ordering, &ReErased &ReErased mut cursive_table_view::TableView, &ReErased tui::peers::PeerColumn)]),)]), i8, Binder(extern "RustCall" fn((*mut cursive::reexports::enumset::__internal::core::slice::sort::TimSortRun, usize)), []), ()])
3	1	1	1	core::slice::sort::merge_sort::{impl#3}::index std::cmp::Ordering, [Region(BrAnon), Region(BrAnon)]), (&ReErased std::cmp::Ordering, &ReErased &ReErased mut cursive_table_view::TableView, &ReErased tui::mining::DiffColumn)]), i16, Binder(extern "RustCall" fn((&ReBound(DebruijnIndex(0), BoundRegion { var: 0, kind: BrAnon }) usize, &ReBound(DebruijnIndex(0), BoundRegion { var: 1, kind: BrAnon }) usize)) - bool, [Region(BrAnon), Region(BrAnon)]), (&ReErased mut Closure(DefId(252:135 ~ cursive_table_view[53dc]::{impl#3}::sort_items::{closure#0}), [grin_servers::DiffBlock, tui::mining::DiffColumn, i16, Binder(extern "RustCall" fn((&ReBound(DebruijnIndex(0), BoundRegion { var: 0, kind: BrAnon }) usize, &ReBound(DebruijnIndex(0), BoundRegion { var: 1, kind: BrAnon }) usize)) - std::cmp::Ordering, [Region(BrAnon), Region(BrAnon)]), (&ReErased std::cmp::Ordering, &ReErased &ReErased mut cursive_table_view::TableView, &ReErased tui::mining::DiffColumn)]),)]), i8, Binder(extern "RustCall" fn((usize,)) - *mut cursive::reexports::enumset::__internal::core::slice::sort::TimSortRun, []), ()]), Closure(DefId(5:5465 ~ alloc[484d]::slice::stable_sort::{closure#3}), [usize, Closure(DefId(5:5384 ~ alloc[484d]::slice::{impl#0}::sort_by::{closure#0}), [usize, Closure(DefId(252:135 ~ cursive_table_view[53dc]::{impl#3}::sort_items::{closure#0}), [grin_servers::DiffBlock, tui::mining::DiffColumn, i16, Binder(extern "RustCall" fn((&ReBound(DebruijnIndex(0), BoundRegion { var: 0, kind: BrAnon }) usize, &ReBound(DebruijnIndex(0), BoundRegion { var: 1, kind: BrAnon }) usize)) - std::cmp::Ordering, [Region(BrAnon), Region(BrAnon)]), (&ReErased std::cmp::Ordering, &ReErased &ReErased mut cursive_table_view::TableView, &ReErased tui::mining::DiffColumn)]), i16, Binder(extern "RustCall" fn((&ReBound(DebruijnIndex(0), BoundRegion { var: 0, kind: BrAnon }) usize, &ReBound(DebruijnIndex(0), BoundRegion { var: 1, kind: BrAnon }) usize)) - bool, [Region(BrAnon), Region(BrAnon)]), (&ReErased mut Closure(DefId(252:135 ~ cursive_table_view[53dc]::{impl#3}::sort_items::{closure#0}), [grin_servers::DiffBlock, tui::mining::DiffColumn, i16, Binder(extern "RustCall" fn((&ReBound(DebruijnIndex(0), BoundRegion { var: 0, kind: BrAnon }) usize, &ReBound(DebruijnIndex(0), BoundRegion { var: 1, kind: BrAnon }) usize)) - std::cmp::Ordering, [Region(BrAnon), Region(BrAnon)]), (&ReErased std::cmp::Ordering, &ReErased &ReErased mut cursive_table_view::TableView, &ReErased tui::mining::DiffColumn)]),)]), i8, Binder(extern "RustCall" fn((*mut cursive::reexports::enumset::__internal::core::slice::sort::TimSortRun, usize)), []), ()])
3	1	1	1	core::slice::sort::merge_sort::{impl#3}::index, Closure(DefId(19:538 ~ clap[6771]::app::usage::get_required_usage_from::{closure#11}), [i16, Binder(extern "RustCall" fn((&ReBound(DebruijnIndex(0), BoundRegion { var: 0, kind: BrAnon }) &ReErased clap::args::arg_builder::positional::PosBuilder,)) - bool, [Region(BrAnon)]), (&ReErased std::vec::Vec,)]), Closure(DefId(19:539 ~ clap[6771]::app::usage::get_required_usage_from::{closure#12}), [i16, Binder(extern "RustCall" fn((&ReErased clap::args::arg_builder::positional::PosBuilder,)) - (u64, &ReErased clap::args::arg_builder::positional::PosBuilder), []), ()]), i16, Binder(extern "RustCall" fn((&ReBound(DebruijnIndex(0), BoundRegion { var: 0, kind: BrAnon }) (u64, &ReErased clap::args::arg_builder::positional::PosBuilder), &ReBound(DebruijnIndex(0), BoundRegion { var: 1, kind: BrAnon }) (u64, &ReErased clap::args::arg_builder::positional::PosBuilder))) - std::cmp::Ordering, [Region(BrAnon), Region(BrAnon)]), ()]), i16, Binder(extern "RustCall" fn((&ReBound(DebruijnIndex(0), BoundRegion { var: 0, kind: BrAnon }) (u64, &ReErased clap::args::arg_builder::positional::PosBuilder), &ReBound(DebruijnIndex(0), BoundRegion { var: 1, kind: BrAnon }) (u64, &ReErased clap::args::arg_builder::positional::PosBuilder))) - bool, [Region(BrAnon), Region(BrAnon)]), (&ReErased mut Closure(DefId(5:1966 ~ alloc[484d]::collections::btree::map::{impl#78}::from_iter::{closure#0}), [u64, &ReErased clap::args::arg_builder::positional::PosBuilder, std::iter::Map bool, [Region(BrAnon)]), (&ReErased bool,)]), Closure(DefId(19:538 ~ clap[6771]::app::usage::get_required_usage_from::{closure#11}), [i16, Binder(extern "RustCall" fn((&ReBound(DebruijnIndex(0), BoundRegion { var: 0, kind: BrAnon }) &ReErased clap::args::arg_builder::positional::PosBuilder,)) - bool, [Region(BrAnon)]), (&ReErased std::vec::Vec,)]), Closure(DefId(19:539 ~ clap[6771]::app::usage::get_required_usage_from::{closure#12}), [i16, Binder(extern "RustCall" fn((&ReErased clap::args::arg_builder::positional::PosBuilder,)) - (u64, &ReErased clap::args::arg_builder::positional::PosBuilder), []), ()]), i16, Binder(extern "RustCall" fn((&ReBound(DebruijnIndex(0), BoundRegion { var: 0, kind: BrAnon }) (u64, &ReErased clap::args::arg_builder::positional::PosBuilder), &ReBound(DebruijnIndex(0), BoundRegion { var: 1, kind: BrAnon }) (u64, &ReErased clap::args::arg_builder::positional::PosBuilder))) - std::cmp::Ordering, [Region(BrAnon), Region(BrAnon)]), ()]),)]), i8, Binder(extern "RustCall" fn((usize,)) - *mut cursive::reexports::enumset::__internal::core::slice::sort::TimSortRun, []), ()]), Closure(DefId(5:5465 ~ alloc[484d]::slice::stable_sort::{closure#3}), [(u64, &ReErased clap::args::arg_builder::positional::PosBuilder), Closure(DefId(5:5384 ~ alloc[484d]::slice::{impl#0}::sort_by::{closure#0}), [(u64, &ReErased clap::args::arg_builder::positional::PosBuilder), Closure(DefId(5:1966 ~ alloc[484d]::collections::btree::map::{impl#78}::from_iter::{closure#0}), [u64, &ReErased clap::args::arg_builder::positional::PosBuilder, std::iter::Map bool, [Region(BrAnon)]), (&ReErased bool,)]), Closure(DefId(19:538 ~ clap[6771]::app::usage::get_required_usage_from::{closure#11}), [i16, Binder(extern "RustCall" fn((&ReBound(DebruijnIndex(0), BoundRegion { var: 0, kind: BrAnon }) &ReErased clap::args::arg_builder::positional::PosBuilder,)) - bool, [Region(BrAnon)]), (&ReErased std::vec::Vec,)]), Closure(DefId(19:539 ~ clap[6771]::app::usage::get_required_usage_from::{closure#12}), [i16, Binder(extern "RustCall" fn((&ReErased clap::args::arg_builder::positional::PosBuilder,)) - (u64, &ReErased clap::args::arg_builder::positional::PosBuilder), []), ()]), i16, Binder(extern "RustCall" fn((&ReBound(DebruijnIndex(0), BoundRegion { var: 0, kind: BrAnon }) (u64, &ReErased clap::args::arg_builder::positional::PosBuilder), &ReBound(DebruijnIndex(0), BoundRegion { var: 1, kind: BrAnon }) (u64, &ReErased clap::args::arg_builder::positional::PosBuilder))) - std::cmp::Ordering, [Region(BrAnon), Region(BrAnon)]), ()]), i16, Binder(extern "RustCall" fn((&ReBound(DebruijnIndex(0), BoundRegion { var: 0, kind: BrAnon }) (u64, &ReErased clap::args::arg_builder::positional::PosBuilder), &ReBound(DebruijnIndex(0), BoundRegion { var: 1, kind: BrAnon }) (u64, &ReErased clap::args::arg_builder::positional::PosBuilder))) - bool, [Region(BrAnon), Region(BrAnon)]), (&ReErased mut Closure(DefId(5:1966 ~ alloc[484d]::collections::btree::map::{impl#78}::from_iter::{closure#0}), [u64, &ReErased clap::args::arg_builder::positional::PosBuilder, std::iter::Map bool, [Region(BrAnon)]), (&ReErased bool,)]), Closure(DefId(19:538 ~ clap[6771]::app::usage::get_required_usage_from::{closure#11}), [i16, Binder(extern "RustCall" fn((&ReBound(DebruijnIndex(0), BoundRegion { var: 0, kind: BrAnon }) &ReErased clap::args::arg_builder::positional::PosBuilder,)) - bool, [Region(BrAnon)]), (&ReErased std::vec::Vec,)]), Closure(DefId(19:539 ~ clap[6771]::app::usage::get_required_usage_from::{closure#12}), [i16, Binder(extern "RustCall" fn((&ReErased clap::args::arg_builder::positional::PosBuilder,)) - (u64, &ReErased clap::args::arg_builder::positional::PosBuilder), []), ()]), i16, Binder(extern "RustCall" fn((&ReBound(DebruijnIndex(0), BoundRegion { var: 0, kind: BrAnon }) (u64, &ReErased clap::args::arg_builder::positional::PosBuilder), &ReBound(DebruijnIndex(0), BoundRegion { var: 1, kind: BrAnon }) (u64, &ReErased clap::args::arg_builder::positional::PosBuilder))) - std::cmp::Ordering, [Region(BrAnon), Region(BrAnon)]), ()]),)]), i8, Binder(extern "RustCall" fn((*mut cursive::reexports::enumset::__internal::core::slice::sort::TimSortRun, usize)), []), ()])
3	1	1	1	core::slice::sort::merge_sort::{impl#3}::index std::cmp::Ordering, [Region(BrAnon), Region(BrAnon)]), (&ReErased mut &ReErased mut std::boxed::Box,)]), i16, Binder(extern "RustCall" fn((&ReBound(DebruijnIndex(0), BoundRegion { var: 0, kind: BrAnon }) std::result::Result, &ReBound(DebruijnIndex(0), BoundRegion { var: 1, kind: BrAnon }) std::result::Result)) - bool, [Region(BrAnon), Region(BrAnon)]), (&ReErased mut Closure(DefId(110:148 ~ walkdir[b019]::{impl#5}::push::{closure#1}), [i16, Binder(extern "RustCall" fn((&ReBound(DebruijnIndex(0), BoundRegion { var: 0, kind: BrAnon }) std::result::Result, &ReBound(DebruijnIndex(0), BoundRegion { var: 1, kind: BrAnon }) std::result::Result)) - std::cmp::Ordering, [Region(BrAnon), Region(BrAnon)]), (&ReErased mut &ReErased mut std::boxed::Box,)]),)]), i8, Binder(extern "RustCall" fn((usize,)) - *mut cursive::reexports::enumset::__internal::core::slice::sort::TimSortRun, []), ()]), Closure(DefId(5:5465 ~ alloc[484d]::slice::stable_sort::{closure#3}), [std::result::Result, Closure(DefId(5:5384 ~ alloc[484d]::slice::{impl#0}::sort_by::{closure#0}), [std::result::Result, Closure(DefId(110:148 ~ walkdir[b019]::{impl#5}::push::{closure#1}), [i16, Binder(extern "RustCall" fn((&ReBound(DebruijnIndex(0), BoundRegion { var: 0, kind: BrAnon }) std::result::Result, &ReBound(DebruijnIndex(0), BoundRegion { var: 1, kind: BrAnon }) std::result::Result)) - std::cmp::Ordering, [Region(BrAnon), Region(BrAnon)]), (&ReErased mut &ReErased mut std::boxed::Box,)]), i16, Binder(extern "RustCall" fn((&ReBound(DebruijnIndex(0), BoundRegion { var: 0, kind: BrAnon }) std::result::Result, &ReBound(DebruijnIndex(0), BoundRegion { var: 1, kind: BrAnon }) std::result::Result)) - bool, [Region(BrAnon), Region(BrAnon)]), (&ReErased mut Closure(DefId(110:148 ~ walkdir[b019]::{impl#5}::push::{closure#1}), [i16, Binder(extern "RustCall" fn((&ReBound(DebruijnIndex(0), BoundRegion { var: 0, kind: BrAnon }) std::result::Result, &ReBound(DebruijnIndex(0), BoundRegion { var: 1, kind: BrAnon }) std::result::Result)) - std::cmp::Ordering, [Region(BrAnon), Region(BrAnon)]), (&ReErased mut &ReErased mut std::boxed::Box,)]),)]), i8, Binder(extern "RustCall" fn((*mut cursive::reexports::enumset::__internal::core::slice::sort::TimSortRun, usize)), []), ()])
3	1	1	1	core::slice::sort::merge_sort::{impl#3}::index bool, [Region(BrAnon)]), (&ReErased bool,)]), Closure(DefId(19:531 ~ clap[6771]::app::usage::get_required_usage_from::{closure#6}), [i16, Binder(extern "RustCall" fn((&ReBound(DebruijnIndex(0), BoundRegion { var: 0, kind: BrAnon }) &ReErased clap::args::arg_builder::positional::PosBuilder,)) - bool, [Region(BrAnon)]), (&ReErased std::vec::Vec,)]), Closure(DefId(19:532 ~ clap[6771]::app::usage::get_required_usage_from::{closure#7}), [i16, Binder(extern "RustCall" fn((&ReErased clap::args::arg_builder::positional::PosBuilder,)) - (u64, &ReErased clap::args::arg_builder::positional::PosBuilder), []), ()]), i16, Binder(extern "RustCall" fn((&ReBound(DebruijnIndex(0), BoundRegion { var: 0, kind: BrAnon }) (u64, &ReErased clap::args::arg_builder::positional::PosBuilder), &ReBound(DebruijnIndex(0), BoundRegion { var: 1, kind: BrAnon }) (u64, &ReErased clap::args::arg_builder::positional::PosBuilder))) - std::cmp::Ordering, [Region(BrAnon), Region(BrAnon)]), ()]), i16, Binder(extern "RustCall" fn((&ReBound(DebruijnIndex(0), BoundRegion { var: 0, kind: BrAnon }) (u64, &ReErased clap::args::arg_builder::positional::PosBuilder), &ReBound(DebruijnIndex(0), BoundRegion { var: 1, kind: BrAnon }) (u64, &ReErased clap::args::arg_builder::positional::PosBuilder))) - bool, [Region(BrAnon), Region(BrAnon)]), (&ReErased mut Closure(DefId(5:1966 ~ alloc[484d]::collections::btree::map::{impl#78}::from_iter::{closure#0}), [u64, &ReErased clap::args::arg_builder::positional::PosBuilder, std::iter::Map, Closure(DefId(19:530 ~ clap[6771]::app::usage::get_required_usage_from::{closure#5}), [i16, Binder(extern "RustCall" fn((&ReBound(DebruijnIndex(0), BoundRegion { var: 0, kind: BrAnon }) &ReErased clap::args::arg_builder::positional::PosBuilder,)) - bool, [Region(BrAnon)]), (&ReErased bool,)]), Closure(DefId(19:531 ~ clap[6771]::app::usage::get_required_usage_from::{closure#6}), [i16, Binder(extern "RustCall" fn((&ReBound(DebruijnIndex(0), BoundRegion { var: 0, kind: BrAnon }) &ReErased clap::args::arg_builder::positional::PosBuilder,)) - bool, [Region(BrAnon)]), (&ReErased std::vec::Vec,)]), Closure(DefId(19:532 ~ clap[6771]::app::usage::get_required_usage_from::{closure#7}), [i16, Binder(extern "RustCall" fn((&ReErased clap::args::arg_builder::positional::PosBuilder,)) - (u64, &ReErased clap::args::arg_builder::positional::PosBuilder), []), ()]), i16, Binder(extern "RustCall" fn((&ReBound(DebruijnIndex(0), BoundRegion { var: 0, kind: BrAnon }) (u64, &ReErased clap::args::arg_builder::positional::PosBuilder), &ReBound(DebruijnIndex(0), BoundRegion { var: 1, kind: BrAnon }) (u64, &ReErased clap::args::arg_builder::positional::PosBuilder))) - std::cmp::Ordering, [Region(BrAnon), Region(BrAnon)]), ()]),)]), i8, Binder(extern "RustCall" fn((usize,)) - *mut cursive::reexports::enumset::__internal::core::slice::sort::TimSortRun, []), ()]), Closure(DefId(5:5465 ~ alloc[484d]::slice::stable_sort::{closure#3}), [(u64, &ReErased clap::args::arg_builder::positional::PosBuilder), Closure(DefId(5:5384 ~ alloc[484d]::slice::{impl#0}::sort_by::{closure#0}), [(u64, &ReErased clap::args::arg_builder::positional::PosBuilder), Closure(DefId(5:1966 ~ alloc[484d]::collections::btree::map::{impl#78}::from_iter::{closure#0}), [u64, &ReErased clap::args::arg_builder::positional::PosBuilder, std::iter::Map, Closure(DefId(19:530 ~ clap[6771]::app::usage::get_required_usage_from::{closure#5}), [i16, Binder(extern "RustCall" fn((&ReBound(DebruijnIndex(0), BoundRegion { var: 0, kind: BrAnon }) &ReErased clap::args::arg_builder::positional::PosBuilder,)) - bool, [Region(BrAnon)]), (&ReErased bool,)]), Closure(DefId(19:531 ~ clap[6771]::app::usage::get_required_usage_from::{closure#6}), [i16, Binder(extern "RustCall" fn((&ReBound(DebruijnIndex(0), BoundRegion { var: 0, kind: BrAnon }) &ReErased clap::args::arg_builder::positional::PosBuilder,)) - bool, [Region(BrAnon)]), (&ReErased std::vec::Vec,)]), Closure(DefId(19:532 ~ clap[6771]::app::usage::get_required_usage_from::{closure#7}), [i16, Binder(extern "RustCall" fn((&ReErased clap::args::arg_builder::positional::PosBuilder,)) - (u64, &ReErased clap::args::arg_builder::positional::PosBuilder), []), ()]), i16, Binder(extern "RustCall" fn((&ReBound(DebruijnIndex(0), BoundRegion { var: 0, kind: BrAnon }) (u64, &ReErased clap::args::arg_builder::positional::PosBuilder), &ReBound(DebruijnIndex(0), BoundRegion { var: 1, kind: BrAnon }) (u64, &ReErased clap::args::arg_builder::positional::PosBuilder))) - std::cmp::Ordering, [Region(BrAnon), Region(BrAnon)]), ()]), i16, Binder(extern "RustCall" fn((&ReBound(DebruijnIndex(0), BoundRegion { var: 0, kind: BrAnon }) (u64, &ReErased clap::args::arg_builder::positional::PosBuilder), &ReBound(DebruijnIndex(0), BoundRegion { var: 1, kind: BrAnon }) (u64, &ReErased clap::args::arg_builder::positional::PosBuilder))) - bool, [Region(BrAnon), Region(BrAnon)]), (&ReErased mut Closure(DefId(5:1966 ~ alloc[484d]::collections::btree::map::{impl#78}::from_iter::{closure#0}), [u64, &ReErased clap::args::arg_builder::positional::PosBuilder, std::iter::Map, Closure(DefId(19:530 ~ clap[6771]::app::usage::get_required_usage_from::{closure#5}), [i16, Binder(extern "RustCall" fn((&ReBound(DebruijnIndex(0), BoundRegion { var: 0, kind: BrAnon }) &ReErased clap::args::arg_builder::positional::PosBuilder,)) - bool, [Region(BrAnon)]), (&ReErased bool,)]), Closure(DefId(19:531 ~ clap[6771]::app::usage::get_required_usage_from::{closure#6}), [i16, Binder(extern "RustCall" fn((&ReBound(DebruijnIndex(0), BoundRegion { var: 0, kind: BrAnon }) &ReErased clap::args::arg_builder::positional::PosBuilder,)) - bool, [Region(BrAnon)]), (&ReErased std::vec::Vec,)]), Closure(DefId(19:532 ~ clap[6771]::app::usage::get_required_usage_from::{closure#7}), [i16, Binder(extern "RustCall" fn((&ReErased clap::args::arg_builder::positional::PosBuilder,)) - (u64, &ReErased clap::args::arg_builder::positional::PosBuilder), []), ()]), i16, Binder(extern "RustCall" fn((&ReBound(DebruijnIndex(0), BoundRegion { var: 0, kind: BrAnon }) (u64, &ReErased clap::args::arg_builder::positional::PosBuilder), &ReBound(DebruijnIndex(0), BoundRegion { var: 1, kind: BrAnon }) (u64, &ReErased clap::args::arg_builder::positional::PosBuilder))) - std::cmp::Ordering, [Region(BrAnon), Region(BrAnon)]), ()]),)]), i8, Binder(extern "RustCall" fn((*mut cursive::reexports::enumset::__internal::core::slice::sort::TimSortRun, usize)), []), ()])
3	1	1	1	core::slice::sort::merge_sort::{impl#3}::index *mut cursive::reexports::enumset::__internal::core::slice::sort::TimSortRun, []), ()]), Closure(DefId(5:5465 ~ alloc[484d]::slice::stable_sort::{closure#3}), [std::string::String, FnDef(DefId(2:2551 ~ core[3c87]::cmp::PartialOrd::lt), [std::string::String, std::string::String]), i8, Binder(extern "RustCall" fn((*mut cursive::reexports::enumset::__internal::core::slice::sort::TimSortRun, usize)), []), ()])
3	1	1	1	core::slice::sort::merge_sort::{impl#3}::index std::cmp::Ordering, [Region(BrAnon), Region(BrAnon)]), (&ReErased std::cmp::Ordering, &ReErased &ReErased mut cursive_table_view::TableView, &ReErased tui::mining::StratumWorkerColumn)]), i16, Binder(extern "RustCall" fn((&ReBound(DebruijnIndex(0), BoundRegion { var: 0, kind: BrAnon }) usize, &ReBound(DebruijnIndex(0), BoundRegion { var: 1, kind: BrAnon }) usize)) - bool, [Region(BrAnon), Region(BrAnon)]), (&ReErased mut Closure(DefId(252:135 ~ cursive_table_view[53dc]::{impl#3}::sort_items::{closure#0}), [grin_servers::WorkerStats, tui::mining::StratumWorkerColumn, i16, Binder(extern "RustCall" fn((&ReBound(DebruijnIndex(0), BoundRegion { var: 0, kind: BrAnon }) usize, &ReBound(DebruijnIndex(0), BoundRegion { var: 1, kind: BrAnon }) usize)) - std::cmp::Ordering, [Region(BrAnon), Region(BrAnon)]), (&ReErased std::cmp::Ordering, &ReErased &ReErased mut cursive_table_view::TableView, &ReErased tui::mining::StratumWorkerColumn)]),)]), i8, Binder(extern "RustCall" fn((usize,)) - *mut cursive::reexports::enumset::__internal::core::slice::sort::TimSortRun, []), ()]), Closure(DefId(5:5465 ~ alloc[484d]::slice::stable_sort::{closure#3}), [usize, Closure(DefId(5:5384 ~ alloc[484d]::slice::{impl#0}::sort_by::{closure#0}), [usize, Closure(DefId(252:135 ~ cursive_table_view[53dc]::{impl#3}::sort_items::{closure#0}), [grin_servers::WorkerStats, tui::mining::StratumWorkerColumn, i16, Binder(extern "RustCall" fn((&ReBound(DebruijnIndex(0), BoundRegion { var: 0, kind: BrAnon }) usize, &ReBound(DebruijnIndex(0), BoundRegion { var: 1, kind: BrAnon }) usize)) - std::cmp::Ordering, [Region(BrAnon), Region(BrAnon)]), (&ReErased std::cmp::Ordering, &ReErased &ReErased mut cursive_table_view::TableView, &ReErased tui::mining::StratumWorkerColumn)]), i16, Binder(extern "RustCall" fn((&ReBound(DebruijnIndex(0), BoundRegion { var: 0, kind: BrAnon }) usize, &ReBound(DebruijnIndex(0), BoundRegion { var: 1, kind: BrAnon }) usize)) - bool, [Region(BrAnon), Region(BrAnon)]), (&ReErased mut Closure(DefId(252:135 ~ cursive_table_view[53dc]::{impl#3}::sort_items::{closure#0}), [grin_servers::WorkerStats, tui::mining::StratumWorkerColumn, i16, Binder(extern "RustCall" fn((&ReBound(DebruijnIndex(0), BoundRegion { var: 0, kind: BrAnon }) usize, &ReBound(DebruijnIndex(0), BoundRegion { var: 1, kind: BrAnon }) usize)) - std::cmp::Ordering, [Region(BrAnon), Region(BrAnon)]), (&ReErased std::cmp::Ordering, &ReErased &ReErased mut cursive_table_view::TableView, &ReErased tui::mining::StratumWorkerColumn)]),)]), i8, Binder(extern "RustCall" fn((*mut cursive::reexports::enumset::__internal::core::slice::sort::TimSortRun, usize)), []), ()])
3	1	1	1	core::slice::sort::merge_sort::{impl#3}::index u64, [Region(BrAnon)]), ()]), i16, Binder(extern "RustCall" fn((&ReBound(DebruijnIndex(0), BoundRegion { var: 0, kind: BrAnon }) addr2line::LineSequence, &ReBound(DebruijnIndex(0), BoundRegion { var: 1, kind: BrAnon }) addr2line::LineSequence)) - bool, [Region(BrAnon), Region(BrAnon)]), (&ReErased mut Closure(DefId(78:188 ~ addr2line[e9d9]::{impl#3}::parse::{closure#1}), [gimli::read::endian_slice::EndianSlice, i16, Binder(extern "RustCall" fn((&ReBound(DebruijnIndex(0), BoundRegion { var: 0, kind: BrAnon }) addr2line::LineSequence,)) - u64, [Region(BrAnon)]), ()]),)]), i8, Binder(extern "RustCall" fn((usize,)) - *mut cursive::reexports::enumset::__internal::core::slice::sort::TimSortRun, []), ()]), Closure(DefId(5:5465 ~ alloc[484d]::slice::stable_sort::{closure#3}), [addr2line::LineSequence, Closure(DefId(5:5388 ~ alloc[484d]::slice::{impl#0}::sort_by_key::{closure#0}), [addr2line::LineSequence, u64, Closure(DefId(78:188 ~ addr2line[e9d9]::{impl#3}::parse::{closure#1}), [gimli::read::endian_slice::EndianSlice, i16, Binder(extern "RustCall" fn((&ReBound(DebruijnIndex(0), BoundRegion { var: 0, kind: BrAnon }) addr2line::LineSequence,)) - u64, [Region(BrAnon)]), ()]), i16, Binder(extern "RustCall" fn((&ReBound(DebruijnIndex(0), BoundRegion { var: 0, kind: BrAnon }) addr2line::LineSequence, &ReBound(DebruijnIndex(0), BoundRegion { var: 1, kind: BrAnon }) addr2line::LineSequence)) - bool, [Region(BrAnon), Region(BrAnon)]), (&ReErased mut Closure(DefId(78:188 ~ addr2line[e9d9]::{impl#3}::parse::{closure#1}), [gimli::read::endian_slice::EndianSlice, i16, Binder(extern "RustCall" fn((&ReBound(DebruijnIndex(0), BoundRegion { var: 0, kind: BrAnon }) addr2line::LineSequence,)) - u64, [Region(BrAnon)]), ()]),)]), i8, Binder(extern "RustCall" fn((*mut cursive::reexports::enumset::__internal::core::slice::sort::TimSortRun, usize)), []), ()])
3	1	1	1	core::slice::sort::merge_sort::{impl#3}::index *mut cursive::reexports::enumset::__internal::core::slice::sort::TimSortRun, []), ()]), Closure(DefId(5:5465 ~ alloc[484d]::slice::stable_sort::{closure#3}), [grin_chain::txhashset::txhashset::OrderedHashLeafNode, FnDef(DefId(2:2551 ~ core[3c87]::cmp::PartialOrd::lt), [grin_chain::txhashset::txhashset::OrderedHashLeafNode, grin_chain::txhashset::txhashset::OrderedHashLeafNode]), i8, Binder(extern "RustCall" fn((*mut cursive::reexports::enumset::__internal::core::slice::sort::TimSortRun, usize)), []), ()])
3	1	1	1	core::slice::sort::merge_sort::{impl#3}::index usize, [Region(BrAnon)]), ()]), i16, Binder(extern "RustCall" fn((&ReBound(DebruijnIndex(0), BoundRegion { var: 0, kind: BrAnon }) log4rs::config::Logger, &ReBound(DebruijnIndex(0), BoundRegion { var: 1, kind: BrAnon }) log4rs::config::Logger)) - bool, [Region(BrAnon), Region(BrAnon)]), (&ReErased mut Closure(DefId(83:1185 ~ log4rs[79e1]::{impl#2}::new::{closure#2}), [i16, Binder(extern "RustCall" fn((&ReBound(DebruijnIndex(0), BoundRegion { var: 0, kind: BrAnon }) log4rs::config::Logger,)) - usize, [Region(BrAnon)]), ()]),)]), i8, Binder(extern "RustCall" fn((usize,)) - *mut cursive::reexports::enumset::__internal::core::slice::sort::TimSortRun, []), ()]), Closure(DefId(5:5465 ~ alloc[484d]::slice::stable_sort::{closure#3}), [log4rs::config::Logger, Closure(DefId(5:5388 ~ alloc[484d]::slice::{impl#0}::sort_by_key::{closure#0}), [log4rs::config::Logger, usize, Closure(DefId(83:1185 ~ log4rs[79e1]::{impl#2}::new::{closure#2}), [i16, Binder(extern "RustCall" fn((&ReBound(DebruijnIndex(0), BoundRegion { var: 0, kind: BrAnon }) log4rs::config::Logger,)) - usize, [Region(BrAnon)]), ()]), i16, Binder(extern "RustCall" fn((&ReBound(DebruijnIndex(0), BoundRegion { var: 0, kind: BrAnon }) log4rs::config::Logger, &ReBound(DebruijnIndex(0), BoundRegion { var: 1, kind: BrAnon }) log4rs::config::Logger)) - bool, [Region(BrAnon), Region(BrAnon)]), (&ReErased mut Closure(DefId(83:1185 ~ log4rs[79e1]::{impl#2}::new::{closure#2}), [i16, Binder(extern "RustCall" fn((&ReBound(DebruijnIndex(0), BoundRegion { var: 0, kind: BrAnon }) log4rs::config::Logger,)) - usize, [Region(BrAnon)]), ()]),)]), i8, Binder(extern "RustCall" fn((*mut cursive::reexports::enumset::__internal::core::slice::sort::TimSortRun, usize)), []), ()])
3	1	1	1	core::slice::sort::merge_sort::{impl#3}::index gimli::common::DebugInfoOffset, [Region(BrAnon)]), ()]), i16, Binder(extern "RustCall" fn((&ReBound(DebruijnIndex(0), BoundRegion { var: 0, kind: BrAnon }) (gimli::common::DebugInfoOffset, gimli::common::DebugArangesOffset), &ReBound(DebruijnIndex(0), BoundRegion { var: 1, kind: BrAnon }) (gimli::common::DebugInfoOffset, gimli::common::DebugArangesOffset))) - bool, [Region(BrAnon), Region(BrAnon)]), (&ReErased mut Closure(DefId(78:171 ~ addr2line[e9d9]::{impl#2}::parse_units::{closure#0}), [gimli::read::endian_slice::EndianSlice, i16, Binder(extern "RustCall" fn((&ReBound(DebruijnIndex(0), BoundRegion { var: 0, kind: BrAnon }) (gimli::common::DebugInfoOffset, gimli::common::DebugArangesOffset),)) - gimli::common::DebugInfoOffset, [Region(BrAnon)]), ()]),)]), i8, Binder(extern "RustCall" fn((usize,)) - *mut cursive::reexports::enumset::__internal::core::slice::sort::TimSortRun, []), ()]), Closure(DefId(5:5465 ~ alloc[484d]::slice::stable_sort::{closure#3}), [(gimli::common::DebugInfoOffset, gimli::common::DebugArangesOffset), Closure(DefId(5:5388 ~ alloc[484d]::slice::{impl#0}::sort_by_key::{closure#0}), [(gimli::common::DebugInfoOffset, gimli::common::DebugArangesOffset), gimli::common::DebugInfoOffset, Closure(DefId(78:171 ~ addr2line[e9d9]::{impl#2}::parse_units::{closure#0}), [gimli::read::endian_slice::EndianSlice, i16, Binder(extern "RustCall" fn((&ReBound(DebruijnIndex(0), BoundRegion { var: 0, kind: BrAnon }) (gimli::common::DebugInfoOffset, gimli::common::DebugArangesOffset),)) - gimli::common::DebugInfoOffset, [Region(BrAnon)]), ()]), i16, Binder(extern "RustCall" fn((&ReBound(DebruijnIndex(0), BoundRegion { var: 0, kind: BrAnon }) (gimli::common::DebugInfoOffset, gimli::common::DebugArangesOffset), &ReBound(DebruijnIndex(0), BoundRegion { var: 1, kind: BrAnon }) (gimli::common::DebugInfoOffset, gimli::common::DebugArangesOffset))) - bool, [Region(BrAnon), Region(BrAnon)]), (&ReErased mut Closure(DefId(78:171 ~ addr2line[e9d9]::{impl#2}::parse_units::{closure#0}), [gimli::read::endian_slice::EndianSlice, i16, Binder(extern "RustCall" fn((&ReBound(DebruijnIndex(0), BoundRegion { var: 0, kind: BrAnon }) (gimli::common::DebugInfoOffset, gimli::common::DebugArangesOffset),)) - gimli::common::DebugInfoOffset, [Region(BrAnon)]), ()]),)]), i8, Binder(extern "RustCall" fn((*mut cursive::reexports::enumset::__internal::core::slice::sort::TimSortRun, usize)), []), ()])
3	1	1	1	core::slice::sort::merge_sort::{impl#3}::index u64, [Region(BrAnon)]), ()]), i16, Binder(extern "RustCall" fn((&ReBound(DebruijnIndex(0), BoundRegion { var: 0, kind: BrAnon }) addr2line::function::FunctionAddress, &ReBound(DebruijnIndex(0), BoundRegion { var: 1, kind: BrAnon }) addr2line::function::FunctionAddress)) - bool, [Region(BrAnon), Region(BrAnon)]), (&ReErased mut Closure(DefId(78:72 ~ addr2line[e9d9]::function::{impl#0}::parse::{closure#1}), [gimli::read::endian_slice::EndianSlice, i16, Binder(extern "RustCall" fn((&ReBound(DebruijnIndex(0), BoundRegion { var: 0, kind: BrAnon }) addr2line::function::FunctionAddress,)) - u64, [Region(BrAnon)]), ()]),)]), i8, Binder(extern "RustCall" fn((usize,)) - *mut cursive::reexports::enumset::__internal::core::slice::sort::TimSortRun, []), ()]), Closure(DefId(5:5465 ~ alloc[484d]::slice::stable_sort::{closure#3}), [addr2line::function::FunctionAddress, Closure(DefId(5:5388 ~ alloc[484d]::slice::{impl#0}::sort_by_key::{closure#0}), [addr2line::function::FunctionAddress, u64, Closure(DefId(78:72 ~ addr2line[e9d9]::function::{impl#0}::parse::{closure#1}), [gimli::read::endian_slice::EndianSlice, i16, Binder(extern "RustCall" fn((&ReBound(DebruijnIndex(0), BoundRegion { var: 0, kind: BrAnon }) addr2line::function::FunctionAddress,)) - u64, [Region(BrAnon)]), ()]), i16, Binder(extern "RustCall" fn((&ReBound(DebruijnIndex(0), BoundRegion { var: 0, kind: BrAnon }) addr2line::function::FunctionAddress, &ReBound(DebruijnIndex(0), BoundRegion { var: 1, kind: BrAnon }) addr2line::function::FunctionAddress)) - bool, [Region(BrAnon), Region(BrAnon)]), (&ReErased mut Closure(DefId(78:72 ~ addr2line[e9d9]::function::{impl#0}::parse::{closure#1}), [gimli::read::endian_slice::EndianSlice, i16, Binder(extern "RustCall" fn((&ReBound(DebruijnIndex(0), BoundRegion { var: 0, kind: BrAnon }) addr2line::function::FunctionAddress,)) - u64, [Region(BrAnon)]), ()]),)]), i8, Binder(extern "RustCall" fn((*mut cursive::reexports::enumset::__internal::core::slice::sort::TimSortRun, usize)), []), ()])
3	1	1	1	cursive_core::utils::span::{impl#11}::as_ref
3	1	1	1	core::slice::sort::merge_sort::{impl#3}::index usize, [Region(BrAnon)]), ()]), i16, Binder(extern "RustCall" fn((&ReBound(DebruijnIndex(0), BoundRegion { var: 0, kind: BrAnon }) (usize, usize), &ReBound(DebruijnIndex(0), BoundRegion { var: 1, kind: BrAnon }) (usize, usize))) - bool, [Region(BrAnon), Region(BrAnon)]), (&ReErased mut Closure(DefId(226:1744 ~ cursive_core[87dd]::views::linear_layout::{impl#4}::required_size::{closure#6}), [i16, Binder(extern "RustCall" fn((&ReBound(DebruijnIndex(0), BoundRegion { var: 0, kind: BrAnon }) (usize, usize),)) - usize, [Region(BrAnon)]), ()]),)]), i8, Binder(extern "RustCall" fn((usize,)) - *mut cursive::reexports::enumset::__internal::core::slice::sort::TimSortRun, []), ()]), Closure(DefId(5:5465 ~ alloc[484d]::slice::stable_sort::{closure#3}), [(usize, usize), Closure(DefId(5:5388 ~ alloc[484d]::slice::{impl#0}::sort_by_key::{closure#0}), [(usize, usize), usize, Closure(DefId(226:1744 ~ cursive_core[87dd]::views::linear_layout::{impl#4}::required_size::{closure#6}), [i16, Binder(extern "RustCall" fn((&ReBound(DebruijnIndex(0), BoundRegion { var: 0, kind: BrAnon }) (usize, usize),)) - usize, [Region(BrAnon)]), ()]), i16, Binder(extern "RustCall" fn((&ReBound(DebruijnIndex(0), BoundRegion { var: 0, kind: BrAnon }) (usize, usize), &ReBound(DebruijnIndex(0), BoundRegion { var: 1, kind: BrAnon }) (usize, usize))) - bool, [Region(BrAnon), Region(BrAnon)]), (&ReErased mut Closure(DefId(226:1744 ~ cursive_core[87dd]::views::linear_layout::{impl#4}::required_size::{closure#6}), [i16, Binder(extern "RustCall" fn((&ReBound(DebruijnIndex(0), BoundRegion { var: 0, kind: BrAnon }) (usize, usize),)) - usize, [Region(BrAnon)]), ()]),)]), i8, Binder(extern "RustCall" fn((*mut cursive::reexports::enumset::__internal::core::slice::sort::TimSortRun, usize)), []), ()])
3	2	1	1	cursive_core::cursive_run::{impl#0}::deref
3	1	1	1	clap::args::arg_matches::{impl#1}::subcommand
3	1	1	1	core::slice::sort::merge_sort::{impl#3}::index *mut cursive::reexports::enumset::__internal::core::slice::sort::TimSortRun, []), ()]), Closure(DefId(5:5465 ~ alloc[484d]::slice::stable_sort::{closure#3}), [grin_util::secp256k1zkp::pedersen::Commitment, FnDef(DefId(2:2551 ~ core[3c87]::cmp::PartialOrd::lt), [grin_util::secp256k1zkp::pedersen::Commitment, grin_util::secp256k1zkp::pedersen::Commitment]), i8, Binder(extern "RustCall" fn((*mut cursive::reexports::enumset::__internal::core::slice::sort::TimSortRun, usize)), []), ()])
3	3	1	1	log4rs::config::{impl#4}::filter
3	1	1	1	core::slice::sort::merge_sort::{impl#3}::index u64, [Region(BrAnon)]), ()]), i16, Binder(extern "RustCall" fn((&ReBound(DebruijnIndex(0), BoundRegion { var: 0, kind: BrAnon }) addr2line::UnitRange, &ReBound(DebruijnIndex(0), BoundRegion { var: 1, kind: BrAnon }) addr2line::UnitRange)) - bool, [Region(BrAnon), Region(BrAnon)]), (&ReErased mut Closure(DefId(78:176 ~ addr2line[e9d9]::{impl#2}::parse_units::{closure#5}), [gimli::read::endian_slice::EndianSlice, i16, Binder(extern "RustCall" fn((&ReBound(DebruijnIndex(0), BoundRegion { var: 0, kind: BrAnon }) addr2line::UnitRange,)) - u64, [Region(BrAnon)]), ()]),)]), i8, Binder(extern "RustCall" fn((usize,)) - *mut cursive::reexports::enumset::__internal::core::slice::sort::TimSortRun, []), ()]), Closure(DefId(5:5465 ~ alloc[484d]::slice::stable_sort::{closure#3}), [addr2line::UnitRange, Closure(DefId(5:5388 ~ alloc[484d]::slice::{impl#0}::sort_by_key::{closure#0}), [addr2line::UnitRange, u64, Closure(DefId(78:176 ~ addr2line[e9d9]::{impl#2}::parse_units::{closure#5}), [gimli::read::endian_slice::EndianSlice, i16, Binder(extern "RustCall" fn((&ReBound(DebruijnIndex(0), BoundRegion { var: 0, kind: BrAnon }) addr2line::UnitRange,)) - u64, [Region(BrAnon)]), ()]), i16, Binder(extern "RustCall" fn((&ReBound(DebruijnIndex(0), BoundRegion { var: 0, kind: BrAnon }) addr2line::UnitRange, &ReBound(DebruijnIndex(0), BoundRegion { var: 1, kind: BrAnon }) addr2line::UnitRange)) - bool, [Region(BrAnon), Region(BrAnon)]), (&ReErased mut Closure(DefId(78:176 ~ addr2line[e9d9]::{impl#2}::parse_units::{closure#5}), [gimli::read::endian_slice::EndianSlice, i16, Binder(extern "RustCall" fn((&ReBound(DebruijnIndex(0), BoundRegion { var: 0, kind: BrAnon }) addr2line::UnitRange,)) - u64, [Region(BrAnon)]), ()]),)]), i8, Binder(extern "RustCall" fn((*mut cursive::reexports::enumset::__internal::core::slice::sort::TimSortRun, usize)), []), ()])
3	3	1	2	lock_api::rwlock::{impl#4}::write
3	1	1	1	core::slice::sort::merge_sort::{impl#3}::index u8, [Region(BrAnon)]), ()]), i16, Binder(extern "RustCall" fn((&ReBound(DebruijnIndex(0), BoundRegion { var: 0, kind: BrAnon }) (u8, char), &ReBound(DebruijnIndex(0), BoundRegion { var: 1, kind: BrAnon }) (u8, char))) - bool, [Region(BrAnon), Region(BrAnon)]), (&ReErased mut Closure(DefId(132:43 ~ unicode_normalization[1002]::decompose::{impl#0}::sort_pending::{closure#0}), [idna::uts46::Mapper, i16, Binder(extern "RustCall" fn((&ReBound(DebruijnIndex(0), BoundRegion { var: 0, kind: BrAnon }) (u8, char),)) - u8, [Region(BrAnon)]), ()]),)]), i8, Binder(extern "RustCall" fn((usize,)) - *mut core::slice::sort::TimSortRun, []), ()]), Closure(DefId(5:5465 ~ alloc[484d]::slice::stable_sort::{closure#3}), [(u8, char), Closure(DefId(5:5388 ~ alloc[484d]::slice::{impl#0}::sort_by_key::{closure#0}), [(u8, char), u8, Closure(DefId(132:43 ~ unicode_normalization[1002]::decompose::{impl#0}::sort_pending::{closure#0}), [idna::uts46::Mapper, i16, Binder(extern "RustCall" fn((&ReBound(DebruijnIndex(0), BoundRegion { var: 0, kind: BrAnon }) (u8, char),)) - u8, [Region(BrAnon)]), ()]), i16, Binder(extern "RustCall" fn((&ReBound(DebruijnIndex(0), BoundRegion { var: 0, kind: BrAnon }) (u8, char), &ReBound(DebruijnIndex(0), BoundRegion { var: 1, kind: BrAnon }) (u8, char))) - bool, [Region(BrAnon), Region(BrAnon)]), (&ReErased mut Closure(DefId(132:43 ~ unicode_normalization[1002]::decompose::{impl#0}::sort_pending::{closure#0}), [idna::uts46::Mapper, i16, Binder(extern "RustCall" fn((&ReBound(DebruijnIndex(0), BoundRegion { var: 0, kind: BrAnon }) (u8, char),)) - u8, [Region(BrAnon)]), ()]),)]), i8, Binder(extern "RustCall" fn((*mut core::slice::sort::TimSortRun, usize)), []), ()])
3	1	1	1	core::slice::sort::merge_sort::{impl#3}::index u8, [Region(BrAnon)]), ()]), i16, Binder(extern "RustCall" fn((&ReBound(DebruijnIndex(0), BoundRegion { var: 0, kind: BrAnon }) (u8, char), &ReBound(DebruijnIndex(0), BoundRegion { var: 1, kind: BrAnon }) (u8, char))) - bool, [Region(BrAnon), Region(BrAnon)]), (&ReErased mut Closure(DefId(132:43 ~ unicode_normalization[1002]::decompose::{impl#0}::sort_pending::{closure#0}), [std::str::Chars, i16, Binder(extern "RustCall" fn((&ReBound(DebruijnIndex(0), BoundRegion { var: 0, kind: BrAnon }) (u8, char),)) - u8, [Region(BrAnon)]), ()]),)]), i8, Binder(extern "RustCall" fn((usize,)) - *mut core::slice::sort::TimSortRun, []), ()]), Closure(DefId(5:5465 ~ alloc[484d]::slice::stable_sort::{closure#3}), [(u8, char), Closure(DefId(5:5388 ~ alloc[484d]::slice::{impl#0}::sort_by_key::{closure#0}), [(u8, char), u8, Closure(DefId(132:43 ~ unicode_normalization[1002]::decompose::{impl#0}::sort_pending::{closure#0}), [std::str::Chars, i16, Binder(extern "RustCall" fn((&ReBound(DebruijnIndex(0), BoundRegion { var: 0, kind: BrAnon }) (u8, char),)) - u8, [Region(BrAnon)]), ()]), i16, Binder(extern "RustCall" fn((&ReBound(DebruijnIndex(0), BoundRegion { var: 0, kind: BrAnon }) (u8, char), &ReBound(DebruijnIndex(0), BoundRegion { var: 1, kind: BrAnon }) (u8, char))) - bool, [Region(BrAnon), Region(BrAnon)]), (&ReErased mut Closure(DefId(132:43 ~ unicode_normalization[1002]::decompose::{impl#0}::sort_pending::{closure#0}), [std::str::Chars, i16, Binder(extern "RustCall" fn((&ReBound(DebruijnIndex(0), BoundRegion { var: 0, kind: BrAnon }) (u8, char),)) - u8, [Region(BrAnon)]), ()]),)]), i8, Binder(extern "RustCall" fn((*mut core::slice::sort::TimSortRun, usize)), []), ()])
3	1	1	1	core::slice::sort::merge_sort::{impl#3}::index bool, [Region(BrAnon)]), (&ReErased bool,)]), Closure(DefId(29:528 ~ clap[30a5]::app::usage::get_required_usage_from::{closure#6}), [i16, Binder(extern "RustCall" fn((&ReBound(DebruijnIndex(0), BoundRegion { var: 0, kind: BrAnon }) &ReErased structopt::clap::args::arg_builder::positional::PosBuilder,)) - bool, [Region(BrAnon)]), (&ReErased std::vec::Vec,)]), Closure(DefId(29:529 ~ clap[30a5]::app::usage::get_required_usage_from::{closure#7}), [i16, Binder(extern "RustCall" fn((&ReErased structopt::clap::args::arg_builder::positional::PosBuilder,)) - (u64, &ReErased structopt::clap::args::arg_builder::positional::PosBuilder), []), ()]), i16, Binder(extern "RustCall" fn((&ReBound(DebruijnIndex(0), BoundRegion { var: 0, kind: BrAnon }) (u64, &ReErased structopt::clap::args::arg_builder::positional::PosBuilder), &ReBound(DebruijnIndex(0), BoundRegion { var: 1, kind: BrAnon }) (u64, &ReErased structopt::clap::args::arg_builder::positional::PosBuilder))) - std::cmp::Ordering, [Region(BrAnon), Region(BrAnon)]), ()]), i16, Binder(extern "RustCall" fn((&ReBound(DebruijnIndex(0), BoundRegion { var: 0, kind: BrAnon }) (u64, &ReErased structopt::clap::args::arg_builder::positional::PosBuilder), &ReBound(DebruijnIndex(0), BoundRegion { var: 1, kind: BrAnon }) (u64, &ReErased structopt::clap::args::arg_builder::positional::PosBuilder))) - bool, [Region(BrAnon), Region(BrAnon)]), (&ReErased mut Closure(DefId(5:1966 ~ alloc[484d]::collections::btree::map::{impl#78}::from_iter::{closure#0}), [u64, &ReErased structopt::clap::args::arg_builder::positional::PosBuilder, std::iter::Map, Closure(DefId(29:527 ~ clap[30a5]::app::usage::get_required_usage_from::{closure#5}), [i16, Binder(extern "RustCall" fn((&ReBound(DebruijnIndex(0), BoundRegion { var: 0, kind: BrAnon }) &ReErased structopt::clap::args::arg_builder::positional::PosBuilder,)) - bool, [Region(BrAnon)]), (&ReErased bool,)]), Closure(DefId(29:528 ~ clap[30a5]::app::usage::get_required_usage_from::{closure#6}), [i16, Binder(extern "RustCall" fn((&ReBound(DebruijnIndex(0), BoundRegion { var: 0, kind: BrAnon }) &ReErased structopt::clap::args::arg_builder::positional::PosBuilder,)) - bool, [Region(BrAnon)]), (&ReErased std::vec::Vec,)]), Closure(DefId(29:529 ~ clap[30a5]::app::usage::get_required_usage_from::{closure#7}), [i16, Binder(extern "RustCall" fn((&ReErased structopt::clap::args::arg_builder::positional::PosBuilder,)) - (u64, &ReErased structopt::clap::args::arg_builder::positional::PosBuilder), []), ()]), i16, Binder(extern "RustCall" fn((&ReBound(DebruijnIndex(0), BoundRegion { var: 0, kind: BrAnon }) (u64, &ReErased structopt::clap::args::arg_builder::positional::PosBuilder), &ReBound(DebruijnIndex(0), BoundRegion { var: 1, kind: BrAnon }) (u64, &ReErased structopt::clap::args::arg_builder::positional::PosBuilder))) - std::cmp::Ordering, [Region(BrAnon), Region(BrAnon)]), ()]),)]), i8, Binder(extern "RustCall" fn((usize,)) - *mut core::slice::sort::TimSortRun, []), ()]), Closure(DefId(5:5465 ~ alloc[484d]::slice::stable_sort::{closure#3}), [(u64, &ReErased structopt::clap::args::arg_builder::positional::PosBuilder), Closure(DefId(5:5384 ~ alloc[484d]::slice::{impl#0}::sort_by::{closure#0}), [(u64, &ReErased structopt::clap::args::arg_builder::positional::PosBuilder), Closure(DefId(5:1966 ~ alloc[484d]::collections::btree::map::{impl#78}::from_iter::{closure#0}), [u64, &ReErased structopt::clap::args::arg_builder::positional::PosBuilder, std::iter::Map, Closure(DefId(29:527 ~ clap[30a5]::app::usage::get_required_usage_from::{closure#5}), [i16, Binder(extern "RustCall" fn((&ReBound(DebruijnIndex(0), BoundRegion { var: 0, kind: BrAnon }) &ReErased structopt::clap::args::arg_builder::positional::PosBuilder,)) - bool, [Region(BrAnon)]), (&ReErased bool,)]), Closure(DefId(29:528 ~ clap[30a5]::app::usage::get_required_usage_from::{closure#6}), [i16, Binder(extern "RustCall" fn((&ReBound(DebruijnIndex(0), BoundRegion { var: 0, kind: BrAnon }) &ReErased structopt::clap::args::arg_builder::positional::PosBuilder,)) - bool, [Region(BrAnon)]), (&ReErased std::vec::Vec,)]), Closure(DefId(29:529 ~ clap[30a5]::app::usage::get_required_usage_from::{closure#7}), [i16, Binder(extern "RustCall" fn((&ReErased structopt::clap::args::arg_builder::positional::PosBuilder,)) - (u64, &ReErased structopt::clap::args::arg_builder::positional::PosBuilder), []), ()]), i16, Binder(extern "RustCall" fn((&ReBound(DebruijnIndex(0), BoundRegion { var: 0, kind: BrAnon }) (u64, &ReErased structopt::clap::args::arg_builder::positional::PosBuilder), &ReBound(DebruijnIndex(0), BoundRegion { var: 1, kind: BrAnon }) (u64, &ReErased structopt::clap::args::arg_builder::positional::PosBuilder))) - std::cmp::Ordering, [Region(BrAnon), Region(BrAnon)]), ()]), i16, Binder(extern "RustCall" fn((&ReBound(DebruijnIndex(0), BoundRegion { var: 0, kind: BrAnon }) (u64, &ReErased structopt::clap::args::arg_builder::positional::PosBuilder), &ReBound(DebruijnIndex(0), BoundRegion { var: 1, kind: BrAnon }) (u64, &ReErased structopt::clap::args::arg_builder::positional::PosBuilder))) - bool, [Region(BrAnon), Region(BrAnon)]), (&ReErased mut Closure(DefId(5:1966 ~ alloc[484d]::collections::btree::map::{impl#78}::from_iter::{closure#0}), [u64, &ReErased structopt::clap::args::arg_builder::positional::PosBuilder, std::iter::Map, Closure(DefId(29:527 ~ clap[30a5]::app::usage::get_required_usage_from::{closure#5}), [i16, Binder(extern "RustCall" fn((&ReBound(DebruijnIndex(0), BoundRegion { var: 0, kind: BrAnon }) &ReErased structopt::clap::args::arg_builder::positional::PosBuilder,)) - bool, [Region(BrAnon)]), (&ReErased bool,)]), Closure(DefId(29:528 ~ clap[30a5]::app::usage::get_required_usage_from::{closure#6}), [i16, Binder(extern "RustCall" fn((&ReBound(DebruijnIndex(0), BoundRegion { var: 0, kind: BrAnon }) &ReErased structopt::clap::args::arg_builder::positional::PosBuilder,)) - bool, [Region(BrAnon)]), (&ReErased std::vec::Vec,)]), Closure(DefId(29:529 ~ clap[30a5]::app::usage::get_required_usage_from::{closure#7}), [i16, Binder(extern "RustCall" fn((&ReErased structopt::clap::args::arg_builder::positional::PosBuilder,)) - (u64, &ReErased structopt::clap::args::arg_builder::positional::PosBuilder), []), ()]), i16, Binder(extern "RustCall" fn((&ReBound(DebruijnIndex(0), BoundRegion { var: 0, kind: BrAnon }) (u64, &ReErased structopt::clap::args::arg_builder::positional::PosBuilder), &ReBound(DebruijnIndex(0), BoundRegion { var: 1, kind: BrAnon }) (u64, &ReErased structopt::clap::args::arg_builder::positional::PosBuilder))) - std::cmp::Ordering, [Region(BrAnon), Region(BrAnon)]), ()]),)]), i8, Binder(extern "RustCall" fn((*mut core::slice::sort::TimSortRun, usize)), []), ()])
3	1	1	1	core::slice::sort::merge_sort::{impl#3}::index usize, [Region(BrAnon)]), ()]), i16, Binder(extern "RustCall" fn((&ReBound(DebruijnIndex(0), BoundRegion { var: 0, kind: BrAnon }) (usize, char), &ReBound(DebruijnIndex(0), BoundRegion { var: 1, kind: BrAnon }) (usize, char))) - bool, [Region(BrAnon), Region(BrAnon)]), (&ReErased mut Closure(DefId(129:22 ~ idna[2967]::punycode::{impl#0}::decode::{closure#0}), [i16, Binder(extern "RustCall" fn((&ReBound(DebruijnIndex(0), BoundRegion { var: 0, kind: BrAnon }) (usize, char),)) - usize, [Region(BrAnon)]), ()]),)]), i8, Binder(extern "RustCall" fn((usize,)) - *mut core::slice::sort::TimSortRun, []), ()]), Closure(DefId(5:5465 ~ alloc[484d]::slice::stable_sort::{closure#3}), [(usize, char), Closure(DefId(5:5388 ~ alloc[484d]::slice::{impl#0}::sort_by_key::{closure#0}), [(usize, char), usize, Closure(DefId(129:22 ~ idna[2967]::punycode::{impl#0}::decode::{closure#0}), [i16, Binder(extern "RustCall" fn((&ReBound(DebruijnIndex(0), BoundRegion { var: 0, kind: BrAnon }) (usize, char),)) - usize, [Region(BrAnon)]), ()]), i16, Binder(extern "RustCall" fn((&ReBound(DebruijnIndex(0), BoundRegion { var: 0, kind: BrAnon }) (usize, char), &ReBound(DebruijnIndex(0), BoundRegion { var: 1, kind: BrAnon }) (usize, char))) - bool, [Region(BrAnon), Region(BrAnon)]), (&ReErased mut Closure(DefId(129:22 ~ idna[2967]::punycode::{impl#0}::decode::{closure#0}), [i16, Binder(extern "RustCall" fn((&ReBound(DebruijnIndex(0), BoundRegion { var: 0, kind: BrAnon }) (usize, char),)) - usize, [Region(BrAnon)]), ()]),)]), i8, Binder(extern "RustCall" fn((*mut core::slice::sort::TimSortRun, usize)), []), ()])
3	1	1	1	core::slice::sort::merge_sort::{impl#3}::index std::cmp::Ordering, [Region(BrAnon), Region(BrAnon)]), (&ReErased std::vec::Vec,)]), i16, Binder(extern "RustCall" fn((&ReBound(DebruijnIndex(0), BoundRegion { var: 0, kind: BrAnon }) aho_corasick::util::primitives::PatternID, &ReBound(DebruijnIndex(0), BoundRegion { var: 1, kind: BrAnon }) aho_corasick::util::primitives::PatternID)) - bool, [Region(BrAnon), Region(BrAnon)]), (&ReErased mut Closure(DefId(114:773 ~ aho_corasick[c23b]::packed::pattern::{impl#0}::set_match_kind::{closure#0}), [i16, Binder(extern "RustCall" fn((&ReBound(DebruijnIndex(0), BoundRegion { var: 0, kind: BrAnon }) aho_corasick::util::primitives::PatternID, &ReBound(DebruijnIndex(0), BoundRegion { var: 1, kind: BrAnon }) aho_corasick::util::primitives::PatternID)) - std::cmp::Ordering, [Region(BrAnon), Region(BrAnon)]), (&ReErased std::vec::Vec,)]),)]), i8, Binder(extern "RustCall" fn((usize,)) - *mut core::slice::sort::TimSortRun, []), ()]), Closure(DefId(5:5465 ~ alloc[484d]::slice::stable_sort::{closure#3}), [aho_corasick::util::primitives::PatternID, Closure(DefId(5:5384 ~ alloc[484d]::slice::{impl#0}::sort_by::{closure#0}), [aho_corasick::util::primitives::PatternID, Closure(DefId(114:773 ~ aho_corasick[c23b]::packed::pattern::{impl#0}::set_match_kind::{closure#0}), [i16, Binder(extern "RustCall" fn((&ReBound(DebruijnIndex(0), BoundRegion { var: 0, kind: BrAnon }) aho_corasick::util::primitives::PatternID, &ReBound(DebruijnIndex(0), BoundRegion { var: 1, kind: BrAnon }) aho_corasick::util::primitives::PatternID)) - std::cmp::Ordering, [Region(BrAnon), Region(BrAnon)]), (&ReErased std::vec::Vec,)]), i16, Binder(extern "RustCall" fn((&ReBound(DebruijnIndex(0), BoundRegion { var: 0, kind: BrAnon }) aho_corasick::util::primitives::PatternID, &ReBound(DebruijnIndex(0), BoundRegion { var: 1, kind: BrAnon }) aho_corasick::util::primitives::PatternID)) - bool, [Region(BrAnon), Region(BrAnon)]), (&ReErased mut Closure(DefId(114:773 ~ aho_corasick[c23b]::packed::pattern::{impl#0}::set_match_kind::{closure#0}), [i16, Binder(extern "RustCall" fn((&ReBound(DebruijnIndex(0), BoundRegion { var: 0, kind: BrAnon }) aho_corasick::util::primitives::PatternID, &ReBound(DebruijnIndex(0), BoundRegion { var: 1, kind: BrAnon }) aho_corasick::util::primitives::PatternID)) - std::cmp::Ordering, [Region(BrAnon), Region(BrAnon)]), (&ReErased std::vec::Vec,)]),)]), i8, Binder(extern "RustCall" fn((*mut core::slice::sort::TimSortRun, usize)), []), ()])
3	1	1	1	core::slice::sort::merge_sort::{impl#3}::index, Closure(DefId(29:535 ~ clap[30a5]::app::usage::get_required_usage_from::{closure#11}), [i16, Binder(extern "RustCall" fn((&ReBound(DebruijnIndex(0), BoundRegion { var: 0, kind: BrAnon }) &ReErased structopt::clap::args::arg_builder::positional::PosBuilder,)) - bool, [Region(BrAnon)]), (&ReErased std::vec::Vec,)]), Closure(DefId(29:536 ~ clap[30a5]::app::usage::get_required_usage_from::{closure#12}), [i16, Binder(extern "RustCall" fn((&ReErased structopt::clap::args::arg_builder::positional::PosBuilder,)) - (u64, &ReErased structopt::clap::args::arg_builder::positional::PosBuilder), []), ()]), i16, Binder(extern "RustCall" fn((&ReBound(DebruijnIndex(0), BoundRegion { var: 0, kind: BrAnon }) (u64, &ReErased structopt::clap::args::arg_builder::positional::PosBuilder), &ReBound(DebruijnIndex(0), BoundRegion { var: 1, kind: BrAnon }) (u64, &ReErased structopt::clap::args::arg_builder::positional::PosBuilder))) - std::cmp::Ordering, [Region(BrAnon), Region(BrAnon)]), ()]), i16, Binder(extern "RustCall" fn((&ReBound(DebruijnIndex(0), BoundRegion { var: 0, kind: BrAnon }) (u64, &ReErased structopt::clap::args::arg_builder::positional::PosBuilder), &ReBound(DebruijnIndex(0), BoundRegion { var: 1, kind: BrAnon }) (u64, &ReErased structopt::clap::args::arg_builder::positional::PosBuilder))) - bool, [Region(BrAnon), Region(BrAnon)]), (&ReErased mut Closure(DefId(5:1966 ~ alloc[484d]::collections::btree::map::{impl#78}::from_iter::{closure#0}), [u64, &ReErased structopt::clap::args::arg_builder::positional::PosBuilder, std::iter::Map bool, [Region(BrAnon)]), (&ReErased bool,)]), Closure(DefId(29:535 ~ clap[30a5]::app::usage::get_required_usage_from::{closure#11}), [i16, Binder(extern "RustCall" fn((&ReBound(DebruijnIndex(0), BoundRegion { var: 0, kind: BrAnon }) &ReErased structopt::clap::args::arg_builder::positional::PosBuilder,)) - bool, [Region(BrAnon)]), (&ReErased std::vec::Vec,)]), Closure(DefId(29:536 ~ clap[30a5]::app::usage::get_required_usage_from::{closure#12}), [i16, Binder(extern "RustCall" fn((&ReErased structopt::clap::args::arg_builder::positional::PosBuilder,)) - (u64, &ReErased structopt::clap::args::arg_builder::positional::PosBuilder), []), ()]), i16, Binder(extern "RustCall" fn((&ReBound(DebruijnIndex(0), BoundRegion { var: 0, kind: BrAnon }) (u64, &ReErased structopt::clap::args::arg_builder::positional::PosBuilder), &ReBound(DebruijnIndex(0), BoundRegion { var: 1, kind: BrAnon }) (u64, &ReErased structopt::clap::args::arg_builder::positional::PosBuilder))) - std::cmp::Ordering, [Region(BrAnon), Region(BrAnon)]), ()]),)]), i8, Binder(extern "RustCall" fn((usize,)) - *mut core::slice::sort::TimSortRun, []), ()]), Closure(DefId(5:5465 ~ alloc[484d]::slice::stable_sort::{closure#3}), [(u64, &ReErased structopt::clap::args::arg_builder::positional::PosBuilder), Closure(DefId(5:5384 ~ alloc[484d]::slice::{impl#0}::sort_by::{closure#0}), [(u64, &ReErased structopt::clap::args::arg_builder::positional::PosBuilder), Closure(DefId(5:1966 ~ alloc[484d]::collections::btree::map::{impl#78}::from_iter::{closure#0}), [u64, &ReErased structopt::clap::args::arg_builder::positional::PosBuilder, std::iter::Map bool, [Region(BrAnon)]), (&ReErased bool,)]), Closure(DefId(29:535 ~ clap[30a5]::app::usage::get_required_usage_from::{closure#11}), [i16, Binder(extern "RustCall" fn((&ReBound(DebruijnIndex(0), BoundRegion { var: 0, kind: BrAnon }) &ReErased structopt::clap::args::arg_builder::positional::PosBuilder,)) - bool, [Region(BrAnon)]), (&ReErased std::vec::Vec,)]), Closure(DefId(29:536 ~ clap[30a5]::app::usage::get_required_usage_from::{closure#12}), [i16, Binder(extern "RustCall" fn((&ReErased structopt::clap::args::arg_builder::positional::PosBuilder,)) - (u64, &ReErased structopt::clap::args::arg_builder::positional::PosBuilder), []), ()]), i16, Binder(extern "RustCall" fn((&ReBound(DebruijnIndex(0), BoundRegion { var: 0, kind: BrAnon }) (u64, &ReErased structopt::clap::args::arg_builder::positional::PosBuilder), &ReBound(DebruijnIndex(0), BoundRegion { var: 1, kind: BrAnon }) (u64, &ReErased structopt::clap::args::arg_builder::positional::PosBuilder))) - std::cmp::Ordering, [Region(BrAnon), Region(BrAnon)]), ()]), i16, Binder(extern "RustCall" fn((&ReBound(DebruijnIndex(0), BoundRegion { var: 0, kind: BrAnon }) (u64, &ReErased structopt::clap::args::arg_builder::positional::PosBuilder), &ReBound(DebruijnIndex(0), BoundRegion { var: 1, kind: BrAnon }) (u64, &ReErased structopt::clap::args::arg_builder::positional::PosBuilder))) - bool, [Region(BrAnon), Region(BrAnon)]), (&ReErased mut Closure(DefId(5:1966 ~ alloc[484d]::collections::btree::map::{impl#78}::from_iter::{closure#0}), [u64, &ReErased structopt::clap::args::arg_builder::positional::PosBuilder, std::iter::Map bool, [Region(BrAnon)]), (&ReErased bool,)]), Closure(DefId(29:535 ~ clap[30a5]::app::usage::get_required_usage_from::{closure#11}), [i16, Binder(extern "RustCall" fn((&ReBound(DebruijnIndex(0), BoundRegion { var: 0, kind: BrAnon }) &ReErased structopt::clap::args::arg_builder::positional::PosBuilder,)) - bool, [Region(BrAnon)]), (&ReErased std::vec::Vec,)]), Closure(DefId(29:536 ~ clap[30a5]::app::usage::get_required_usage_from::{closure#12}), [i16, Binder(extern "RustCall" fn((&ReErased structopt::clap::args::arg_builder::positional::PosBuilder,)) - (u64, &ReErased structopt::clap::args::arg_builder::positional::PosBuilder), []), ()]), i16, Binder(extern "RustCall" fn((&ReBound(DebruijnIndex(0), BoundRegion { var: 0, kind: BrAnon }) (u64, &ReErased structopt::clap::args::arg_builder::positional::PosBuilder), &ReBound(DebruijnIndex(0), BoundRegion { var: 1, kind: BrAnon }) (u64, &ReErased structopt::clap::args::arg_builder::positional::PosBuilder))) - std::cmp::Ordering, [Region(BrAnon), Region(BrAnon)]), ()]),)]), i8, Binder(extern "RustCall" fn((*mut core::slice::sort::TimSortRun, usize)), []), ()])
3	1	1	1	core::slice::sort::merge_sort::{impl#3}::index std::cmp::Ordering, [Region(BrAnon), Region(BrAnon)]), ()]), i16, Binder(extern "RustCall" fn((&ReBound(DebruijnIndex(0), BoundRegion { var: 0, kind: BrAnon }) env_logger::filter::Directive, &ReBound(DebruijnIndex(0), BoundRegion { var: 1, kind: BrAnon }) env_logger::filter::Directive)) - bool, [Region(BrAnon), Region(BrAnon)]), (&ReErased mut Closure(DefId(169:55 ~ env_logger[ef3e]::filter::{impl#1}::build::{closure#1}), [i16, Binder(extern "RustCall" fn((&ReBound(DebruijnIndex(0), BoundRegion { var: 0, kind: BrAnon }) env_logger::filter::Directive, &ReBound(DebruijnIndex(0), BoundRegion { var: 1, kind: BrAnon }) env_logger::filter::Directive)) - std::cmp::Ordering, [Region(BrAnon), Region(BrAnon)]), ()]),)]), i8, Binder(extern "RustCall" fn((usize,)) - *mut core::slice::sort::TimSortRun, []), ()]), Closure(DefId(5:5465 ~ alloc[484d]::slice::stable_sort::{closure#3}), [env_logger::filter::Directive, Closure(DefId(5:5384 ~ alloc[484d]::slice::{impl#0}::sort_by::{closure#0}), [env_logger::filter::Directive, Closure(DefId(169:55 ~ env_logger[ef3e]::filter::{impl#1}::build::{closure#1}), [i16, Binder(extern "RustCall" fn((&ReBound(DebruijnIndex(0), BoundRegion { var: 0, kind: BrAnon }) env_logger::filter::Directive, &ReBound(DebruijnIndex(0), BoundRegion { var: 1, kind: BrAnon }) env_logger::filter::Directive)) - std::cmp::Ordering, [Region(BrAnon), Region(BrAnon)]), ()]), i16, Binder(extern "RustCall" fn((&ReBound(DebruijnIndex(0), BoundRegion { var: 0, kind: BrAnon }) env_logger::filter::Directive, &ReBound(DebruijnIndex(0), BoundRegion { var: 1, kind: BrAnon }) env_logger::filter::Directive)) - bool, [Region(BrAnon), Region(BrAnon)]), (&ReErased mut Closure(DefId(169:55 ~ env_logger[ef3e]::filter::{impl#1}::build::{closure#1}), [i16, Binder(extern "RustCall" fn((&ReBound(DebruijnIndex(0), BoundRegion { var: 0, kind: BrAnon }) env_logger::filter::Directive, &ReBound(DebruijnIndex(0), BoundRegion { var: 1, kind: BrAnon }) env_logger::filter::Directive)) - std::cmp::Ordering, [Region(BrAnon), Region(BrAnon)]), ()]),)]), i8, Binder(extern "RustCall" fn((*mut core::slice::sort::TimSortRun, usize)), []), ()])
3	1	1	1	core::slice::sort::merge_sort::{impl#3}::index u8, [Region(BrAnon)]), ()]), i16, Binder(extern "RustCall" fn((&ReBound(DebruijnIndex(0), BoundRegion { var: 0, kind: BrAnon }) (u8, char), &ReBound(DebruijnIndex(0), BoundRegion { var: 1, kind: BrAnon }) (u8, char))) - bool, [Region(BrAnon), Region(BrAnon)]), (&ReErased mut Closure(DefId(94:43 ~ unicode_normalization[3638]::decompose::{impl#0}::sort_pending::{closure#0}), [idna::uts46::Mapper, i16, Binder(extern "RustCall" fn((&ReBound(DebruijnIndex(0), BoundRegion { var: 0, kind: BrAnon }) (u8, char),)) - u8, [Region(BrAnon)]), ()]),)]), i8, Binder(extern "RustCall" fn((usize,)) - *mut core::slice::sort::TimSortRun, []), ()]), Closure(DefId(5:5465 ~ alloc[484d]::slice::stable_sort::{closure#3}), [(u8, char), Closure(DefId(5:5388 ~ alloc[484d]::slice::{impl#0}::sort_by_key::{closure#0}), [(u8, char), u8, Closure(DefId(94:43 ~ unicode_normalization[3638]::decompose::{impl#0}::sort_pending::{closure#0}), [idna::uts46::Mapper, i16, Binder(extern "RustCall" fn((&ReBound(DebruijnIndex(0), BoundRegion { var: 0, kind: BrAnon }) (u8, char),)) - u8, [Region(BrAnon)]), ()]), i16, Binder(extern "RustCall" fn((&ReBound(DebruijnIndex(0), BoundRegion { var: 0, kind: BrAnon }) (u8, char), &ReBound(DebruijnIndex(0), BoundRegion { var: 1, kind: BrAnon }) (u8, char))) - bool, [Region(BrAnon), Region(BrAnon)]), (&ReErased mut Closure(DefId(94:43 ~ unicode_normalization[3638]::decompose::{impl#0}::sort_pending::{closure#0}), [idna::uts46::Mapper, i16, Binder(extern "RustCall" fn((&ReBound(DebruijnIndex(0), BoundRegion { var: 0, kind: BrAnon }) (u8, char),)) - u8, [Region(BrAnon)]), ()]),)]), i8, Binder(extern "RustCall" fn((*mut core::slice::sort::TimSortRun, usize)), []), ()])
3	1	1	1	core::slice::sort::merge_sort::{impl#3}::index, &ReErased str, std::slice::IterMut, i16, Binder(extern "RustCall" fn((&ReErased clap_builder::mkeymap::KeyType,)) - std::option::Option, []), ()]), i16, Binder(extern "RustCall" fn((&ReBound(DebruijnIndex(0), BoundRegion { var: 0, kind: BrAnon }) (f64, std::string::String), &ReBound(DebruijnIndex(0), BoundRegion { var: 1, kind: BrAnon }) (f64, std::string::String))) - std::cmp::Ordering, [Region(BrAnon), Region(BrAnon)]), ()]), i16, Binder(extern "RustCall" fn((&ReBound(DebruijnIndex(0), BoundRegion { var: 0, kind: BrAnon }) (f64, std::string::String), &ReBound(DebruijnIndex(0), BoundRegion { var: 1, kind: BrAnon }) (f64, std::string::String))) - bool, [Region(BrAnon), Region(BrAnon)]), (&ReErased mut Closure(DefId(20:2391 ~ clap_builder[8375]::parser::features::suggestions::did_you_mean::{closure#2}), [std::string::String, std::iter::FilterMap, Closure(DefId(20:2400 ~ clap_builder[8375]::parser::features::suggestions::did_you_mean_flag::{closure#0}::{closure#0}), [ReErased, ReErased, std::iter::Map &ReErased str, []), ()]), &ReErased str, std::slice::IterMut, i16, Binder(extern "RustCall" fn((&ReErased clap_builder::mkeymap::KeyType,)) - std::option::Option, []), ()]), i16, Binder(extern "RustCall" fn((&ReBound(DebruijnIndex(0), BoundRegion { var: 0, kind: BrAnon }) (f64, std::string::String), &ReBound(DebruijnIndex(0), BoundRegion { var: 1, kind: BrAnon }) (f64, std::string::String))) - std::cmp::Ordering, [Region(BrAnon), Region(BrAnon)]), ()]),)]), i8, Binder(extern "RustCall" fn((usize,)) - *mut core::slice::sort::TimSortRun, []), ()]), Closure(DefId(5:5465 ~ alloc[484d]::slice::stable_sort::{closure#3}), [(f64, std::string::String), Closure(DefId(5:5384 ~ alloc[484d]::slice::{impl#0}::sort_by::{closure#0}), [(f64, std::string::String), Closure(DefId(20:2391 ~ clap_builder[8375]::parser::features::suggestions::did_you_mean::{closure#2}), [std::string::String, std::iter::FilterMap, Closure(DefId(20:2400 ~ clap_builder[8375]::parser::features::suggestions::did_you_mean_flag::{closure#0}::{closure#0}), [ReErased, ReErased, std::iter::Map &ReErased str, []), ()]), &ReErased str, std::slice::IterMut, i16, Binder(extern "RustCall" fn((&ReErased clap_builder::mkeymap::KeyType,)) - std::option::Option, []), ()]), i16, Binder(extern "RustCall" fn((&ReBound(DebruijnIndex(0), BoundRegion { var: 0, kind: BrAnon }) (f64, std::string::String), &ReBound(DebruijnIndex(0), BoundRegion { var: 1, kind: BrAnon }) (f64, std::string::String))) - std::cmp::Ordering, [Region(BrAnon), Region(BrAnon)]), ()]), i16, Binder(extern "RustCall" fn((&ReBound(DebruijnIndex(0), BoundRegion { var: 0, kind: BrAnon }) (f64, std::string::String), &ReBound(DebruijnIndex(0), BoundRegion { var: 1, kind: BrAnon }) (f64, std::string::String))) - bool, [Region(BrAnon), Region(BrAnon)]), (&ReErased mut Closure(DefId(20:2391 ~ clap_builder[8375]::parser::features::suggestions::did_you_mean::{closure#2}), [std::string::String, std::iter::FilterMap, Closure(DefId(20:2400 ~ clap_builder[8375]::parser::features::suggestions::did_you_mean_flag::{closure#0}::{closure#0}), [ReErased, ReErased, std::iter::Map &ReErased str, []), ()]), &ReErased str, std::slice::IterMut, i16, Binder(extern "RustCall" fn((&ReErased clap_builder::mkeymap::KeyType,)) - std::option::Option, []), ()]), i16, Binder(extern "RustCall" fn((&ReBound(DebruijnIndex(0), BoundRegion { var: 0, kind: BrAnon }) (f64, std::string::String), &ReBound(DebruijnIndex(0), BoundRegion { var: 1, kind: BrAnon }) (f64, std::string::String))) - std::cmp::Ordering, [Region(BrAnon), Region(BrAnon)]), ()]),)]), i8, Binder(extern "RustCall" fn((*mut core::slice::sort::TimSortRun, usize)), []), ()])
3	1	1	1	core::slice::sort::merge_sort::{impl#3}::index std::iter::Chain, []), ()]), i16, Binder(extern "RustCall" fn((&ReBound(DebruijnIndex(0), BoundRegion { var: 0, kind: BrAnon }) (f64, std::string::String), &ReBound(DebruijnIndex(0), BoundRegion { var: 1, kind: BrAnon }) (f64, std::string::String))) - std::cmp::Ordering, [Region(BrAnon), Region(BrAnon)]), ()]), i16, Binder(extern "RustCall" fn((&ReBound(DebruijnIndex(0), BoundRegion { var: 0, kind: BrAnon }) (f64, std::string::String), &ReBound(DebruijnIndex(0), BoundRegion { var: 1, kind: BrAnon }) (f64, std::string::String))) - bool, [Region(BrAnon), Region(BrAnon)]), (&ReErased mut Closure(DefId(20:2391 ~ clap_builder[8375]::parser::features::suggestions::did_you_mean::{closure#2}), [&ReErased str, std::iter::FlatMap, Closure(DefId(20:702 ~ clap_builder[8375]::builder::command::{impl#7}::all_subcommand_names::{closure#0}), [i16, Binder(extern "RustCall" fn((&ReErased clap::Command,)) - std::iter::Chain, []), ()]), i16, Binder(extern "RustCall" fn((&ReBound(DebruijnIndex(0), BoundRegion { var: 0, kind: BrAnon }) (f64, std::string::String), &ReBound(DebruijnIndex(0), BoundRegion { var: 1, kind: BrAnon }) (f64, std::string::String))) - std::cmp::Ordering, [Region(BrAnon), Region(BrAnon)]), ()]),)]), i8, Binder(extern "RustCall" fn((usize,)) - *mut core::slice::sort::TimSortRun, []), ()]), Closure(DefId(5:5465 ~ alloc[484d]::slice::stable_sort::{closure#3}), [(f64, std::string::String), Closure(DefId(5:5384 ~ alloc[484d]::slice::{impl#0}::sort_by::{closure#0}), [(f64, std::string::String), Closure(DefId(20:2391 ~ clap_builder[8375]::parser::features::suggestions::did_you_mean::{closure#2}), [&ReErased str, std::iter::FlatMap, Closure(DefId(20:702 ~ clap_builder[8375]::builder::command::{impl#7}::all_subcommand_names::{closure#0}), [i16, Binder(extern "RustCall" fn((&ReErased clap::Command,)) - std::iter::Chain, []), ()]), i16, Binder(extern "RustCall" fn((&ReBound(DebruijnIndex(0), BoundRegion { var: 0, kind: BrAnon }) (f64, std::string::String), &ReBound(DebruijnIndex(0), BoundRegion { var: 1, kind: BrAnon }) (f64, std::string::String))) - std::cmp::Ordering, [Region(BrAnon), Region(BrAnon)]), ()]), i16, Binder(extern "RustCall" fn((&ReBound(DebruijnIndex(0), BoundRegion { var: 0, kind: BrAnon }) (f64, std::string::String), &ReBound(DebruijnIndex(0), BoundRegion { var: 1, kind: BrAnon }) (f64, std::string::String))) - bool, [Region(BrAnon), Region(BrAnon)]), (&ReErased mut Closure(DefId(20:2391 ~ clap_builder[8375]::parser::features::suggestions::did_you_mean::{closure#2}), [&ReErased str, std::iter::FlatMap, Closure(DefId(20:702 ~ clap_builder[8375]::builder::command::{impl#7}::all_subcommand_names::{closure#0}), [i16, Binder(extern "RustCall" fn((&ReErased clap::Command,)) - std::iter::Chain, []), ()]), i16, Binder(extern "RustCall" fn((&ReBound(DebruijnIndex(0), BoundRegion { var: 0, kind: BrAnon }) (f64, std::string::String), &ReBound(DebruijnIndex(0), BoundRegion { var: 1, kind: BrAnon }) (f64, std::string::String))) - std::cmp::Ordering, [Region(BrAnon), Region(BrAnon)]), ()]),)]), i8, Binder(extern "RustCall" fn((*mut core::slice::sort::TimSortRun, usize)), []), ()])
3	1	1	1	core::slice::sort::merge_sort::{impl#3}::index std::cmp::Reverse, [Region(BrAnon)]), ()]), i16, Binder(extern "RustCall" fn((&ReBound(DebruijnIndex(0), BoundRegion { var: 0, kind: BrAnon }) (network::connection::Connection, display::ui_state::ConnectionData), &ReBound(DebruijnIndex(0), BoundRegion { var: 1, kind: BrAnon }) (network::connection::Connection, display::ui_state::ConnectionData))) - bool, [Region(BrAnon), Region(BrAnon)]), (&ReErased mut Closure(DefId(0:332 ~ bandwhich[4573]::display::ui_state::sort_and_prune::{closure#0}), [network::connection::Connection, display::ui_state::ConnectionData, i16, Binder(extern "RustCall" fn((&ReBound(DebruijnIndex(0), BoundRegion { var: 0, kind: BrAnon }) (network::connection::Connection, display::ui_state::ConnectionData),)) - std::cmp::Reverse, [Region(BrAnon)]), ()]),)]), i8, Binder(extern "RustCall" fn((usize,)) - *mut core::slice::sort::TimSortRun, []), ()]), Closure(DefId(5:5465 ~ alloc[484d]::slice::stable_sort::{closure#3}), [(network::connection::Connection, display::ui_state::ConnectionData), Closure(DefId(5:5388 ~ alloc[484d]::slice::{impl#0}::sort_by_key::{closure#0}), [(network::connection::Connection, display::ui_state::ConnectionData), std::cmp::Reverse, Closure(DefId(0:332 ~ bandwhich[4573]::display::ui_state::sort_and_prune::{closure#0}), [network::connection::Connection, display::ui_state::ConnectionData, i16, Binder(extern "RustCall" fn((&ReBound(DebruijnIndex(0), BoundRegion { var: 0, kind: BrAnon }) (network::connection::Connection, display::ui_state::ConnectionData),)) - std::cmp::Reverse, [Region(BrAnon)]), ()]), i16, Binder(extern "RustCall" fn((&ReBound(DebruijnIndex(0), BoundRegion { var: 0, kind: BrAnon }) (network::connection::Connection, display::ui_state::ConnectionData), &ReBound(DebruijnIndex(0), BoundRegion { var: 1, kind: BrAnon }) (network::connection::Connection, display::ui_state::ConnectionData))) - bool, [Region(BrAnon), Region(BrAnon)]), (&ReErased mut Closure(DefId(0:332 ~ bandwhich[4573]::display::ui_state::sort_and_prune::{closure#0}), [network::connection::Connection, display::ui_state::ConnectionData, i16, Binder(extern "RustCall" fn((&ReBound(DebruijnIndex(0), BoundRegion { var: 0, kind: BrAnon }) (network::connection::Connection, display::ui_state::ConnectionData),)) - std::cmp::Reverse, [Region(BrAnon)]), ()]),)]), i8, Binder(extern "RustCall" fn((*mut core::slice::sort::TimSortRun, usize)), []), ()])
3	1	1	1	core::slice::sort::merge_sort::{impl#3}::index, i16, Binder(extern "RustCall" fn((&ReBound(DebruijnIndex(0), BoundRegion { var: 0, kind: BrAnon }) (f64, std::string::String), &ReBound(DebruijnIndex(0), BoundRegion { var: 1, kind: BrAnon }) (f64, std::string::String))) - std::cmp::Ordering, [Region(BrAnon), Region(BrAnon)]), ()]), i16, Binder(extern "RustCall" fn((&ReBound(DebruijnIndex(0), BoundRegion { var: 0, kind: BrAnon }) (f64, std::string::String), &ReBound(DebruijnIndex(0), BoundRegion { var: 1, kind: BrAnon }) (f64, std::string::String))) - bool, [Region(BrAnon), Region(BrAnon)]), (&ReErased mut Closure(DefId(20:2391 ~ clap_builder[8375]::parser::features::suggestions::did_you_mean::{closure#2}), [&ReErased str, std::iter::Map &ReErased str, []), ()]), i16, Binder(extern "RustCall" fn((&ReBound(DebruijnIndex(0), BoundRegion { var: 0, kind: BrAnon }) (f64, std::string::String), &ReBound(DebruijnIndex(0), BoundRegion { var: 1, kind: BrAnon }) (f64, std::string::String))) - std::cmp::Ordering, [Region(BrAnon), Region(BrAnon)]), ()]),)]), i8, Binder(extern "RustCall" fn((usize,)) - *mut core::slice::sort::TimSortRun, []), ()]), Closure(DefId(5:5465 ~ alloc[484d]::slice::stable_sort::{closure#3}), [(f64, std::string::String), Closure(DefId(5:5384 ~ alloc[484d]::slice::{impl#0}::sort_by::{closure#0}), [(f64, std::string::String), Closure(DefId(20:2391 ~ clap_builder[8375]::parser::features::suggestions::did_you_mean::{closure#2}), [&ReErased str, std::iter::Map &ReErased str, []), ()]), i16, Binder(extern "RustCall" fn((&ReBound(DebruijnIndex(0), BoundRegion { var: 0, kind: BrAnon }) (f64, std::string::String), &ReBound(DebruijnIndex(0), BoundRegion { var: 1, kind: BrAnon }) (f64, std::string::String))) - std::cmp::Ordering, [Region(BrAnon), Region(BrAnon)]), ()]), i16, Binder(extern "RustCall" fn((&ReBound(DebruijnIndex(0), BoundRegion { var: 0, kind: BrAnon }) (f64, std::string::String), &ReBound(DebruijnIndex(0), BoundRegion { var: 1, kind: BrAnon }) (f64, std::string::String))) - bool, [Region(BrAnon), Region(BrAnon)]), (&ReErased mut Closure(DefId(20:2391 ~ clap_builder[8375]::parser::features::suggestions::did_you_mean::{closure#2}), [&ReErased str, std::iter::Map &ReErased str, []), ()]), i16, Binder(extern "RustCall" fn((&ReBound(DebruijnIndex(0), BoundRegion { var: 0, kind: BrAnon }) (f64, std::string::String), &ReBound(DebruijnIndex(0), BoundRegion { var: 1, kind: BrAnon }) (f64, std::string::String))) - std::cmp::Ordering, [Region(BrAnon), Region(BrAnon)]), ()]),)]), i8, Binder(extern "RustCall" fn((*mut core::slice::sort::TimSortRun, usize)), []), ()])
3	1	1	1	core::slice::sort::merge_sort::{impl#3}::index std::cmp::Reverse, [Region(BrAnon)]), ()]), i16, Binder(extern "RustCall" fn((&ReBound(DebruijnIndex(0), BoundRegion { var: 0, kind: BrAnon }) (os::shared::ProcessInfo, display::ui_state::NetworkData), &ReBound(DebruijnIndex(0), BoundRegion { var: 1, kind: BrAnon }) (os::shared::ProcessInfo, display::ui_state::NetworkData))) - bool, [Region(BrAnon), Region(BrAnon)]), (&ReErased mut Closure(DefId(0:332 ~ bandwhich[4573]::display::ui_state::sort_and_prune::{closure#0}), [os::shared::ProcessInfo, display::ui_state::NetworkData, i16, Binder(extern "RustCall" fn((&ReBound(DebruijnIndex(0), BoundRegion { var: 0, kind: BrAnon }) (os::shared::ProcessInfo, display::ui_state::NetworkData),)) - std::cmp::Reverse, [Region(BrAnon)]), ()]),)]), i8, Binder(extern "RustCall" fn((usize,)) - *mut core::slice::sort::TimSortRun, []), ()]), Closure(DefId(5:5465 ~ alloc[484d]::slice::stable_sort::{closure#3}), [(os::shared::ProcessInfo, display::ui_state::NetworkData), Closure(DefId(5:5388 ~ alloc[484d]::slice::{impl#0}::sort_by_key::{closure#0}), [(os::shared::ProcessInfo, display::ui_state::NetworkData), std::cmp::Reverse, Closure(DefId(0:332 ~ bandwhich[4573]::display::ui_state::sort_and_prune::{closure#0}), [os::shared::ProcessInfo, display::ui_state::NetworkData, i16, Binder(extern "RustCall" fn((&ReBound(DebruijnIndex(0), BoundRegion { var: 0, kind: BrAnon }) (os::shared::ProcessInfo, display::ui_state::NetworkData),)) - std::cmp::Reverse, [Region(BrAnon)]), ()]), i16, Binder(extern "RustCall" fn((&ReBound(DebruijnIndex(0), BoundRegion { var: 0, kind: BrAnon }) (os::shared::ProcessInfo, display::ui_state::NetworkData), &ReBound(DebruijnIndex(0), BoundRegion { var: 1, kind: BrAnon }) (os::shared::ProcessInfo, display::ui_state::NetworkData))) - bool, [Region(BrAnon), Region(BrAnon)]), (&ReErased mut Closure(DefId(0:332 ~ bandwhich[4573]::display::ui_state::sort_and_prune::{closure#0}), [os::shared::ProcessInfo, display::ui_state::NetworkData, i16, Binder(extern "RustCall" fn((&ReBound(DebruijnIndex(0), BoundRegion { var: 0, kind: BrAnon }) (os::shared::ProcessInfo, display::ui_state::NetworkData),)) - std::cmp::Reverse, [Region(BrAnon)]), ()]),)]), i8, Binder(extern "RustCall" fn((*mut core::slice::sort::TimSortRun, usize)), []), ()])
3	1	1	1	core::slice::sort::merge_sort::{impl#3}::index std::cmp::Ordering, [Region(BrAnon), Region(BrAnon)]), ()]), i16, Binder(extern "RustCall" fn((&ReBound(DebruijnIndex(0), BoundRegion { var: 0, kind: BrAnon }) ((usize, std::string::String), &ReErased clap::Arg), &ReBound(DebruijnIndex(0), BoundRegion { var: 1, kind: BrAnon }) ((usize, std::string::String), &ReErased clap::Arg))) - bool, [Region(BrAnon), Region(BrAnon)]), (&ReErased mut Closure(DefId(20:2548 ~ clap_builder[8375]::output::help_template::{impl#3}::write_args::{closure#1}), [ReErased, ReErased, i16, Binder(extern "RustCall" fn((&ReBound(DebruijnIndex(0), BoundRegion { var: 0, kind: BrAnon }) ((usize, std::string::String), &ReErased clap::Arg), &ReBound(DebruijnIndex(0), BoundRegion { var: 1, kind: BrAnon }) ((usize, std::string::String), &ReErased clap::Arg))) - std::cmp::Ordering, [Region(BrAnon), Region(BrAnon)]), ()]),)]), i8, Binder(extern "RustCall" fn((usize,)) - *mut core::slice::sort::TimSortRun, []), ()]), Closure(DefId(5:5465 ~ alloc[484d]::slice::stable_sort::{closure#3}), [((usize, std::string::String), &ReErased clap::Arg), Closure(DefId(5:5384 ~ alloc[484d]::slice::{impl#0}::sort_by::{closure#0}), [((usize, std::string::String), &ReErased clap::Arg), Closure(DefId(20:2548 ~ clap_builder[8375]::output::help_template::{impl#3}::write_args::{closure#1}), [ReErased, ReErased, i16, Binder(extern "RustCall" fn((&ReBound(DebruijnIndex(0), BoundRegion { var: 0, kind: BrAnon }) ((usize, std::string::String), &ReErased clap::Arg), &ReBound(DebruijnIndex(0), BoundRegion { var: 1, kind: BrAnon }) ((usize, std::string::String), &ReErased clap::Arg))) - std::cmp::Ordering, [Region(BrAnon), Region(BrAnon)]), ()]), i16, Binder(extern "RustCall" fn((&ReBound(DebruijnIndex(0), BoundRegion { var: 0, kind: BrAnon }) ((usize, std::string::String), &ReErased clap::Arg), &ReBound(DebruijnIndex(0), BoundRegion { var: 1, kind: BrAnon }) ((usize, std::string::String), &ReErased clap::Arg))) - bool, [Region(BrAnon), Region(BrAnon)]), (&ReErased mut Closure(DefId(20:2548 ~ clap_builder[8375]::output::help_template::{impl#3}::write_args::{closure#1}), [ReErased, ReErased, i16, Binder(extern "RustCall" fn((&ReBound(DebruijnIndex(0), BoundRegion { var: 0, kind: BrAnon }) ((usize, std::string::String), &ReErased clap::Arg), &ReBound(DebruijnIndex(0), BoundRegion { var: 1, kind: BrAnon }) ((usize, std::string::String), &ReErased clap::Arg))) - std::cmp::Ordering, [Region(BrAnon), Region(BrAnon)]), ()]),)]), i8, Binder(extern "RustCall" fn((*mut core::slice::sort::TimSortRun, usize)), []), ()])
3	1	1	1	pnet_packet::ipv6::{impl#9}::payload
3	1	1	1	core::slice::sort::merge_sort::{impl#3}::index std::cmp::Ordering, [Region(BrAnon), Region(BrAnon)]), ()]), i16, Binder(extern "RustCall" fn((&ReBound(DebruijnIndex(0), BoundRegion { var: 0, kind: BrAnon }) (f64, std::string::String), &ReBound(DebruijnIndex(0), BoundRegion { var: 1, kind: BrAnon }) (f64, std::string::String))) - bool, [Region(BrAnon), Region(BrAnon)]), (&ReErased mut Closure(DefId(20:2391 ~ clap_builder[8375]::parser::features::suggestions::did_you_mean::{closure#2}), [&ReErased std::string::String, std::slice::Iter, i16, Binder(extern "RustCall" fn((&ReBound(DebruijnIndex(0), BoundRegion { var: 0, kind: BrAnon }) (f64, std::string::String), &ReBound(DebruijnIndex(0), BoundRegion { var: 1, kind: BrAnon }) (f64, std::string::String))) - std::cmp::Ordering, [Region(BrAnon), Region(BrAnon)]), ()]),)]), i8, Binder(extern "RustCall" fn((usize,)) - *mut core::slice::sort::TimSortRun, []), ()]), Closure(DefId(5:5465 ~ alloc[484d]::slice::stable_sort::{closure#3}), [(f64, std::string::String), Closure(DefId(5:5384 ~ alloc[484d]::slice::{impl#0}::sort_by::{closure#0}), [(f64, std::string::String), Closure(DefId(20:2391 ~ clap_builder[8375]::parser::features::suggestions::did_you_mean::{closure#2}), [&ReErased std::string::String, std::slice::Iter, i16, Binder(extern "RustCall" fn((&ReBound(DebruijnIndex(0), BoundRegion { var: 0, kind: BrAnon }) (f64, std::string::String), &ReBound(DebruijnIndex(0), BoundRegion { var: 1, kind: BrAnon }) (f64, std::string::String))) - std::cmp::Ordering, [Region(BrAnon), Region(BrAnon)]), ()]), i16, Binder(extern "RustCall" fn((&ReBound(DebruijnIndex(0), BoundRegion { var: 0, kind: BrAnon }) (f64, std::string::String), &ReBound(DebruijnIndex(0), BoundRegion { var: 1, kind: BrAnon }) (f64, std::string::String))) - bool, [Region(BrAnon), Region(BrAnon)]), (&ReErased mut Closure(DefId(20:2391 ~ clap_builder[8375]::parser::features::suggestions::did_you_mean::{closure#2}), [&ReErased std::string::String, std::slice::Iter, i16, Binder(extern "RustCall" fn((&ReBound(DebruijnIndex(0), BoundRegion { var: 0, kind: BrAnon }) (f64, std::string::String), &ReBound(DebruijnIndex(0), BoundRegion { var: 1, kind: BrAnon }) (f64, std::string::String))) - std::cmp::Ordering, [Region(BrAnon), Region(BrAnon)]), ()]),)]), i8, Binder(extern "RustCall" fn((*mut core::slice::sort::TimSortRun, usize)), []), ()])
3	1	1	1	core::slice::sort::merge_sort::{impl#3}::index std::cmp::Ordering, [Region(BrAnon), Region(BrAnon)]), ()]), i16, Binder(extern "RustCall" fn((&ReBound(DebruijnIndex(0), BoundRegion { var: 0, kind: BrAnon }) (usize, clap::builder::StyledStr, &ReErased clap::Command), &ReBound(DebruijnIndex(0), BoundRegion { var: 1, kind: BrAnon }) (usize, clap::builder::StyledStr, &ReErased clap::Command))) - bool, [Region(BrAnon), Region(BrAnon)]), (&ReErased mut Closure(DefId(20:2591 ~ clap_builder[8375]::output::help_template::{impl#4}::write_subcommands::{closure#1}), [ReErased, ReErased, i16, Binder(extern "RustCall" fn((&ReBound(DebruijnIndex(0), BoundRegion { var: 0, kind: BrAnon }) (usize, clap::builder::StyledStr, &ReErased clap::Command), &ReBound(DebruijnIndex(0), BoundRegion { var: 1, kind: BrAnon }) (usize, clap::builder::StyledStr, &ReErased clap::Command))) - std::cmp::Ordering, [Region(BrAnon), Region(BrAnon)]), ()]),)]), i8, Binder(extern "RustCall" fn((usize,)) - *mut core::slice::sort::TimSortRun, []), ()]), Closure(DefId(5:5465 ~ alloc[484d]::slice::stable_sort::{closure#3}), [(usize, clap::builder::StyledStr, &ReErased clap::Command), Closure(DefId(5:5384 ~ alloc[484d]::slice::{impl#0}::sort_by::{closure#0}), [(usize, clap::builder::StyledStr, &ReErased clap::Command), Closure(DefId(20:2591 ~ clap_builder[8375]::output::help_template::{impl#4}::write_subcommands::{closure#1}), [ReErased, ReErased, i16, Binder(extern "RustCall" fn((&ReBound(DebruijnIndex(0), BoundRegion { var: 0, kind: BrAnon }) (usize, clap::builder::StyledStr, &ReErased clap::Command), &ReBound(DebruijnIndex(0), BoundRegion { var: 1, kind: BrAnon }) (usize, clap::builder::StyledStr, &ReErased clap::Command))) - std::cmp::Ordering, [Region(BrAnon), Region(BrAnon)]), ()]), i16, Binder(extern "RustCall" fn((&ReBound(DebruijnIndex(0), BoundRegion { var: 0, kind: BrAnon }) (usize, clap::builder::StyledStr, &ReErased clap::Command), &ReBound(DebruijnIndex(0), BoundRegion { var: 1, kind: BrAnon }) (usize, clap::builder::StyledStr, &ReErased clap::Command))) - bool, [Region(BrAnon), Region(BrAnon)]), (&ReErased mut Closure(DefId(20:2591 ~ clap_builder[8375]::output::help_template::{impl#4}::write_subcommands::{closure#1}), [ReErased, ReErased, i16, Binder(extern "RustCall" fn((&ReBound(DebruijnIndex(0), BoundRegion { var: 0, kind: BrAnon }) (usize, clap::builder::StyledStr, &ReErased clap::Command), &ReBound(DebruijnIndex(0), BoundRegion { var: 1, kind: BrAnon }) (usize, clap::builder::StyledStr, &ReErased clap::Command))) - std::cmp::Ordering, [Region(BrAnon), Region(BrAnon)]), ()]),)]), i8, Binder(extern "RustCall" fn((*mut core::slice::sort::TimSortRun, usize)), []), ()])
3	1	1	1	core::slice::sort::merge_sort::{impl#3}::index std::cmp::Reverse, [Region(BrAnon)]), ()]), i16, Binder(extern "RustCall" fn((&ReBound(DebruijnIndex(0), BoundRegion { var: 0, kind: BrAnon }) (std::net::IpAddr, display::ui_state::NetworkData), &ReBound(DebruijnIndex(0), BoundRegion { var: 1, kind: BrAnon }) (std::net::IpAddr, display::ui_state::NetworkData))) - bool, [Region(BrAnon), Region(BrAnon)]), (&ReErased mut Closure(DefId(0:332 ~ bandwhich[4573]::display::ui_state::sort_and_prune::{closure#0}), [std::net::IpAddr, display::ui_state::NetworkData, i16, Binder(extern "RustCall" fn((&ReBound(DebruijnIndex(0), BoundRegion { var: 0, kind: BrAnon }) (std::net::IpAddr, display::ui_state::NetworkData),)) - std::cmp::Reverse, [Region(BrAnon)]), ()]),)]), i8, Binder(extern "RustCall" fn((usize,)) - *mut core::slice::sort::TimSortRun, []), ()]), Closure(DefId(5:5465 ~ alloc[484d]::slice::stable_sort::{closure#3}), [(std::net::IpAddr, display::ui_state::NetworkData), Closure(DefId(5:5388 ~ alloc[484d]::slice::{impl#0}::sort_by_key::{closure#0}), [(std::net::IpAddr, display::ui_state::NetworkData), std::cmp::Reverse, Closure(DefId(0:332 ~ bandwhich[4573]::display::ui_state::sort_and_prune::{closure#0}), [std::net::IpAddr, display::ui_state::NetworkData, i16, Binder(extern "RustCall" fn((&ReBound(DebruijnIndex(0), BoundRegion { var: 0, kind: BrAnon }) (std::net::IpAddr, display::ui_state::NetworkData),)) - std::cmp::Reverse, [Region(BrAnon)]), ()]), i16, Binder(extern "RustCall" fn((&ReBound(DebruijnIndex(0), BoundRegion { var: 0, kind: BrAnon }) (std::net::IpAddr, display::ui_state::NetworkData), &ReBound(DebruijnIndex(0), BoundRegion { var: 1, kind: BrAnon }) (std::net::IpAddr, display::ui_state::NetworkData))) - bool, [Region(BrAnon), Region(BrAnon)]), (&ReErased mut Closure(DefId(0:332 ~ bandwhich[4573]::display::ui_state::sort_and_prune::{closure#0}), [std::net::IpAddr, display::ui_state::NetworkData, i16, Binder(extern "RustCall" fn((&ReBound(DebruijnIndex(0), BoundRegion { var: 0, kind: BrAnon }) (std::net::IpAddr, display::ui_state::NetworkData),)) - std::cmp::Reverse, [Region(BrAnon)]), ()]),)]), i8, Binder(extern "RustCall" fn((*mut core::slice::sort::TimSortRun, usize)), []), ()])
3	1	1	1	core::slice::sort::merge_sort::{impl#3}::index usize, [Region(BrAnon)]), ()]), i16, Binder(extern "RustCall" fn((&ReBound(DebruijnIndex(0), BoundRegion { var: 0, kind: BrAnon }) (usize, char), &ReBound(DebruijnIndex(0), BoundRegion { var: 1, kind: BrAnon }) (usize, char))) - bool, [Region(BrAnon), Region(BrAnon)]), (&ReErased mut Closure(DefId(92:28 ~ idna[927f]::punycode::{impl#0}::decode::{closure#0}), [i16, Binder(extern "RustCall" fn((&ReBound(DebruijnIndex(0), BoundRegion { var: 0, kind: BrAnon }) (usize, char),)) - usize, [Region(BrAnon)]), ()]),)]), i8, Binder(extern "RustCall" fn((usize,)) - *mut core::slice::sort::TimSortRun, []), ()]), Closure(DefId(5:5465 ~ alloc[484d]::slice::stable_sort::{closure#3}), [(usize, char), Closure(DefId(5:5388 ~ alloc[484d]::slice::{impl#0}::sort_by_key::{closure#0}), [(usize, char), usize, Closure(DefId(92:28 ~ idna[927f]::punycode::{impl#0}::decode::{closure#0}), [i16, Binder(extern "RustCall" fn((&ReBound(DebruijnIndex(0), BoundRegion { var: 0, kind: BrAnon }) (usize, char),)) - usize, [Region(BrAnon)]), ()]), i16, Binder(extern "RustCall" fn((&ReBound(DebruijnIndex(0), BoundRegion { var: 0, kind: BrAnon }) (usize, char), &ReBound(DebruijnIndex(0), BoundRegion { var: 1, kind: BrAnon }) (usize, char))) - bool, [Region(BrAnon), Region(BrAnon)]), (&ReErased mut Closure(DefId(92:28 ~ idna[927f]::punycode::{impl#0}::decode::{closure#0}), [i16, Binder(extern "RustCall" fn((&ReBound(DebruijnIndex(0), BoundRegion { var: 0, kind: BrAnon }) (usize, char),)) - usize, [Region(BrAnon)]), ()]),)]), i8, Binder(extern "RustCall" fn((*mut core::slice::sort::TimSortRun, usize)), []), ()])
3	1	1	1	core::slice::sort::merge_sort::{impl#3}::index u8, [Region(BrAnon)]), ()]), i16, Binder(extern "RustCall" fn((&ReBound(DebruijnIndex(0), BoundRegion { var: 0, kind: BrAnon }) (u8, char), &ReBound(DebruijnIndex(0), BoundRegion { var: 1, kind: BrAnon }) (u8, char))) - bool, [Region(BrAnon), Region(BrAnon)]), (&ReErased mut Closure(DefId(94:43 ~ unicode_normalization[3638]::decompose::{impl#0}::sort_pending::{closure#0}), [std::str::Chars, i16, Binder(extern "RustCall" fn((&ReBound(DebruijnIndex(0), BoundRegion { var: 0, kind: BrAnon }) (u8, char),)) - u8, [Region(BrAnon)]), ()]),)]), i8, Binder(extern "RustCall" fn((usize,)) - *mut core::slice::sort::TimSortRun, []), ()]), Closure(DefId(5:5465 ~ alloc[484d]::slice::stable_sort::{closure#3}), [(u8, char), Closure(DefId(5:5388 ~ alloc[484d]::slice::{impl#0}::sort_by_key::{closure#0}), [(u8, char), u8, Closure(DefId(94:43 ~ unicode_normalization[3638]::decompose::{impl#0}::sort_pending::{closure#0}), [std::str::Chars, i16, Binder(extern "RustCall" fn((&ReBound(DebruijnIndex(0), BoundRegion { var: 0, kind: BrAnon }) (u8, char),)) - u8, [Region(BrAnon)]), ()]), i16, Binder(extern "RustCall" fn((&ReBound(DebruijnIndex(0), BoundRegion { var: 0, kind: BrAnon }) (u8, char), &ReBound(DebruijnIndex(0), BoundRegion { var: 1, kind: BrAnon }) (u8, char))) - bool, [Region(BrAnon), Region(BrAnon)]), (&ReErased mut Closure(DefId(94:43 ~ unicode_normalization[3638]::decompose::{impl#0}::sort_pending::{closure#0}), [std::str::Chars, i16, Binder(extern "RustCall" fn((&ReBound(DebruijnIndex(0), BoundRegion { var: 0, kind: BrAnon }) (u8, char),)) - u8, [Region(BrAnon)]), ()]),)]), i8, Binder(extern "RustCall" fn((*mut core::slice::sort::TimSortRun, usize)), []), ()])
3	1	1	1	pnet_packet::ipv4::{impl#17}::payload
3	1	1	1	core::slice::sort::merge_sort::{impl#3}::index std::cmp::Ordering, [Region(BrAnon), Region(BrAnon)]), ()]), i16, Binder(extern "RustCall" fn((&ReBound(DebruijnIndex(0), BoundRegion { var: 0, kind: BrAnon }) (usize, &ReErased str, &ReErased clap::Command), &ReBound(DebruijnIndex(0), BoundRegion { var: 1, kind: BrAnon }) (usize, &ReErased str, &ReErased clap::Command))) - bool, [Region(BrAnon), Region(BrAnon)]), (&ReErased mut Closure(DefId(20:2585 ~ clap_builder[8375]::output::help_template::{impl#4}::write_flat_subcommands::{closure#1}), [ReErased, ReErased, i16, Binder(extern "RustCall" fn((&ReBound(DebruijnIndex(0), BoundRegion { var: 0, kind: BrAnon }) (usize, &ReErased str, &ReErased clap::Command), &ReBound(DebruijnIndex(0), BoundRegion { var: 1, kind: BrAnon }) (usize, &ReErased str, &ReErased clap::Command))) - std::cmp::Ordering, [Region(BrAnon), Region(BrAnon)]), ()]),)]), i8, Binder(extern "RustCall" fn((usize,)) - *mut core::slice::sort::TimSortRun, []), ()]), Closure(DefId(5:5465 ~ alloc[484d]::slice::stable_sort::{closure#3}), [(usize, &ReErased str, &ReErased clap::Command), Closure(DefId(5:5384 ~ alloc[484d]::slice::{impl#0}::sort_by::{closure#0}), [(usize, &ReErased str, &ReErased clap::Command), Closure(DefId(20:2585 ~ clap_builder[8375]::output::help_template::{impl#4}::write_flat_subcommands::{closure#1}), [ReErased, ReErased, i16, Binder(extern "RustCall" fn((&ReBound(DebruijnIndex(0), BoundRegion { var: 0, kind: BrAnon }) (usize, &ReErased str, &ReErased clap::Command), &ReBound(DebruijnIndex(0), BoundRegion { var: 1, kind: BrAnon }) (usize, &ReErased str, &ReErased clap::Command))) - std::cmp::Ordering, [Region(BrAnon), Region(BrAnon)]), ()]), i16, Binder(extern "RustCall" fn((&ReBound(DebruijnIndex(0), BoundRegion { var: 0, kind: BrAnon }) (usize, &ReErased str, &ReErased clap::Command), &ReBound(DebruijnIndex(0), BoundRegion { var: 1, kind: BrAnon }) (usize, &ReErased str, &ReErased clap::Command))) - bool, [Region(BrAnon), Region(BrAnon)]), (&ReErased mut Closure(DefId(20:2585 ~ clap_builder[8375]::output::help_template::{impl#4}::write_flat_subcommands::{closure#1}), [ReErased, ReErased, i16, Binder(extern "RustCall" fn((&ReBound(DebruijnIndex(0), BoundRegion { var: 0, kind: BrAnon }) (usize, &ReErased str, &ReErased clap::Command), &ReBound(DebruijnIndex(0), BoundRegion { var: 1, kind: BrAnon }) (usize, &ReErased str, &ReErased clap::Command))) - std::cmp::Ordering, [Region(BrAnon), Region(BrAnon)]), ()]),)]), i8, Binder(extern "RustCall" fn((*mut core::slice::sort::TimSortRun, usize)), []), ()])
3	1	1	1	fuzzy_matcher::skim::{impl#8}::index_mut
3	1	1	1	core::slice::sort::merge_sort::{impl#3}::index u64, [Region(BrAnon)]), ()]), i16, Binder(extern "RustCall" fn((&ReBound(DebruijnIndex(0), BoundRegion { var: 0, kind: BrAnon }) addr2line::LineSequence, &ReBound(DebruijnIndex(0), BoundRegion { var: 1, kind: BrAnon }) addr2line::LineSequence)) - bool, [Region(BrAnon), Region(BrAnon)]), (&ReErased mut Closure(DefId(149:188 ~ addr2line[e9d9]::{impl#3}::parse::{closure#1}), [gimli::read::endian_slice::EndianSlice, i16, Binder(extern "RustCall" fn((&ReBound(DebruijnIndex(0), BoundRegion { var: 0, kind: BrAnon }) addr2line::LineSequence,)) - u64, [Region(BrAnon)]), ()]),)]), i8, Binder(extern "RustCall" fn((usize,)) - *mut bitflags::__private::core::slice::sort::TimSortRun, []), ()]), Closure(DefId(5:5465 ~ alloc[484d]::slice::stable_sort::{closure#3}), [addr2line::LineSequence, Closure(DefId(5:5388 ~ alloc[484d]::slice::{impl#0}::sort_by_key::{closure#0}), [addr2line::LineSequence, u64, Closure(DefId(149:188 ~ addr2line[e9d9]::{impl#3}::parse::{closure#1}), [gimli::read::endian_slice::EndianSlice, i16, Binder(extern "RustCall" fn((&ReBound(DebruijnIndex(0), BoundRegion { var: 0, kind: BrAnon }) addr2line::LineSequence,)) - u64, [Region(BrAnon)]), ()]), i16, Binder(extern "RustCall" fn((&ReBound(DebruijnIndex(0), BoundRegion { var: 0, kind: BrAnon }) addr2line::LineSequence, &ReBound(DebruijnIndex(0), BoundRegion { var: 1, kind: BrAnon }) addr2line::LineSequence)) - bool, [Region(BrAnon), Region(BrAnon)]), (&ReErased mut Closure(DefId(149:188 ~ addr2line[e9d9]::{impl#3}::parse::{closure#1}), [gimli::read::endian_slice::EndianSlice, i16, Binder(extern "RustCall" fn((&ReBound(DebruijnIndex(0), BoundRegion { var: 0, kind: BrAnon }) addr2line::LineSequence,)) - u64, [Region(BrAnon)]), ()]),)]), i8, Binder(extern "RustCall" fn((*mut bitflags::__private::core::slice::sort::TimSortRun, usize)), []), ()])
3	1	1	1	core::slice::sort::merge_sort::{impl#3}::index std::cmp::Ordering, [Region(BrAnon), Region(BrAnon)]), ()]), i16, Binder(extern "RustCall" fn((&ReBound(DebruijnIndex(0), BoundRegion { var: 0, kind: BrAnon }) (f64, std::string::String), &ReBound(DebruijnIndex(0), BoundRegion { var: 1, kind: BrAnon }) (f64, std::string::String))) - bool, [Region(BrAnon), Region(BrAnon)]), (&ReErased mut Closure(DefId(85:2406 ~ clap_builder[177a]::parser::features::suggestions::did_you_mean::{closure#2}), [&ReErased std::string::String, std::slice::Iter, i16, Binder(extern "RustCall" fn((&ReBound(DebruijnIndex(0), BoundRegion { var: 0, kind: BrAnon }) (f64, std::string::String), &ReBound(DebruijnIndex(0), BoundRegion { var: 1, kind: BrAnon }) (f64, std::string::String))) - std::cmp::Ordering, [Region(BrAnon), Region(BrAnon)]), ()]),)]), i8, Binder(extern "RustCall" fn((usize,)) - *mut bitflags::__private::core::slice::sort::TimSortRun, []), ()]), Closure(DefId(5:5465 ~ alloc[484d]::slice::stable_sort::{closure#3}), [(f64, std::string::String), Closure(DefId(5:5384 ~ alloc[484d]::slice::{impl#0}::sort_by::{closure#0}), [(f64, std::string::String), Closure(DefId(85:2406 ~ clap_builder[177a]::parser::features::suggestions::did_you_mean::{closure#2}), [&ReErased std::string::String, std::slice::Iter, i16, Binder(extern "RustCall" fn((&ReBound(DebruijnIndex(0), BoundRegion { var: 0, kind: BrAnon }) (f64, std::string::String), &ReBound(DebruijnIndex(0), BoundRegion { var: 1, kind: BrAnon }) (f64, std::string::String))) - std::cmp::Ordering, [Region(BrAnon), Region(BrAnon)]), ()]), i16, Binder(extern "RustCall" fn((&ReBound(DebruijnIndex(0), BoundRegion { var: 0, kind: BrAnon }) (f64, std::string::String), &ReBound(DebruijnIndex(0), BoundRegion { var: 1, kind: BrAnon }) (f64, std::string::String))) - bool, [Region(BrAnon), Region(BrAnon)]), (&ReErased mut Closure(DefId(85:2406 ~ clap_builder[177a]::parser::features::suggestions::did_you_mean::{closure#2}), [&ReErased std::string::String, std::slice::Iter, i16, Binder(extern "RustCall" fn((&ReBound(DebruijnIndex(0), BoundRegion { var: 0, kind: BrAnon }) (f64, std::string::String), &ReBound(DebruijnIndex(0), BoundRegion { var: 1, kind: BrAnon }) (f64, std::string::String))) - std::cmp::Ordering, [Region(BrAnon), Region(BrAnon)]), ()]),)]), i8, Binder(extern "RustCall" fn((*mut bitflags::__private::core::slice::sort::TimSortRun, usize)), []), ()])
3	1	1	1	core::slice::sort::merge_sort::{impl#3}::index std::iter::Chain, []), ()]), i16, Binder(extern "RustCall" fn((&ReBound(DebruijnIndex(0), BoundRegion { var: 0, kind: BrAnon }) (f64, std::string::String), &ReBound(DebruijnIndex(0), BoundRegion { var: 1, kind: BrAnon }) (f64, std::string::String))) - std::cmp::Ordering, [Region(BrAnon), Region(BrAnon)]), ()]), i16, Binder(extern "RustCall" fn((&ReBound(DebruijnIndex(0), BoundRegion { var: 0, kind: BrAnon }) (f64, std::string::String), &ReBound(DebruijnIndex(0), BoundRegion { var: 1, kind: BrAnon }) (f64, std::string::String))) - bool, [Region(BrAnon), Region(BrAnon)]), (&ReErased mut Closure(DefId(85:2406 ~ clap_builder[177a]::parser::features::suggestions::did_you_mean::{closure#2}), [&ReErased str, std::iter::FlatMap, Closure(DefId(85:716 ~ clap_builder[177a]::builder::command::{impl#7}::all_subcommand_names::{closure#0}), [i16, Binder(extern "RustCall" fn((&ReErased clap::Command,)) - std::iter::Chain, []), ()]), i16, Binder(extern "RustCall" fn((&ReBound(DebruijnIndex(0), BoundRegion { var: 0, kind: BrAnon }) (f64, std::string::String), &ReBound(DebruijnIndex(0), BoundRegion { var: 1, kind: BrAnon }) (f64, std::string::String))) - std::cmp::Ordering, [Region(BrAnon), Region(BrAnon)]), ()]),)]), i8, Binder(extern "RustCall" fn((usize,)) - *mut bitflags::__private::core::slice::sort::TimSortRun, []), ()]), Closure(DefId(5:5465 ~ alloc[484d]::slice::stable_sort::{closure#3}), [(f64, std::string::String), Closure(DefId(5:5384 ~ alloc[484d]::slice::{impl#0}::sort_by::{closure#0}), [(f64, std::string::String), Closure(DefId(85:2406 ~ clap_builder[177a]::parser::features::suggestions::did_you_mean::{closure#2}), [&ReErased str, std::iter::FlatMap, Closure(DefId(85:716 ~ clap_builder[177a]::builder::command::{impl#7}::all_subcommand_names::{closure#0}), [i16, Binder(extern "RustCall" fn((&ReErased clap::Command,)) - std::iter::Chain, []), ()]), i16, Binder(extern "RustCall" fn((&ReBound(DebruijnIndex(0), BoundRegion { var: 0, kind: BrAnon }) (f64, std::string::String), &ReBound(DebruijnIndex(0), BoundRegion { var: 1, kind: BrAnon }) (f64, std::string::String))) - std::cmp::Ordering, [Region(BrAnon), Region(BrAnon)]), ()]), i16, Binder(extern "RustCall" fn((&ReBound(DebruijnIndex(0), BoundRegion { var: 0, kind: BrAnon }) (f64, std::string::String), &ReBound(DebruijnIndex(0), BoundRegion { var: 1, kind: BrAnon }) (f64, std::string::String))) - bool, [Region(BrAnon), Region(BrAnon)]), (&ReErased mut Closure(DefId(85:2406 ~ clap_builder[177a]::parser::features::suggestions::did_you_mean::{closure#2}), [&ReErased str, std::iter::FlatMap, Closure(DefId(85:716 ~ clap_builder[177a]::builder::command::{impl#7}::all_subcommand_names::{closure#0}), [i16, Binder(extern "RustCall" fn((&ReErased clap::Command,)) - std::iter::Chain, []), ()]), i16, Binder(extern "RustCall" fn((&ReBound(DebruijnIndex(0), BoundRegion { var: 0, kind: BrAnon }) (f64, std::string::String), &ReBound(DebruijnIndex(0), BoundRegion { var: 1, kind: BrAnon }) (f64, std::string::String))) - std::cmp::Ordering, [Region(BrAnon), Region(BrAnon)]), ()]),)]), i8, Binder(extern "RustCall" fn((*mut bitflags::__private::core::slice::sort::TimSortRun, usize)), []), ()])
3	1	1	1	core::slice::sort::merge_sort::{impl#3}::index std::cmp::Ordering, [Region(BrAnon), Region(BrAnon)]), (&ReErased mut &ReErased mut std::boxed::Box,)]), i16, Binder(extern "RustCall" fn((&ReBound(DebruijnIndex(0), BoundRegion { var: 0, kind: BrAnon }) std::result::Result, &ReBound(DebruijnIndex(0), BoundRegion { var: 1, kind: BrAnon }) std::result::Result)) - bool, [Region(BrAnon), Region(BrAnon)]), (&ReErased mut Closure(DefId(133:149 ~ walkdir[36a5]::{impl#5}::push::{closure#1}), [i16, Binder(extern "RustCall" fn((&ReBound(DebruijnIndex(0), BoundRegion { var: 0, kind: BrAnon }) std::result::Result, &ReBound(DebruijnIndex(0), BoundRegion { var: 1, kind: BrAnon }) std::result::Result)) - std::cmp::Ordering, [Region(BrAnon), Region(BrAnon)]), (&ReErased mut &ReErased mut std::boxed::Box,)]),)]), i8, Binder(extern "RustCall" fn((usize,)) - *mut bitflags::__private::core::slice::sort::TimSortRun, []), ()]), Closure(DefId(5:5465 ~ alloc[484d]::slice::stable_sort::{closure#3}), [std::result::Result, Closure(DefId(5:5384 ~ alloc[484d]::slice::{impl#0}::sort_by::{closure#0}), [std::result::Result, Closure(DefId(133:149 ~ walkdir[36a5]::{impl#5}::push::{closure#1}), [i16, Binder(extern "RustCall" fn((&ReBound(DebruijnIndex(0), BoundRegion { var: 0, kind: BrAnon }) std::result::Result, &ReBound(DebruijnIndex(0), BoundRegion { var: 1, kind: BrAnon }) std::result::Result)) - std::cmp::Ordering, [Region(BrAnon), Region(BrAnon)]), (&ReErased mut &ReErased mut std::boxed::Box,)]), i16, Binder(extern "RustCall" fn((&ReBound(DebruijnIndex(0), BoundRegion { var: 0, kind: BrAnon }) std::result::Result, &ReBound(DebruijnIndex(0), BoundRegion { var: 1, kind: BrAnon }) std::result::Result)) - bool, [Region(BrAnon), Region(BrAnon)]), (&ReErased mut Closure(DefId(133:149 ~ walkdir[36a5]::{impl#5}::push::{closure#1}), [i16, Binder(extern "RustCall" fn((&ReBound(DebruijnIndex(0), BoundRegion { var: 0, kind: BrAnon }) std::result::Result, &ReBound(DebruijnIndex(0), BoundRegion { var: 1, kind: BrAnon }) std::result::Result)) - std::cmp::Ordering, [Region(BrAnon), Region(BrAnon)]), (&ReErased mut &ReErased mut std::boxed::Box,)]),)]), i8, Binder(extern "RustCall" fn((*mut bitflags::__private::core::slice::sort::TimSortRun, usize)), []), ()])
3	1	1	1	core::slice::sort::merge_sort::{impl#3}::index std::cmp::Ordering, [Region(BrAnon), Region(BrAnon)]), ()]), i16, Binder(extern "RustCall" fn((&ReBound(DebruijnIndex(0), BoundRegion { var: 0, kind: BrAnon }) ((usize, std::string::String), &ReErased clap::Arg), &ReBound(DebruijnIndex(0), BoundRegion { var: 1, kind: BrAnon }) ((usize, std::string::String), &ReErased clap::Arg))) - bool, [Region(BrAnon), Region(BrAnon)]), (&ReErased mut Closure(DefId(85:2563 ~ clap_builder[177a]::output::help_template::{impl#3}::write_args::{closure#1}), [ReErased, ReErased, i16, Binder(extern "RustCall" fn((&ReBound(DebruijnIndex(0), BoundRegion { var: 0, kind: BrAnon }) ((usize, std::string::String), &ReErased clap::Arg), &ReBound(DebruijnIndex(0), BoundRegion { var: 1, kind: BrAnon }) ((usize, std::string::String), &ReErased clap::Arg))) - std::cmp::Ordering, [Region(BrAnon), Region(BrAnon)]), ()]),)]), i8, Binder(extern "RustCall" fn((usize,)) - *mut bitflags::__private::core::slice::sort::TimSortRun, []), ()]), Closure(DefId(5:5465 ~ alloc[484d]::slice::stable_sort::{closure#3}), [((usize, std::string::String), &ReErased clap::Arg), Closure(DefId(5:5384 ~ alloc[484d]::slice::{impl#0}::sort_by::{closure#0}), [((usize, std::string::String), &ReErased clap::Arg), Closure(DefId(85:2563 ~ clap_builder[177a]::output::help_template::{impl#3}::write_args::{closure#1}), [ReErased, ReErased, i16, Binder(extern "RustCall" fn((&ReBound(DebruijnIndex(0), BoundRegion { var: 0, kind: BrAnon }) ((usize, std::string::String), &ReErased clap::Arg), &ReBound(DebruijnIndex(0), BoundRegion { var: 1, kind: BrAnon }) ((usize, std::string::String), &ReErased clap::Arg))) - std::cmp::Ordering, [Region(BrAnon), Region(BrAnon)]), ()]), i16, Binder(extern "RustCall" fn((&ReBound(DebruijnIndex(0), BoundRegion { var: 0, kind: BrAnon }) ((usize, std::string::String), &ReErased clap::Arg), &ReBound(DebruijnIndex(0), BoundRegion { var: 1, kind: BrAnon }) ((usize, std::string::String), &ReErased clap::Arg))) - bool, [Region(BrAnon), Region(BrAnon)]), (&ReErased mut Closure(DefId(85:2563 ~ clap_builder[177a]::output::help_template::{impl#3}::write_args::{closure#1}), [ReErased, ReErased, i16, Binder(extern "RustCall" fn((&ReBound(DebruijnIndex(0), BoundRegion { var: 0, kind: BrAnon }) ((usize, std::string::String), &ReErased clap::Arg), &ReBound(DebruijnIndex(0), BoundRegion { var: 1, kind: BrAnon }) ((usize, std::string::String), &ReErased clap::Arg))) - std::cmp::Ordering, [Region(BrAnon), Region(BrAnon)]), ()]),)]), i8, Binder(extern "RustCall" fn((*mut bitflags::__private::core::slice::sort::TimSortRun, usize)), []), ()])
3	1	1	1	core::slice::sort::merge_sort::{impl#3}::index u64, [Region(BrAnon)]), ()]), i16, Binder(extern "RustCall" fn((&ReBound(DebruijnIndex(0), BoundRegion { var: 0, kind: BrAnon }) addr2line::function::FunctionAddress, &ReBound(DebruijnIndex(0), BoundRegion { var: 1, kind: BrAnon }) addr2line::function::FunctionAddress)) - bool, [Region(BrAnon), Region(BrAnon)]), (&ReErased mut Closure(DefId(15:72 ~ addr2line[8ff7]::function::{impl#0}::parse::{closure#1}), [gimli::read::endian_slice::EndianSlice, i16, Binder(extern "RustCall" fn((&ReBound(DebruijnIndex(0), BoundRegion { var: 0, kind: BrAnon }) addr2line::function::FunctionAddress,)) - u64, [Region(BrAnon)]), ()]),)]), i8, Binder(extern "RustCall" fn((usize,)) - *mut bitflags::__private::core::slice::sort::TimSortRun, []), ()]), Closure(DefId(5:5465 ~ alloc[484d]::slice::stable_sort::{closure#3}), [addr2line::function::FunctionAddress, Closure(DefId(5:5388 ~ alloc[484d]::slice::{impl#0}::sort_by_key::{closure#0}), [addr2line::function::FunctionAddress, u64, Closure(DefId(15:72 ~ addr2line[8ff7]::function::{impl#0}::parse::{closure#1}), [gimli::read::endian_slice::EndianSlice, i16, Binder(extern "RustCall" fn((&ReBound(DebruijnIndex(0), BoundRegion { var: 0, kind: BrAnon }) addr2line::function::FunctionAddress,)) - u64, [Region(BrAnon)]), ()]), i16, Binder(extern "RustCall" fn((&ReBound(DebruijnIndex(0), BoundRegion { var: 0, kind: BrAnon }) addr2line::function::FunctionAddress, &ReBound(DebruijnIndex(0), BoundRegion { var: 1, kind: BrAnon }) addr2line::function::FunctionAddress)) - bool, [Region(BrAnon), Region(BrAnon)]), (&ReErased mut Closure(DefId(15:72 ~ addr2line[8ff7]::function::{impl#0}::parse::{closure#1}), [gimli::read::endian_slice::EndianSlice, i16, Binder(extern "RustCall" fn((&ReBound(DebruijnIndex(0), BoundRegion { var: 0, kind: BrAnon }) addr2line::function::FunctionAddress,)) - u64, [Region(BrAnon)]), ()]),)]), i8, Binder(extern "RustCall" fn((*mut bitflags::__private::core::slice::sort::TimSortRun, usize)), []), ()])
3	1	1	1	core::slice::sort::merge_sort::{impl#3}::index i8, [Region(BrAnon)]), ()]), i16, Binder(extern "RustCall" fn((&ReBound(DebruijnIndex(0), BoundRegion { var: 0, kind: BrAnon }) components::command::CommandInfo, &ReBound(DebruijnIndex(0), BoundRegion { var: 1, kind: BrAnon }) components::command::CommandInfo)) - bool, [Region(BrAnon), Region(BrAnon)]), (&ReErased mut Closure(DefId(0:314 ~ gitui[4712]::cmdbar::{impl#0}::set_cmds::{closure#0}), [i16, Binder(extern "RustCall" fn((&ReBound(DebruijnIndex(0), BoundRegion { var: 0, kind: BrAnon }) components::command::CommandInfo,)) - i8, [Region(BrAnon)]), ()]),)]), i8, Binder(extern "RustCall" fn((usize,)) - *mut bitflags::__private::core::slice::sort::TimSortRun, []), ()]), Closure(DefId(5:5465 ~ alloc[484d]::slice::stable_sort::{closure#3}), [components::command::CommandInfo, Closure(DefId(5:5388 ~ alloc[484d]::slice::{impl#0}::sort_by_key::{closure#0}), [components::command::CommandInfo, i8, Closure(DefId(0:314 ~ gitui[4712]::cmdbar::{impl#0}::set_cmds::{closure#0}), [i16, Binder(extern "RustCall" fn((&ReBound(DebruijnIndex(0), BoundRegion { var: 0, kind: BrAnon }) components::command::CommandInfo,)) - i8, [Region(BrAnon)]), ()]), i16, Binder(extern "RustCall" fn((&ReBound(DebruijnIndex(0), BoundRegion { var: 0, kind: BrAnon }) components::command::CommandInfo, &ReBound(DebruijnIndex(0), BoundRegion { var: 1, kind: BrAnon }) components::command::CommandInfo)) - bool, [Region(BrAnon), Region(BrAnon)]), (&ReErased mut Closure(DefId(0:314 ~ gitui[4712]::cmdbar::{impl#0}::set_cmds::{closure#0}), [i16, Binder(extern "RustCall" fn((&ReBound(DebruijnIndex(0), BoundRegion { var: 0, kind: BrAnon }) components::command::CommandInfo,)) - i8, [Region(BrAnon)]), ()]),)]), i8, Binder(extern "RustCall" fn((*mut bitflags::__private::core::slice::sort::TimSortRun, usize)), []), ()])
3	1	1	1	core::slice::sort::merge_sort::{impl#3}::index, &ReErased str, std::slice::IterMut, i16, Binder(extern "RustCall" fn((&ReErased clap_builder::mkeymap::KeyType,)) - std::option::Option, []), ()]), i16, Binder(extern "RustCall" fn((&ReBound(DebruijnIndex(0), BoundRegion { var: 0, kind: BrAnon }) (f64, std::string::String), &ReBound(DebruijnIndex(0), BoundRegion { var: 1, kind: BrAnon }) (f64, std::string::String))) - std::cmp::Ordering, [Region(BrAnon), Region(BrAnon)]), ()]), i16, Binder(extern "RustCall" fn((&ReBound(DebruijnIndex(0), BoundRegion { var: 0, kind: BrAnon }) (f64, std::string::String), &ReBound(DebruijnIndex(0), BoundRegion { var: 1, kind: BrAnon }) (f64, std::string::String))) - bool, [Region(BrAnon), Region(BrAnon)]), (&ReErased mut Closure(DefId(85:2406 ~ clap_builder[177a]::parser::features::suggestions::did_you_mean::{closure#2}), [std::string::String, std::iter::FilterMap, Closure(DefId(85:2415 ~ clap_builder[177a]::parser::features::suggestions::did_you_mean_flag::{closure#0}::{closure#0}), [ReErased, ReErased, std::iter::Map &ReErased str, []), ()]), &ReErased str, std::slice::IterMut, i16, Binder(extern "RustCall" fn((&ReErased clap_builder::mkeymap::KeyType,)) - std::option::Option, []), ()]), i16, Binder(extern "RustCall" fn((&ReBound(DebruijnIndex(0), BoundRegion { var: 0, kind: BrAnon }) (f64, std::string::String), &ReBound(DebruijnIndex(0), BoundRegion { var: 1, kind: BrAnon }) (f64, std::string::String))) - std::cmp::Ordering, [Region(BrAnon), Region(BrAnon)]), ()]),)]), i8, Binder(extern "RustCall" fn((usize,)) - *mut bitflags::__private::core::slice::sort::TimSortRun, []), ()]), Closure(DefId(5:5465 ~ alloc[484d]::slice::stable_sort::{closure#3}), [(f64, std::string::String), Closure(DefId(5:5384 ~ alloc[484d]::slice::{impl#0}::sort_by::{closure#0}), [(f64, std::string::String), Closure(DefId(85:2406 ~ clap_builder[177a]::parser::features::suggestions::did_you_mean::{closure#2}), [std::string::String, std::iter::FilterMap, Closure(DefId(85:2415 ~ clap_builder[177a]::parser::features::suggestions::did_you_mean_flag::{closure#0}::{closure#0}), [ReErased, ReErased, std::iter::Map &ReErased str, []), ()]), &ReErased str, std::slice::IterMut, i16, Binder(extern "RustCall" fn((&ReErased clap_builder::mkeymap::KeyType,)) - std::option::Option, []), ()]), i16, Binder(extern "RustCall" fn((&ReBound(DebruijnIndex(0), BoundRegion { var: 0, kind: BrAnon }) (f64, std::string::String), &ReBound(DebruijnIndex(0), BoundRegion { var: 1, kind: BrAnon }) (f64, std::string::String))) - std::cmp::Ordering, [Region(BrAnon), Region(BrAnon)]), ()]), i16, Binder(extern "RustCall" fn((&ReBound(DebruijnIndex(0), BoundRegion { var: 0, kind: BrAnon }) (f64, std::string::String), &ReBound(DebruijnIndex(0), BoundRegion { var: 1, kind: BrAnon }) (f64, std::string::String))) - bool, [Region(BrAnon), Region(BrAnon)]), (&ReErased mut Closure(DefId(85:2406 ~ clap_builder[177a]::parser::features::suggestions::did_you_mean::{closure#2}), [std::string::String, std::iter::FilterMap, Closure(DefId(85:2415 ~ clap_builder[177a]::parser::features::suggestions::did_you_mean_flag::{closure#0}::{closure#0}), [ReErased, ReErased, std::iter::Map &ReErased str, []), ()]), &ReErased str, std::slice::IterMut, i16, Binder(extern "RustCall" fn((&ReErased clap_builder::mkeymap::KeyType,)) - std::option::Option, []), ()]), i16, Binder(extern "RustCall" fn((&ReBound(DebruijnIndex(0), BoundRegion { var: 0, kind: BrAnon }) (f64, std::string::String), &ReBound(DebruijnIndex(0), BoundRegion { var: 1, kind: BrAnon }) (f64, std::string::String))) - std::cmp::Ordering, [Region(BrAnon), Region(BrAnon)]), ()]),)]), i8, Binder(extern "RustCall" fn((*mut bitflags::__private::core::slice::sort::TimSortRun, usize)), []), ()])
3	1	1	1	core::slice::sort::merge_sort::{impl#3}::index gimli::common::DebugInfoOffset, [Region(BrAnon)]), ()]), i16, Binder(extern "RustCall" fn((&ReBound(DebruijnIndex(0), BoundRegion { var: 0, kind: BrAnon }) (gimli::common::DebugInfoOffset, gimli::common::DebugArangesOffset), &ReBound(DebruijnIndex(0), BoundRegion { var: 1, kind: BrAnon }) (gimli::common::DebugInfoOffset, gimli::common::DebugArangesOffset))) - bool, [Region(BrAnon), Region(BrAnon)]), (&ReErased mut Closure(DefId(15:171 ~ addr2line[8ff7]::{impl#2}::parse_units::{closure#0}), [gimli::read::endian_slice::EndianSlice, i16, Binder(extern "RustCall" fn((&ReBound(DebruijnIndex(0), BoundRegion { var: 0, kind: BrAnon }) (gimli::common::DebugInfoOffset, gimli::common::DebugArangesOffset),)) - gimli::common::DebugInfoOffset, [Region(BrAnon)]), ()]),)]), i8, Binder(extern "RustCall" fn((usize,)) - *mut bitflags::__private::core::slice::sort::TimSortRun, []), ()]), Closure(DefId(5:5465 ~ alloc[484d]::slice::stable_sort::{closure#3}), [(gimli::common::DebugInfoOffset, gimli::common::DebugArangesOffset), Closure(DefId(5:5388 ~ alloc[484d]::slice::{impl#0}::sort_by_key::{closure#0}), [(gimli::common::DebugInfoOffset, gimli::common::DebugArangesOffset), gimli::common::DebugInfoOffset, Closure(DefId(15:171 ~ addr2line[8ff7]::{impl#2}::parse_units::{closure#0}), [gimli::read::endian_slice::EndianSlice, i16, Binder(extern "RustCall" fn((&ReBound(DebruijnIndex(0), BoundRegion { var: 0, kind: BrAnon }) (gimli::common::DebugInfoOffset, gimli::common::DebugArangesOffset),)) - gimli::common::DebugInfoOffset, [Region(BrAnon)]), ()]), i16, Binder(extern "RustCall" fn((&ReBound(DebruijnIndex(0), BoundRegion { var: 0, kind: BrAnon }) (gimli::common::DebugInfoOffset, gimli::common::DebugArangesOffset), &ReBound(DebruijnIndex(0), BoundRegion { var: 1, kind: BrAnon }) (gimli::common::DebugInfoOffset, gimli::common::DebugArangesOffset))) - bool, [Region(BrAnon), Region(BrAnon)]), (&ReErased mut Closure(DefId(15:171 ~ addr2line[8ff7]::{impl#2}::parse_units::{closure#0}), [gimli::read::endian_slice::EndianSlice, i16, Binder(extern "RustCall" fn((&ReBound(DebruijnIndex(0), BoundRegion { var: 0, kind: BrAnon }) (gimli::common::DebugInfoOffset, gimli::common::DebugArangesOffset),)) - gimli::common::DebugInfoOffset, [Region(BrAnon)]), ()]),)]), i8, Binder(extern "RustCall" fn((*mut bitflags::__private::core::slice::sort::TimSortRun, usize)), []), ()])
3	1	1	1	core::slice::sort::merge_sort::{impl#3}::index u64, [Region(BrAnon)]), ()]), i16, Binder(extern "RustCall" fn((&ReBound(DebruijnIndex(0), BoundRegion { var: 0, kind: BrAnon }) addr2line::UnitRange, &ReBound(DebruijnIndex(0), BoundRegion { var: 1, kind: BrAnon }) addr2line::UnitRange)) - bool, [Region(BrAnon), Region(BrAnon)]), (&ReErased mut Closure(DefId(15:176 ~ addr2line[8ff7]::{impl#2}::parse_units::{closure#5}), [gimli::read::endian_slice::EndianSlice, i16, Binder(extern "RustCall" fn((&ReBound(DebruijnIndex(0), BoundRegion { var: 0, kind: BrAnon }) addr2line::UnitRange,)) - u64, [Region(BrAnon)]), ()]),)]), i8, Binder(extern "RustCall" fn((usize,)) - *mut bitflags::__private::core::slice::sort::TimSortRun, []), ()]), Closure(DefId(5:5465 ~ alloc[484d]::slice::stable_sort::{closure#3}), [addr2line::UnitRange, Closure(DefId(5:5388 ~ alloc[484d]::slice::{impl#0}::sort_by_key::{closure#0}), [addr2line::UnitRange, u64, Closure(DefId(15:176 ~ addr2line[8ff7]::{impl#2}::parse_units::{closure#5}), [gimli::read::endian_slice::EndianSlice, i16, Binder(extern "RustCall" fn((&ReBound(DebruijnIndex(0), BoundRegion { var: 0, kind: BrAnon }) addr2line::UnitRange,)) - u64, [Region(BrAnon)]), ()]), i16, Binder(extern "RustCall" fn((&ReBound(DebruijnIndex(0), BoundRegion { var: 0, kind: BrAnon }) addr2line::UnitRange, &ReBound(DebruijnIndex(0), BoundRegion { var: 1, kind: BrAnon }) addr2line::UnitRange)) - bool, [Region(BrAnon), Region(BrAnon)]), (&ReErased mut Closure(DefId(15:176 ~ addr2line[8ff7]::{impl#2}::parse_units::{closure#5}), [gimli::read::endian_slice::EndianSlice, i16, Binder(extern "RustCall" fn((&ReBound(DebruijnIndex(0), BoundRegion { var: 0, kind: BrAnon }) addr2line::UnitRange,)) - u64, [Region(BrAnon)]), ()]),)]), i8, Binder(extern "RustCall" fn((*mut bitflags::__private::core::slice::sort::TimSortRun, usize)), []), ()])
3	1	1	1	gitui::keys::key_config::{impl#0}::get_modifier_hint
3	1	1	1	core::slice::sort::merge_sort::{impl#3}::index, i16, Binder(extern "RustCall" fn((&ReBound(DebruijnIndex(0), BoundRegion { var: 0, kind: BrAnon }) (f64, std::string::String), &ReBound(DebruijnIndex(0), BoundRegion { var: 1, kind: BrAnon }) (f64, std::string::String))) - std::cmp::Ordering, [Region(BrAnon), Region(BrAnon)]), ()]), i16, Binder(extern "RustCall" fn((&ReBound(DebruijnIndex(0), BoundRegion { var: 0, kind: BrAnon }) (f64, std::string::String), &ReBound(DebruijnIndex(0), BoundRegion { var: 1, kind: BrAnon }) (f64, std::string::String))) - bool, [Region(BrAnon), Region(BrAnon)]), (&ReErased mut Closure(DefId(85:2406 ~ clap_builder[177a]::parser::features::suggestions::did_you_mean::{closure#2}), [&ReErased str, std::iter::Map &ReErased str, []), ()]), i16, Binder(extern "RustCall" fn((&ReBound(DebruijnIndex(0), BoundRegion { var: 0, kind: BrAnon }) (f64, std::string::String), &ReBound(DebruijnIndex(0), BoundRegion { var: 1, kind: BrAnon }) (f64, std::string::String))) - std::cmp::Ordering, [Region(BrAnon), Region(BrAnon)]), ()]),)]), i8, Binder(extern "RustCall" fn((usize,)) - *mut bitflags::__private::core::slice::sort::TimSortRun, []), ()]), Closure(DefId(5:5465 ~ alloc[484d]::slice::stable_sort::{closure#3}), [(f64, std::string::String), Closure(DefId(5:5384 ~ alloc[484d]::slice::{impl#0}::sort_by::{closure#0}), [(f64, std::string::String), Closure(DefId(85:2406 ~ clap_builder[177a]::parser::features::suggestions::did_you_mean::{closure#2}), [&ReErased str, std::iter::Map &ReErased str, []), ()]), i16, Binder(extern "RustCall" fn((&ReBound(DebruijnIndex(0), BoundRegion { var: 0, kind: BrAnon }) (f64, std::string::String), &ReBound(DebruijnIndex(0), BoundRegion { var: 1, kind: BrAnon }) (f64, std::string::String))) - std::cmp::Ordering, [Region(BrAnon), Region(BrAnon)]), ()]), i16, Binder(extern "RustCall" fn((&ReBound(DebruijnIndex(0), BoundRegion { var: 0, kind: BrAnon }) (f64, std::string::String), &ReBound(DebruijnIndex(0), BoundRegion { var: 1, kind: BrAnon }) (f64, std::string::String))) - bool, [Region(BrAnon), Region(BrAnon)]), (&ReErased mut Closure(DefId(85:2406 ~ clap_builder[177a]::parser::features::suggestions::did_you_mean::{closure#2}), [&ReErased str, std::iter::Map &ReErased str, []), ()]), i16, Binder(extern "RustCall" fn((&ReBound(DebruijnIndex(0), BoundRegion { var: 0, kind: BrAnon }) (f64, std::string::String), &ReBound(DebruijnIndex(0), BoundRegion { var: 1, kind: BrAnon }) (f64, std::string::String))) - std::cmp::Ordering, [Region(BrAnon), Region(BrAnon)]), ()]),)]), i8, Binder(extern "RustCall" fn((*mut bitflags::__private::core::slice::sort::TimSortRun, usize)), []), ()])
3	1	1	1	core::slice::sort::merge_sort::{impl#3}::index components::command::CommandText, [Region(BrAnon)]), ()]), i16, Binder(extern "RustCall" fn((&ReBound(DebruijnIndex(0), BoundRegion { var: 0, kind: BrAnon }) components::command::CommandInfo, &ReBound(DebruijnIndex(0), BoundRegion { var: 1, kind: BrAnon }) components::command::CommandInfo)) - bool, [Region(BrAnon), Region(BrAnon)]), (&ReErased mut Closure(DefId(0:2760 ~ gitui[4712]::popups::help::{impl#2}::set_cmds::{closure#1}), [i16, Binder(extern "RustCall" fn((&ReBound(DebruijnIndex(0), BoundRegion { var: 0, kind: BrAnon }) components::command::CommandInfo,)) - components::command::CommandText, [Region(BrAnon)]), ()]),)]), i8, Binder(extern "RustCall" fn((usize,)) - *mut bitflags::__private::core::slice::sort::TimSortRun, []), ()]), Closure(DefId(5:5465 ~ alloc[484d]::slice::stable_sort::{closure#3}), [components::command::CommandInfo, Closure(DefId(5:5388 ~ alloc[484d]::slice::{impl#0}::sort_by_key::{closure#0}), [components::command::CommandInfo, components::command::CommandText, Closure(DefId(0:2760 ~ gitui[4712]::popups::help::{impl#2}::set_cmds::{closure#1}), [i16, Binder(extern "RustCall" fn((&ReBound(DebruijnIndex(0), BoundRegion { var: 0, kind: BrAnon }) components::command::CommandInfo,)) - components::command::CommandText, [Region(BrAnon)]), ()]), i16, Binder(extern "RustCall" fn((&ReBound(DebruijnIndex(0), BoundRegion { var: 0, kind: BrAnon }) components::command::CommandInfo, &ReBound(DebruijnIndex(0), BoundRegion { var: 1, kind: BrAnon }) components::command::CommandInfo)) - bool, [Region(BrAnon), Region(BrAnon)]), (&ReErased mut Closure(DefId(0:2760 ~ gitui[4712]::popups::help::{impl#2}::set_cmds::{closure#1}), [i16, Binder(extern "RustCall" fn((&ReBound(DebruijnIndex(0), BoundRegion { var: 0, kind: BrAnon }) components::command::CommandInfo,)) - components::command::CommandText, [Region(BrAnon)]), ()]),)]), i8, Binder(extern "RustCall" fn((*mut bitflags::__private::core::slice::sort::TimSortRun, usize)), []), ()])
3	1	1	1	core::slice::sort::merge_sort::{impl#3}::index usize, [Region(BrAnon)]), ()]), i16, Binder(extern "RustCall" fn((&ReBound(DebruijnIndex(0), BoundRegion { var: 0, kind: BrAnon }) (usize, char), &ReBound(DebruijnIndex(0), BoundRegion { var: 1, kind: BrAnon }) (usize, char))) - bool, [Region(BrAnon), Region(BrAnon)]), (&ReErased mut Closure(DefId(44:28 ~ idna[11a8]::punycode::{impl#0}::decode::{closure#0}), [i16, Binder(extern "RustCall" fn((&ReBound(DebruijnIndex(0), BoundRegion { var: 0, kind: BrAnon }) (usize, char),)) - usize, [Region(BrAnon)]), ()]),)]), i8, Binder(extern "RustCall" fn((usize,)) - *mut bitflags::__private::core::slice::sort::TimSortRun, []), ()]), Closure(DefId(5:5465 ~ alloc[484d]::slice::stable_sort::{closure#3}), [(usize, char), Closure(DefId(5:5388 ~ alloc[484d]::slice::{impl#0}::sort_by_key::{closure#0}), [(usize, char), usize, Closure(DefId(44:28 ~ idna[11a8]::punycode::{impl#0}::decode::{closure#0}), [i16, Binder(extern "RustCall" fn((&ReBound(DebruijnIndex(0), BoundRegion { var: 0, kind: BrAnon }) (usize, char),)) - usize, [Region(BrAnon)]), ()]), i16, Binder(extern "RustCall" fn((&ReBound(DebruijnIndex(0), BoundRegion { var: 0, kind: BrAnon }) (usize, char), &ReBound(DebruijnIndex(0), BoundRegion { var: 1, kind: BrAnon }) (usize, char))) - bool, [Region(BrAnon), Region(BrAnon)]), (&ReErased mut Closure(DefId(44:28 ~ idna[11a8]::punycode::{impl#0}::decode::{closure#0}), [i16, Binder(extern "RustCall" fn((&ReBound(DebruijnIndex(0), BoundRegion { var: 0, kind: BrAnon }) (usize, char),)) - usize, [Region(BrAnon)]), ()]),)]), i8, Binder(extern "RustCall" fn((*mut bitflags::__private::core::slice::sort::TimSortRun, usize)), []), ()])
3	1	1	1	core::slice::sort::merge_sort::{impl#3}::index std::cmp::Ordering, [Region(BrAnon), Region(BrAnon)]), ()]), i16, Binder(extern "RustCall" fn((&ReBound(DebruijnIndex(0), BoundRegion { var: 0, kind: BrAnon }) (usize, &ReErased str, &ReErased clap::Command), &ReBound(DebruijnIndex(0), BoundRegion { var: 1, kind: BrAnon }) (usize, &ReErased str, &ReErased clap::Command))) - bool, [Region(BrAnon), Region(BrAnon)]), (&ReErased mut Closure(DefId(85:2600 ~ clap_builder[177a]::output::help_template::{impl#4}::write_flat_subcommands::{closure#1}), [ReErased, ReErased, i16, Binder(extern "RustCall" fn((&ReBound(DebruijnIndex(0), BoundRegion { var: 0, kind: BrAnon }) (usize, &ReErased str, &ReErased clap::Command), &ReBound(DebruijnIndex(0), BoundRegion { var: 1, kind: BrAnon }) (usize, &ReErased str, &ReErased clap::Command))) - std::cmp::Ordering, [Region(BrAnon), Region(BrAnon)]), ()]),)]), i8, Binder(extern "RustCall" fn((usize,)) - *mut bitflags::__private::core::slice::sort::TimSortRun, []), ()]), Closure(DefId(5:5465 ~ alloc[484d]::slice::stable_sort::{closure#3}), [(usize, &ReErased str, &ReErased clap::Command), Closure(DefId(5:5384 ~ alloc[484d]::slice::{impl#0}::sort_by::{closure#0}), [(usize, &ReErased str, &ReErased clap::Command), Closure(DefId(85:2600 ~ clap_builder[177a]::output::help_template::{impl#4}::write_flat_subcommands::{closure#1}), [ReErased, ReErased, i16, Binder(extern "RustCall" fn((&ReBound(DebruijnIndex(0), BoundRegion { var: 0, kind: BrAnon }) (usize, &ReErased str, &ReErased clap::Command), &ReBound(DebruijnIndex(0), BoundRegion { var: 1, kind: BrAnon }) (usize, &ReErased str, &ReErased clap::Command))) - std::cmp::Ordering, [Region(BrAnon), Region(BrAnon)]), ()]), i16, Binder(extern "RustCall" fn((&ReBound(DebruijnIndex(0), BoundRegion { var: 0, kind: BrAnon }) (usize, &ReErased str, &ReErased clap::Command), &ReBound(DebruijnIndex(0), BoundRegion { var: 1, kind: BrAnon }) (usize, &ReErased str, &ReErased clap::Command))) - bool, [Region(BrAnon), Region(BrAnon)]), (&ReErased mut Closure(DefId(85:2600 ~ clap_builder[177a]::output::help_template::{impl#4}::write_flat_subcommands::{closure#1}), [ReErased, ReErased, i16, Binder(extern "RustCall" fn((&ReBound(DebruijnIndex(0), BoundRegion { var: 0, kind: BrAnon }) (usize, &ReErased str, &ReErased clap::Command), &ReBound(DebruijnIndex(0), BoundRegion { var: 1, kind: BrAnon }) (usize, &ReErased str, &ReErased clap::Command))) - std::cmp::Ordering, [Region(BrAnon), Region(BrAnon)]), ()]),)]), i8, Binder(extern "RustCall" fn((*mut bitflags::__private::core::slice::sort::TimSortRun, usize)), []), ()])
3	2	1	1	core::cell::{impl#11}::get_mut
3	1	1	1	core::slice::sort::merge_sort::{impl#3}::index std::cmp::Ordering, [Region(BrAnon), Region(BrAnon)]), ()]), i16, Binder(extern "RustCall" fn((&ReBound(DebruijnIndex(0), BoundRegion { var: 0, kind: BrAnon }) (usize, clap::builder::StyledStr, &ReErased clap::Command), &ReBound(DebruijnIndex(0), BoundRegion { var: 1, kind: BrAnon }) (usize, clap::builder::StyledStr, &ReErased clap::Command))) - bool, [Region(BrAnon), Region(BrAnon)]), (&ReErased mut Closure(DefId(85:2606 ~ clap_builder[177a]::output::help_template::{impl#4}::write_subcommands::{closure#1}), [ReErased, ReErased, i16, Binder(extern "RustCall" fn((&ReBound(DebruijnIndex(0), BoundRegion { var: 0, kind: BrAnon }) (usize, clap::builder::StyledStr, &ReErased clap::Command), &ReBound(DebruijnIndex(0), BoundRegion { var: 1, kind: BrAnon }) (usize, clap::builder::StyledStr, &ReErased clap::Command))) - std::cmp::Ordering, [Region(BrAnon), Region(BrAnon)]), ()]),)]), i8, Binder(extern "RustCall" fn((usize,)) - *mut bitflags::__private::core::slice::sort::TimSortRun, []), ()]), Closure(DefId(5:5465 ~ alloc[484d]::slice::stable_sort::{closure#3}), [(usize, clap::builder::StyledStr, &ReErased clap::Command), Closure(DefId(5:5384 ~ alloc[484d]::slice::{impl#0}::sort_by::{closure#0}), [(usize, clap::builder::StyledStr, &ReErased clap::Command), Closure(DefId(85:2606 ~ clap_builder[177a]::output::help_template::{impl#4}::write_subcommands::{closure#1}), [ReErased, ReErased, i16, Binder(extern "RustCall" fn((&ReBound(DebruijnIndex(0), BoundRegion { var: 0, kind: BrAnon }) (usize, clap::builder::StyledStr, &ReErased clap::Command), &ReBound(DebruijnIndex(0), BoundRegion { var: 1, kind: BrAnon }) (usize, clap::builder::StyledStr, &ReErased clap::Command))) - std::cmp::Ordering, [Region(BrAnon), Region(BrAnon)]), ()]), i16, Binder(extern "RustCall" fn((&ReBound(DebruijnIndex(0), BoundRegion { var: 0, kind: BrAnon }) (usize, clap::builder::StyledStr, &ReErased clap::Command), &ReBound(DebruijnIndex(0), BoundRegion { var: 1, kind: BrAnon }) (usize, clap::builder::StyledStr, &ReErased clap::Command))) - bool, [Region(BrAnon), Region(BrAnon)]), (&ReErased mut Closure(DefId(85:2606 ~ clap_builder[177a]::output::help_template::{impl#4}::write_subcommands::{closure#1}), [ReErased, ReErased, i16, Binder(extern "RustCall" fn((&ReBound(DebruijnIndex(0), BoundRegion { var: 0, kind: BrAnon }) (usize, clap::builder::StyledStr, &ReErased clap::Command), &ReBound(DebruijnIndex(0), BoundRegion { var: 1, kind: BrAnon }) (usize, clap::builder::StyledStr, &ReErased clap::Command))) - std::cmp::Ordering, [Region(BrAnon), Region(BrAnon)]), ()]),)]), i8, Binder(extern "RustCall" fn((*mut bitflags::__private::core::slice::sort::TimSortRun, usize)), []), ()])
3	1	1	1	core::slice::sort::merge_sort::{impl#3}::index u8, [Region(BrAnon)]), ()]), i16, Binder(extern "RustCall" fn((&ReBound(DebruijnIndex(0), BoundRegion { var: 0, kind: BrAnon }) (u8, char), &ReBound(DebruijnIndex(0), BoundRegion { var: 1, kind: BrAnon }) (u8, char))) - bool, [Region(BrAnon), Region(BrAnon)]), (&ReErased mut Closure(DefId(46:43 ~ unicode_normalization[bfb5]::decompose::{impl#0}::sort_pending::{closure#0}), [std::str::Chars, i16, Binder(extern "RustCall" fn((&ReBound(DebruijnIndex(0), BoundRegion { var: 0, kind: BrAnon }) (u8, char),)) - u8, [Region(BrAnon)]), ()]),)]), i8, Binder(extern "RustCall" fn((usize,)) - *mut bitflags::__private::core::slice::sort::TimSortRun, []), ()]), Closure(DefId(5:5465 ~ alloc[484d]::slice::stable_sort::{closure#3}), [(u8, char), Closure(DefId(5:5388 ~ alloc[484d]::slice::{impl#0}::sort_by_key::{closure#0}), [(u8, char), u8, Closure(DefId(46:43 ~ unicode_normalization[bfb5]::decompose::{impl#0}::sort_pending::{closure#0}), [std::str::Chars, i16, Binder(extern "RustCall" fn((&ReBound(DebruijnIndex(0), BoundRegion { var: 0, kind: BrAnon }) (u8, char),)) - u8, [Region(BrAnon)]), ()]), i16, Binder(extern "RustCall" fn((&ReBound(DebruijnIndex(0), BoundRegion { var: 0, kind: BrAnon }) (u8, char), &ReBound(DebruijnIndex(0), BoundRegion { var: 1, kind: BrAnon }) (u8, char))) - bool, [Region(BrAnon), Region(BrAnon)]), (&ReErased mut Closure(DefId(46:43 ~ unicode_normalization[bfb5]::decompose::{impl#0}::sort_pending::{closure#0}), [std::str::Chars, i16, Binder(extern "RustCall" fn((&ReBound(DebruijnIndex(0), BoundRegion { var: 0, kind: BrAnon }) (u8, char),)) - u8, [Region(BrAnon)]), ()]),)]), i8, Binder(extern "RustCall" fn((*mut bitflags::__private::core::slice::sort::TimSortRun, usize)), []), ()])
3	1	1	1	core::slice::sort::merge_sort::{impl#3}::index u64, [Region(BrAnon)]), ()]), i16, Binder(extern "RustCall" fn((&ReBound(DebruijnIndex(0), BoundRegion { var: 0, kind: BrAnon }) addr2line::function::FunctionAddress, &ReBound(DebruijnIndex(0), BoundRegion { var: 1, kind: BrAnon }) addr2line::function::FunctionAddress)) - bool, [Region(BrAnon), Region(BrAnon)]), (&ReErased mut Closure(DefId(149:72 ~ addr2line[e9d9]::function::{impl#0}::parse::{closure#1}), [gimli::read::endian_slice::EndianSlice, i16, Binder(extern "RustCall" fn((&ReBound(DebruijnIndex(0), BoundRegion { var: 0, kind: BrAnon }) addr2line::function::FunctionAddress,)) - u64, [Region(BrAnon)]), ()]),)]), i8, Binder(extern "RustCall" fn((usize,)) - *mut bitflags::__private::core::slice::sort::TimSortRun, []), ()]), Closure(DefId(5:5465 ~ alloc[484d]::slice::stable_sort::{closure#3}), [addr2line::function::FunctionAddress, Closure(DefId(5:5388 ~ alloc[484d]::slice::{impl#0}::sort_by_key::{closure#0}), [addr2line::function::FunctionAddress, u64, Closure(DefId(149:72 ~ addr2line[e9d9]::function::{impl#0}::parse::{closure#1}), [gimli::read::endian_slice::EndianSlice, i16, Binder(extern "RustCall" fn((&ReBound(DebruijnIndex(0), BoundRegion { var: 0, kind: BrAnon }) addr2line::function::FunctionAddress,)) - u64, [Region(BrAnon)]), ()]), i16, Binder(extern "RustCall" fn((&ReBound(DebruijnIndex(0), BoundRegion { var: 0, kind: BrAnon }) addr2line::function::FunctionAddress, &ReBound(DebruijnIndex(0), BoundRegion { var: 1, kind: BrAnon }) addr2line::function::FunctionAddress)) - bool, [Region(BrAnon), Region(BrAnon)]), (&ReErased mut Closure(DefId(149:72 ~ addr2line[e9d9]::function::{impl#0}::parse::{closure#1}), [gimli::read::endian_slice::EndianSlice, i16, Binder(extern "RustCall" fn((&ReBound(DebruijnIndex(0), BoundRegion { var: 0, kind: BrAnon }) addr2line::function::FunctionAddress,)) - u64, [Region(BrAnon)]), ()]),)]), i8, Binder(extern "RustCall" fn((*mut bitflags::__private::core::slice::sort::TimSortRun, usize)), []), ()])
3	1	1	1	core::slice::sort::merge_sort::{impl#3}::index u8, [Region(BrAnon)]), ()]), i16, Binder(extern "RustCall" fn((&ReBound(DebruijnIndex(0), BoundRegion { var: 0, kind: BrAnon }) (u8, char), &ReBound(DebruijnIndex(0), BoundRegion { var: 1, kind: BrAnon }) (u8, char))) - bool, [Region(BrAnon), Region(BrAnon)]), (&ReErased mut Closure(DefId(46:43 ~ unicode_normalization[bfb5]::decompose::{impl#0}::sort_pending::{closure#0}), [idna::uts46::Mapper, i16, Binder(extern "RustCall" fn((&ReBound(DebruijnIndex(0), BoundRegion { var: 0, kind: BrAnon }) (u8, char),)) - u8, [Region(BrAnon)]), ()]),)]), i8, Binder(extern "RustCall" fn((usize,)) - *mut bitflags::__private::core::slice::sort::TimSortRun, []), ()]), Closure(DefId(5:5465 ~ alloc[484d]::slice::stable_sort::{closure#3}), [(u8, char), Closure(DefId(5:5388 ~ alloc[484d]::slice::{impl#0}::sort_by_key::{closure#0}), [(u8, char), u8, Closure(DefId(46:43 ~ unicode_normalization[bfb5]::decompose::{impl#0}::sort_pending::{closure#0}), [idna::uts46::Mapper, i16, Binder(extern "RustCall" fn((&ReBound(DebruijnIndex(0), BoundRegion { var: 0, kind: BrAnon }) (u8, char),)) - u8, [Region(BrAnon)]), ()]), i16, Binder(extern "RustCall" fn((&ReBound(DebruijnIndex(0), BoundRegion { var: 0, kind: BrAnon }) (u8, char), &ReBound(DebruijnIndex(0), BoundRegion { var: 1, kind: BrAnon }) (u8, char))) - bool, [Region(BrAnon), Region(BrAnon)]), (&ReErased mut Closure(DefId(46:43 ~ unicode_normalization[bfb5]::decompose::{impl#0}::sort_pending::{closure#0}), [idna::uts46::Mapper, i16, Binder(extern "RustCall" fn((&ReBound(DebruijnIndex(0), BoundRegion { var: 0, kind: BrAnon }) (u8, char),)) - u8, [Region(BrAnon)]), ()]),)]), i8, Binder(extern "RustCall" fn((*mut bitflags::__private::core::slice::sort::TimSortRun, usize)), []), ()])
3	1	1	1	filetreelist::filetree::{impl#0}::selected_file
3	1	1	1	core::slice::sort::merge_sort::{impl#3}::index u64, [Region(BrAnon)]), ()]), i16, Binder(extern "RustCall" fn((&ReBound(DebruijnIndex(0), BoundRegion { var: 0, kind: BrAnon }) addr2line::LineSequence, &ReBound(DebruijnIndex(0), BoundRegion { var: 1, kind: BrAnon }) addr2line::LineSequence)) - bool, [Region(BrAnon), Region(BrAnon)]), (&ReErased mut Closure(DefId(15:188 ~ addr2line[8ff7]::{impl#3}::parse::{closure#1}), [gimli::read::endian_slice::EndianSlice, i16, Binder(extern "RustCall" fn((&ReBound(DebruijnIndex(0), BoundRegion { var: 0, kind: BrAnon }) addr2line::LineSequence,)) - u64, [Region(BrAnon)]), ()]),)]), i8, Binder(extern "RustCall" fn((usize,)) - *mut bitflags::__private::core::slice::sort::TimSortRun, []), ()]), Closure(DefId(5:5465 ~ alloc[484d]::slice::stable_sort::{closure#3}), [addr2line::LineSequence, Closure(DefId(5:5388 ~ alloc[484d]::slice::{impl#0}::sort_by_key::{closure#0}), [addr2line::LineSequence, u64, Closure(DefId(15:188 ~ addr2line[8ff7]::{impl#3}::parse::{closure#1}), [gimli::read::endian_slice::EndianSlice, i16, Binder(extern "RustCall" fn((&ReBound(DebruijnIndex(0), BoundRegion { var: 0, kind: BrAnon }) addr2line::LineSequence,)) - u64, [Region(BrAnon)]), ()]), i16, Binder(extern "RustCall" fn((&ReBound(DebruijnIndex(0), BoundRegion { var: 0, kind: BrAnon }) addr2line::LineSequence, &ReBound(DebruijnIndex(0), BoundRegion { var: 1, kind: BrAnon }) addr2line::LineSequence)) - bool, [Region(BrAnon), Region(BrAnon)]), (&ReErased mut Closure(DefId(15:188 ~ addr2line[8ff7]::{impl#3}::parse::{closure#1}), [gimli::read::endian_slice::EndianSlice, i16, Binder(extern "RustCall" fn((&ReBound(DebruijnIndex(0), BoundRegion { var: 0, kind: BrAnon }) addr2line::LineSequence,)) - u64, [Region(BrAnon)]), ()]),)]), i8, Binder(extern "RustCall" fn((*mut bitflags::__private::core::slice::sort::TimSortRun, usize)), []), ()])
3	3	1	1	core::str::{impl#0}::split_inclusive
3	2	1	1	gitui::components::utils::filetree::{impl#7}::index_mut
3	1	1	1	core::slice::sort::merge_sort::{impl#3}::index std::cmp::Ordering, [Region(BrAnon), Region(BrAnon)]), ()]), i16, Binder(extern "RustCall" fn((&ReBound(DebruijnIndex(0), BoundRegion { var: 0, kind: BrAnon }) addr2line::function::InlinedFunctionAddress, &ReBound(DebruijnIndex(0), BoundRegion { var: 1, kind: BrAnon }) addr2line::function::InlinedFunctionAddress)) - bool, [Region(BrAnon), Region(BrAnon)]), (&ReErased mut Closure(DefId(149:80 ~ addr2line[e9d9]::function::{impl#1}::parse::{closure#0}), [gimli::read::endian_slice::EndianSlice, i16, Binder(extern "RustCall" fn((&ReBound(DebruijnIndex(0), BoundRegion { var: 0, kind: BrAnon }) addr2line::function::InlinedFunctionAddress, &ReBound(DebruijnIndex(0), BoundRegion { var: 1, kind: BrAnon }) addr2line::function::InlinedFunctionAddress)) - std::cmp::Ordering, [Region(BrAnon), Region(BrAnon)]), ()]),)]), i8, Binder(extern "RustCall" fn((usize,)) - *mut bitflags::__private::core::slice::sort::TimSortRun, []), ()]), Closure(DefId(5:5465 ~ alloc[484d]::slice::stable_sort::{closure#3}), [addr2line::function::InlinedFunctionAddress, Closure(DefId(5:5384 ~ alloc[484d]::slice::{impl#0}::sort_by::{closure#0}), [addr2line::function::InlinedFunctionAddress, Closure(DefId(149:80 ~ addr2line[e9d9]::function::{impl#1}::parse::{closure#0}), [gimli::read::endian_slice::EndianSlice, i16, Binder(extern "RustCall" fn((&ReBound(DebruijnIndex(0), BoundRegion { var: 0, kind: BrAnon }) addr2line::function::InlinedFunctionAddress, &ReBound(DebruijnIndex(0), BoundRegion { var: 1, kind: BrAnon }) addr2line::function::InlinedFunctionAddress)) - std::cmp::Ordering, [Region(BrAnon), Region(BrAnon)]), ()]), i16, Binder(extern "RustCall" fn((&ReBound(DebruijnIndex(0), BoundRegion { var: 0, kind: BrAnon }) addr2line::function::InlinedFunctionAddress, &ReBound(DebruijnIndex(0), BoundRegion { var: 1, kind: BrAnon }) addr2line::function::InlinedFunctionAddress)) - bool, [Region(BrAnon), Region(BrAnon)]), (&ReErased mut Closure(DefId(149:80 ~ addr2line[e9d9]::function::{impl#1}::parse::{closure#0}), [gimli::read::endian_slice::EndianSlice, i16, Binder(extern "RustCall" fn((&ReBound(DebruijnIndex(0), BoundRegion { var: 0, kind: BrAnon }) addr2line::function::InlinedFunctionAddress, &ReBound(DebruijnIndex(0), BoundRegion { var: 1, kind: BrAnon }) addr2line::function::InlinedFunctionAddress)) - std::cmp::Ordering, [Region(BrAnon), Region(BrAnon)]), ()]),)]), i8, Binder(extern "RustCall" fn((*mut bitflags::__private::core::slice::sort::TimSortRun, usize)), []), ()])
3	1	1	1	core::slice::sort::merge_sort::{impl#3}::index std::cmp::Ordering, [Region(BrAnon), Region(BrAnon)]), ()]), i16, Binder(extern "RustCall" fn((&ReBound(DebruijnIndex(0), BoundRegion { var: 0, kind: BrAnon }) asyncgit::sync::BranchInfo, &ReBound(DebruijnIndex(0), BoundRegion { var: 1, kind: BrAnon }) asyncgit::sync::BranchInfo)) - bool, [Region(BrAnon), Region(BrAnon)]), (&ReErased mut Closure(DefId(20:712 ~ asyncgit[32ae]::sync::branch::get_branches_info::{closure#2}), [i16, Binder(extern "RustCall" fn((&ReBound(DebruijnIndex(0), BoundRegion { var: 0, kind: BrAnon }) asyncgit::sync::BranchInfo, &ReBound(DebruijnIndex(0), BoundRegion { var: 1, kind: BrAnon }) asyncgit::sync::BranchInfo)) - std::cmp::Ordering, [Region(BrAnon), Region(BrAnon)]), ()]),)]), i8, Binder(extern "RustCall" fn((usize,)) - *mut bitflags::__private::core::slice::sort::TimSortRun, []), ()]), Closure(DefId(5:5465 ~ alloc[484d]::slice::stable_sort::{closure#3}), [asyncgit::sync::BranchInfo, Closure(DefId(5:5384 ~ alloc[484d]::slice::{impl#0}::sort_by::{closure#0}), [asyncgit::sync::BranchInfo, Closure(DefId(20:712 ~ asyncgit[32ae]::sync::branch::get_branches_info::{closure#2}), [i16, Binder(extern "RustCall" fn((&ReBound(DebruijnIndex(0), BoundRegion { var: 0, kind: BrAnon }) asyncgit::sync::BranchInfo, &ReBound(DebruijnIndex(0), BoundRegion { var: 1, kind: BrAnon }) asyncgit::sync::BranchInfo)) - std::cmp::Ordering, [Region(BrAnon), Region(BrAnon)]), ()]), i16, Binder(extern "RustCall" fn((&ReBound(DebruijnIndex(0), BoundRegion { var: 0, kind: BrAnon }) asyncgit::sync::BranchInfo, &ReBound(DebruijnIndex(0), BoundRegion { var: 1, kind: BrAnon }) asyncgit::sync::BranchInfo)) - bool, [Region(BrAnon), Region(BrAnon)]), (&ReErased mut Closure(DefId(20:712 ~ asyncgit[32ae]::sync::branch::get_branches_info::{closure#2}), [i16, Binder(extern "RustCall" fn((&ReBound(DebruijnIndex(0), BoundRegion { var: 0, kind: BrAnon }) asyncgit::sync::BranchInfo, &ReBound(DebruijnIndex(0), BoundRegion { var: 1, kind: BrAnon }) asyncgit::sync::BranchInfo)) - std::cmp::Ordering, [Region(BrAnon), Region(BrAnon)]), ()]),)]), i8, Binder(extern "RustCall" fn((*mut bitflags::__private::core::slice::sort::TimSortRun, usize)), []), ()])
3	1	1	1	core::slice::sort::merge_sort::{impl#3}::index std::cmp::Ordering, [Region(BrAnon), Region(BrAnon)]), ()]), i16, Binder(extern "RustCall" fn((&ReBound(DebruijnIndex(0), BoundRegion { var: 0, kind: BrAnon }) addr2line::function::InlinedFunctionAddress, &ReBound(DebruijnIndex(0), BoundRegion { var: 1, kind: BrAnon }) addr2line::function::InlinedFunctionAddress)) - bool, [Region(BrAnon), Region(BrAnon)]), (&ReErased mut Closure(DefId(15:80 ~ addr2line[8ff7]::function::{impl#1}::parse::{closure#0}), [gimli::read::endian_slice::EndianSlice, i16, Binder(extern "RustCall" fn((&ReBound(DebruijnIndex(0), BoundRegion { var: 0, kind: BrAnon }) addr2line::function::InlinedFunctionAddress, &ReBound(DebruijnIndex(0), BoundRegion { var: 1, kind: BrAnon }) addr2line::function::InlinedFunctionAddress)) - std::cmp::Ordering, [Region(BrAnon), Region(BrAnon)]), ()]),)]), i8, Binder(extern "RustCall" fn((usize,)) - *mut bitflags::__private::core::slice::sort::TimSortRun, []), ()]), Closure(DefId(5:5465 ~ alloc[484d]::slice::stable_sort::{closure#3}), [addr2line::function::InlinedFunctionAddress, Closure(DefId(5:5384 ~ alloc[484d]::slice::{impl#0}::sort_by::{closure#0}), [addr2line::function::InlinedFunctionAddress, Closure(DefId(15:80 ~ addr2line[8ff7]::function::{impl#1}::parse::{closure#0}), [gimli::read::endian_slice::EndianSlice, i16, Binder(extern "RustCall" fn((&ReBound(DebruijnIndex(0), BoundRegion { var: 0, kind: BrAnon }) addr2line::function::InlinedFunctionAddress, &ReBound(DebruijnIndex(0), BoundRegion { var: 1, kind: BrAnon }) addr2line::function::InlinedFunctionAddress)) - std::cmp::Ordering, [Region(BrAnon), Region(BrAnon)]), ()]), i16, Binder(extern "RustCall" fn((&ReBound(DebruijnIndex(0), BoundRegion { var: 0, kind: BrAnon }) addr2line::function::InlinedFunctionAddress, &ReBound(DebruijnIndex(0), BoundRegion { var: 1, kind: BrAnon }) addr2line::function::InlinedFunctionAddress)) - bool, [Region(BrAnon), Region(BrAnon)]), (&ReErased mut Closure(DefId(15:80 ~ addr2line[8ff7]::function::{impl#1}::parse::{closure#0}), [gimli::read::endian_slice::EndianSlice, i16, Binder(extern "RustCall" fn((&ReBound(DebruijnIndex(0), BoundRegion { var: 0, kind: BrAnon }) addr2line::function::InlinedFunctionAddress, &ReBound(DebruijnIndex(0), BoundRegion { var: 1, kind: BrAnon }) addr2line::function::InlinedFunctionAddress)) - std::cmp::Ordering, [Region(BrAnon), Region(BrAnon)]), ()]),)]), i8, Binder(extern "RustCall" fn((*mut bitflags::__private::core::slice::sort::TimSortRun, usize)), []), ()])
3	1	1	1	core::slice::sort::merge_sort::{impl#3}::index u64, [Region(BrAnon)]), ()]), i16, Binder(extern "RustCall" fn((&ReBound(DebruijnIndex(0), BoundRegion { var: 0, kind: BrAnon }) addr2line::UnitRange, &ReBound(DebruijnIndex(0), BoundRegion { var: 1, kind: BrAnon }) addr2line::UnitRange)) - bool, [Region(BrAnon), Region(BrAnon)]), (&ReErased mut Closure(DefId(149:176 ~ addr2line[e9d9]::{impl#2}::parse_units::{closure#5}), [gimli::read::endian_slice::EndianSlice, i16, Binder(extern "RustCall" fn((&ReBound(DebruijnIndex(0), BoundRegion { var: 0, kind: BrAnon }) addr2line::UnitRange,)) - u64, [Region(BrAnon)]), ()]),)]), i8, Binder(extern "RustCall" fn((usize,)) - *mut bitflags::__private::core::slice::sort::TimSortRun, []), ()]), Closure(DefId(5:5465 ~ alloc[484d]::slice::stable_sort::{closure#3}), [addr2line::UnitRange, Closure(DefId(5:5388 ~ alloc[484d]::slice::{impl#0}::sort_by_key::{closure#0}), [addr2line::UnitRange, u64, Closure(DefId(149:176 ~ addr2line[e9d9]::{impl#2}::parse_units::{closure#5}), [gimli::read::endian_slice::EndianSlice, i16, Binder(extern "RustCall" fn((&ReBound(DebruijnIndex(0), BoundRegion { var: 0, kind: BrAnon }) addr2line::UnitRange,)) - u64, [Region(BrAnon)]), ()]), i16, Binder(extern "RustCall" fn((&ReBound(DebruijnIndex(0), BoundRegion { var: 0, kind: BrAnon }) addr2line::UnitRange, &ReBound(DebruijnIndex(0), BoundRegion { var: 1, kind: BrAnon }) addr2line::UnitRange)) - bool, [Region(BrAnon), Region(BrAnon)]), (&ReErased mut Closure(DefId(149:176 ~ addr2line[e9d9]::{impl#2}::parse_units::{closure#5}), [gimli::read::endian_slice::EndianSlice, i16, Binder(extern "RustCall" fn((&ReBound(DebruijnIndex(0), BoundRegion { var: 0, kind: BrAnon }) addr2line::UnitRange,)) - u64, [Region(BrAnon)]), ()]),)]), i8, Binder(extern "RustCall" fn((*mut bitflags::__private::core::slice::sort::TimSortRun, usize)), []), ()])
3	1	1	1	core::slice::sort::merge_sort::{impl#3}::index u64, [Region(BrAnon)]), ()]), i16, Binder(extern "RustCall" fn((&ReBound(DebruijnIndex(0), BoundRegion { var: 0, kind: BrAnon }) components::command::CommandInfo, &ReBound(DebruijnIndex(0), BoundRegion { var: 1, kind: BrAnon }) components::command::CommandInfo)) - bool, [Region(BrAnon), Region(BrAnon)]), (&ReErased mut Closure(DefId(0:2762 ~ gitui[4712]::popups::help::{impl#2}::set_cmds::{closure#3}), [i16, Binder(extern "RustCall" fn((&ReBound(DebruijnIndex(0), BoundRegion { var: 0, kind: BrAnon }) components::command::CommandInfo,)) - u64, [Region(BrAnon)]), ()]),)]), i8, Binder(extern "RustCall" fn((usize,)) - *mut bitflags::__private::core::slice::sort::TimSortRun, []), ()]), Closure(DefId(5:5465 ~ alloc[484d]::slice::stable_sort::{closure#3}), [components::command::CommandInfo, Closure(DefId(5:5388 ~ alloc[484d]::slice::{impl#0}::sort_by_key::{closure#0}), [components::command::CommandInfo, u64, Closure(DefId(0:2762 ~ gitui[4712]::popups::help::{impl#2}::set_cmds::{closure#3}), [i16, Binder(extern "RustCall" fn((&ReBound(DebruijnIndex(0), BoundRegion { var: 0, kind: BrAnon }) components::command::CommandInfo,)) - u64, [Region(BrAnon)]), ()]), i16, Binder(extern "RustCall" fn((&ReBound(DebruijnIndex(0), BoundRegion { var: 0, kind: BrAnon }) components::command::CommandInfo, &ReBound(DebruijnIndex(0), BoundRegion { var: 1, kind: BrAnon }) components::command::CommandInfo)) - bool, [Region(BrAnon), Region(BrAnon)]), (&ReErased mut Closure(DefId(0:2762 ~ gitui[4712]::popups::help::{impl#2}::set_cmds::{closure#3}), [i16, Binder(extern "RustCall" fn((&ReBound(DebruijnIndex(0), BoundRegion { var: 0, kind: BrAnon }) components::command::CommandInfo,)) - u64, [Region(BrAnon)]), ()]),)]), i8, Binder(extern "RustCall" fn((*mut bitflags::__private::core::slice::sort::TimSortRun, usize)), []), ()])
3	1	1	1	core::slice::sort::merge_sort::{impl#3}::index std::cmp::Ordering, [Region(BrAnon), Region(BrAnon)]), ()]), i16, Binder(extern "RustCall" fn((&ReBound(DebruijnIndex(0), BoundRegion { var: 0, kind: BrAnon }) (i64, usize, std::vec::Vec), &ReBound(DebruijnIndex(0), BoundRegion { var: 1, kind: BrAnon }) (i64, usize, std::vec::Vec))) - bool, [Region(BrAnon), Region(BrAnon)]), (&ReErased mut Closure(DefId(0:2678 ~ gitui[4712]::popups::fuzzy_find::{impl#0}::set_query::{closure#1}), [i16, Binder(extern "RustCall" fn((&ReBound(DebruijnIndex(0), BoundRegion { var: 0, kind: BrAnon }) (i64, usize, std::vec::Vec), &ReBound(DebruijnIndex(0), BoundRegion { var: 1, kind: BrAnon }) (i64, usize, std::vec::Vec))) - std::cmp::Ordering, [Region(BrAnon), Region(BrAnon)]), ()]),)]), i8, Binder(extern "RustCall" fn((usize,)) - *mut bitflags::__private::core::slice::sort::TimSortRun, []), ()]), Closure(DefId(5:5465 ~ alloc[484d]::slice::stable_sort::{closure#3}), [(i64, usize, std::vec::Vec), Closure(DefId(5:5384 ~ alloc[484d]::slice::{impl#0}::sort_by::{closure#0}), [(i64, usize, std::vec::Vec), Closure(DefId(0:2678 ~ gitui[4712]::popups::fuzzy_find::{impl#0}::set_query::{closure#1}), [i16, Binder(extern "RustCall" fn((&ReBound(DebruijnIndex(0), BoundRegion { var: 0, kind: BrAnon }) (i64, usize, std::vec::Vec), &ReBound(DebruijnIndex(0), BoundRegion { var: 1, kind: BrAnon }) (i64, usize, std::vec::Vec))) - std::cmp::Ordering, [Region(BrAnon), Region(BrAnon)]), ()]), i16, Binder(extern "RustCall" fn((&ReBound(DebruijnIndex(0), BoundRegion { var: 0, kind: BrAnon }) (i64, usize, std::vec::Vec), &ReBound(DebruijnIndex(0), BoundRegion { var: 1, kind: BrAnon }) (i64, usize, std::vec::Vec))) - bool, [Region(BrAnon), Region(BrAnon)]), (&ReErased mut Closure(DefId(0:2678 ~ gitui[4712]::popups::fuzzy_find::{impl#0}::set_query::{closure#1}), [i16, Binder(extern "RustCall" fn((&ReBound(DebruijnIndex(0), BoundRegion { var: 0, kind: BrAnon }) (i64, usize, std::vec::Vec), &ReBound(DebruijnIndex(0), BoundRegion { var: 1, kind: BrAnon }) (i64, usize, std::vec::Vec))) - std::cmp::Ordering, [Region(BrAnon), Region(BrAnon)]), ()]),)]), i8, Binder(extern "RustCall" fn((*mut bitflags::__private::core::slice::sort::TimSortRun, usize)), []), ()])
3	1	1	1	core::slice::sort::merge_sort::{impl#3}::index gimli::common::DebugInfoOffset, [Region(BrAnon)]), ()]), i16, Binder(extern "RustCall" fn((&ReBound(DebruijnIndex(0), BoundRegion { var: 0, kind: BrAnon }) (gimli::common::DebugInfoOffset, gimli::common::DebugArangesOffset), &ReBound(DebruijnIndex(0), BoundRegion { var: 1, kind: BrAnon }) (gimli::common::DebugInfoOffset, gimli::common::DebugArangesOffset))) - bool, [Region(BrAnon), Region(BrAnon)]), (&ReErased mut Closure(DefId(149:171 ~ addr2line[e9d9]::{impl#2}::parse_units::{closure#0}), [gimli::read::endian_slice::EndianSlice, i16, Binder(extern "RustCall" fn((&ReBound(DebruijnIndex(0), BoundRegion { var: 0, kind: BrAnon }) (gimli::common::DebugInfoOffset, gimli::common::DebugArangesOffset),)) - gimli::common::DebugInfoOffset, [Region(BrAnon)]), ()]),)]), i8, Binder(extern "RustCall" fn((usize,)) - *mut bitflags::__private::core::slice::sort::TimSortRun, []), ()]), Closure(DefId(5:5465 ~ alloc[484d]::slice::stable_sort::{closure#3}), [(gimli::common::DebugInfoOffset, gimli::common::DebugArangesOffset), Closure(DefId(5:5388 ~ alloc[484d]::slice::{impl#0}::sort_by_key::{closure#0}), [(gimli::common::DebugInfoOffset, gimli::common::DebugArangesOffset), gimli::common::DebugInfoOffset, Closure(DefId(149:171 ~ addr2line[e9d9]::{impl#2}::parse_units::{closure#0}), [gimli::read::endian_slice::EndianSlice, i16, Binder(extern "RustCall" fn((&ReBound(DebruijnIndex(0), BoundRegion { var: 0, kind: BrAnon }) (gimli::common::DebugInfoOffset, gimli::common::DebugArangesOffset),)) - gimli::common::DebugInfoOffset, [Region(BrAnon)]), ()]), i16, Binder(extern "RustCall" fn((&ReBound(DebruijnIndex(0), BoundRegion { var: 0, kind: BrAnon }) (gimli::common::DebugInfoOffset, gimli::common::DebugArangesOffset), &ReBound(DebruijnIndex(0), BoundRegion { var: 1, kind: BrAnon }) (gimli::common::DebugInfoOffset, gimli::common::DebugArangesOffset))) - bool, [Region(BrAnon), Region(BrAnon)]), (&ReErased mut Closure(DefId(149:171 ~ addr2line[e9d9]::{impl#2}::parse_units::{closure#0}), [gimli::read::endian_slice::EndianSlice, i16, Binder(extern "RustCall" fn((&ReBound(DebruijnIndex(0), BoundRegion { var: 0, kind: BrAnon }) (gimli::common::DebugInfoOffset, gimli::common::DebugArangesOffset),)) - gimli::common::DebugInfoOffset, [Region(BrAnon)]), ()]),)]), i8, Binder(extern "RustCall" fn((*mut bitflags::__private::core::slice::sort::TimSortRun, usize)), []), ()])
3	2	1	2	ratatui::text::span::{impl#0}::styled
3	2	1	1	ttf_parser::tables::gvar::packed_points::{impl#12}::clone
3	2	1	1	png::decoder::{impl#7}::info
3	1	1	1	core::slice::sort::merge_sort::{impl#3}::index std::cmp::Ordering, [Region(BrAnon), Region(BrAnon)]), ()]), i16, Binder(extern "RustCall" fn((&ReBound(DebruijnIndex(0), BoundRegion { var: 0, kind: BrAnon }) tiny_skia::edge::Edge, &ReBound(DebruijnIndex(0), BoundRegion { var: 1, kind: BrAnon }) tiny_skia::edge::Edge)) - bool, [Region(BrAnon), Region(BrAnon)]), (&ReErased mut Closure(DefId(62:991 ~ tiny_skia[d26d]::scan::path::fill_path_impl::{closure#0}), [i16, Binder(extern "RustCall" fn((&ReBound(DebruijnIndex(0), BoundRegion { var: 0, kind: BrAnon }) tiny_skia::edge::Edge, &ReBound(DebruijnIndex(0), BoundRegion { var: 1, kind: BrAnon }) tiny_skia::edge::Edge)) - std::cmp::Ordering, [Region(BrAnon), Region(BrAnon)]), ()]),)]), i8, Binder(extern "RustCall" fn((usize,)) - *mut core::slice::sort::TimSortRun, []), ()]), Closure(DefId(5:5465 ~ alloc[484d]::slice::stable_sort::{closure#3}), [tiny_skia::edge::Edge, Closure(DefId(5:5384 ~ alloc[484d]::slice::{impl#0}::sort_by::{closure#0}), [tiny_skia::edge::Edge, Closure(DefId(62:991 ~ tiny_skia[d26d]::scan::path::fill_path_impl::{closure#0}), [i16, Binder(extern "RustCall" fn((&ReBound(DebruijnIndex(0), BoundRegion { var: 0, kind: BrAnon }) tiny_skia::edge::Edge, &ReBound(DebruijnIndex(0), BoundRegion { var: 1, kind: BrAnon }) tiny_skia::edge::Edge)) - std::cmp::Ordering, [Region(BrAnon), Region(BrAnon)]), ()]), i16, Binder(extern "RustCall" fn((&ReBound(DebruijnIndex(0), BoundRegion { var: 0, kind: BrAnon }) tiny_skia::edge::Edge, &ReBound(DebruijnIndex(0), BoundRegion { var: 1, kind: BrAnon }) tiny_skia::edge::Edge)) - bool, [Region(BrAnon), Region(BrAnon)]), (&ReErased mut Closure(DefId(62:991 ~ tiny_skia[d26d]::scan::path::fill_path_impl::{closure#0}), [i16, Binder(extern "RustCall" fn((&ReBound(DebruijnIndex(0), BoundRegion { var: 0, kind: BrAnon }) tiny_skia::edge::Edge, &ReBound(DebruijnIndex(0), BoundRegion { var: 1, kind: BrAnon }) tiny_skia::edge::Edge)) - std::cmp::Ordering, [Region(BrAnon), Region(BrAnon)]), ()]),)]), i8, Binder(extern "RustCall" fn((*mut core::slice::sort::TimSortRun, usize)), []), ()])
3	1	1	1	core::slice::sort::merge_sort::{impl#3}::index *mut core::slice::sort::TimSortRun, []), ()]), Closure(DefId(5:5465 ~ alloc[484d]::slice::stable_sort::{closure#3}), [rustybuzz::ot::map::FeatureInfo, FnDef(DefId(2:2551 ~ core[3c87]::cmp::PartialOrd::lt), [rustybuzz::ot::map::FeatureInfo, rustybuzz::ot::map::FeatureInfo]), i8, Binder(extern "RustCall" fn((*mut core::slice::sort::TimSortRun, usize)), []), ()])
3	1	1	1	roxmltree::parse::{impl#8}::as_str
3	2	1	1	usvg::parser::svgtree::{impl#8}::descendants
3	2	1	1	svgtypes::number::{impl#3}::next
3	1	1	1	core::slice::sort::merge_sort::{impl#3}::index *mut core::slice::sort::TimSortRun, []), ()]), Closure(DefId(5:5465 ~ alloc[484d]::slice::stable_sort::{closure#3}), [rustybuzz::ot::map::LookupMap, FnDef(DefId(2:2551 ~ core[3c87]::cmp::PartialOrd::lt), [rustybuzz::ot::map::LookupMap, rustybuzz::ot::map::LookupMap]), i8, Binder(extern "RustCall" fn((*mut core::slice::sort::TimSortRun, usize)), []), ()])
3	1	1	1	core::slice::iter::{impl#96}::into_remainder
3	1	1	1	core::iter::traits::iterator::Iterator::map [u8; 3_usize], [Region(BrAnon)]), ()])
3	1	1	1	roxmltree::{impl#9}::as_str
3	2	1	1	unicode_bidi::prepare::{impl#0}::iter_forwards_from
3	1	1	1	core::slice::sort::merge_sort::{impl#3}::index std::cmp::Ordering, [Region(BrAnon), Region(BrAnon)]), ()]), i16, Binder(extern "RustCall" fn((&ReBound(DebruijnIndex(0), BoundRegion { var: 0, kind: BrAnon }) rustybuzz::aat::map::FeatureInfo, &ReBound(DebruijnIndex(0), BoundRegion { var: 1, kind: BrAnon }) rustybuzz::aat::map::FeatureInfo)) - bool, [Region(BrAnon), Region(BrAnon)]), (&ReErased mut Closure(DefId(44:449 ~ rustybuzz[bce1]::aat::map::{impl#0}::compile::{closure#0}), [i16, Binder(extern "RustCall" fn((&ReBound(DebruijnIndex(0), BoundRegion { var: 0, kind: BrAnon }) rustybuzz::aat::map::FeatureInfo, &ReBound(DebruijnIndex(0), BoundRegion { var: 1, kind: BrAnon }) rustybuzz::aat::map::FeatureInfo)) - std::cmp::Ordering, [Region(BrAnon), Region(BrAnon)]), ()]),)]), i8, Binder(extern "RustCall" fn((usize,)) - *mut core::slice::sort::TimSortRun, []), ()]), Closure(DefId(5:5465 ~ alloc[484d]::slice::stable_sort::{closure#3}), [rustybuzz::aat::map::FeatureInfo, Closure(DefId(5:5384 ~ alloc[484d]::slice::{impl#0}::sort_by::{closure#0}), [rustybuzz::aat::map::FeatureInfo, Closure(DefId(44:449 ~ rustybuzz[bce1]::aat::map::{impl#0}::compile::{closure#0}), [i16, Binder(extern "RustCall" fn((&ReBound(DebruijnIndex(0), BoundRegion { var: 0, kind: BrAnon }) rustybuzz::aat::map::FeatureInfo, &ReBound(DebruijnIndex(0), BoundRegion { var: 1, kind: BrAnon }) rustybuzz::aat::map::FeatureInfo)) - std::cmp::Ordering, [Region(BrAnon), Region(BrAnon)]), ()]), i16, Binder(extern "RustCall" fn((&ReBound(DebruijnIndex(0), BoundRegion { var: 0, kind: BrAnon }) rustybuzz::aat::map::FeatureInfo, &ReBound(DebruijnIndex(0), BoundRegion { var: 1, kind: BrAnon }) rustybuzz::aat::map::FeatureInfo)) - bool, [Region(BrAnon), Region(BrAnon)]), (&ReErased mut Closure(DefId(44:449 ~ rustybuzz[bce1]::aat::map::{impl#0}::compile::{closure#0}), [i16, Binder(extern "RustCall" fn((&ReBound(DebruijnIndex(0), BoundRegion { var: 0, kind: BrAnon }) rustybuzz::aat::map::FeatureInfo, &ReBound(DebruijnIndex(0), BoundRegion { var: 1, kind: BrAnon }) rustybuzz::aat::map::FeatureInfo)) - std::cmp::Ordering, [Region(BrAnon), Region(BrAnon)]), ()]),)]), i8, Binder(extern "RustCall" fn((*mut core::slice::sort::TimSortRun, usize)), []), ()])
3	1	1	1	core::slice::sort::merge_sort::{impl#3}::index usize, [Region(BrAnon)]), ()]), i16, Binder(extern "RustCall" fn((&ReBound(DebruijnIndex(0), BoundRegion { var: 0, kind: BrAnon }) unicode_bidi::implicit::BracketPair, &ReBound(DebruijnIndex(0), BoundRegion { var: 1, kind: BrAnon }) unicode_bidi::implicit::BracketPair)) - bool, [Region(BrAnon), Region(BrAnon)]), (&ReErased mut Closure(DefId(59:259 ~ unicode_bidi[aaad]::implicit::identify_bracket_pairs::{closure#0}), [ReErased, str, unicode_bidi::char_data::HardcodedBidiData, i16, Binder(extern "RustCall" fn((&ReBound(DebruijnIndex(0), BoundRegion { var: 0, kind: BrAnon }) unicode_bidi::implicit::BracketPair,)) - usize, [Region(BrAnon)]), ()]),)]), i8, Binder(extern "RustCall" fn((usize,)) - *mut core::slice::sort::TimSortRun, []), ()]), Closure(DefId(5:5465 ~ alloc[484d]::slice::stable_sort::{closure#3}), [unicode_bidi::implicit::BracketPair, Closure(DefId(5:5388 ~ alloc[484d]::slice::{impl#0}::sort_by_key::{closure#0}), [unicode_bidi::implicit::BracketPair, usize, Closure(DefId(59:259 ~ unicode_bidi[aaad]::implicit::identify_bracket_pairs::{closure#0}), [ReErased, str, unicode_bidi::char_data::HardcodedBidiData, i16, Binder(extern "RustCall" fn((&ReBound(DebruijnIndex(0), BoundRegion { var: 0, kind: BrAnon }) unicode_bidi::implicit::BracketPair,)) - usize, [Region(BrAnon)]), ()]), i16, Binder(extern "RustCall" fn((&ReBound(DebruijnIndex(0), BoundRegion { var: 0, kind: BrAnon }) unicode_bidi::implicit::BracketPair, &ReBound(DebruijnIndex(0), BoundRegion { var: 1, kind: BrAnon }) unicode_bidi::implicit::BracketPair)) - bool, [Region(BrAnon), Region(BrAnon)]), (&ReErased mut Closure(DefId(59:259 ~ unicode_bidi[aaad]::implicit::identify_bracket_pairs::{closure#0}), [ReErased, str, unicode_bidi::char_data::HardcodedBidiData, i16, Binder(extern "RustCall" fn((&ReBound(DebruijnIndex(0), BoundRegion { var: 0, kind: BrAnon }) unicode_bidi::implicit::BracketPair,)) - usize, [Region(BrAnon)]), ()]),)]), i8, Binder(extern "RustCall" fn((*mut core::slice::sort::TimSortRun, usize)), []), ()])
3	1	1	1	ttf_parser::aat::{impl#7}::parse
3	1	1	1	core::slice::sort::merge_sort::{impl#3}::index ttf_parser::GlyphId, [Region(BrAnon)]), ()]), i16, Binder(extern "RustCall" fn((&ReBound(DebruijnIndex(0), BoundRegion { var: 0, kind: BrAnon }) std::ops::RangeInclusive, &ReBound(DebruijnIndex(0), BoundRegion { var: 1, kind: BrAnon }) std::ops::RangeInclusive)) - bool, [Region(BrAnon), Region(BrAnon)]), (&ReErased mut Closure(DefId(44:1788 ~ rustybuzz[bce1]::glyph_set::{impl#1}::finish::{closure#0}), [i16, Binder(extern "RustCall" fn((&ReBound(DebruijnIndex(0), BoundRegion { var: 0, kind: BrAnon }) std::ops::RangeInclusive,)) - ttf_parser::GlyphId, [Region(BrAnon)]), ()]),)]), i8, Binder(extern "RustCall" fn((usize,)) - *mut core::slice::sort::TimSortRun, []), ()]), Closure(DefId(5:5465 ~ alloc[484d]::slice::stable_sort::{closure#3}), [std::ops::RangeInclusive, Closure(DefId(5:5388 ~ alloc[484d]::slice::{impl#0}::sort_by_key::{closure#0}), [std::ops::RangeInclusive, ttf_parser::GlyphId, Closure(DefId(44:1788 ~ rustybuzz[bce1]::glyph_set::{impl#1}::finish::{closure#0}), [i16, Binder(extern "RustCall" fn((&ReBound(DebruijnIndex(0), BoundRegion { var: 0, kind: BrAnon }) std::ops::RangeInclusive,)) - ttf_parser::GlyphId, [Region(BrAnon)]), ()]), i16, Binder(extern "RustCall" fn((&ReBound(DebruijnIndex(0), BoundRegion { var: 0, kind: BrAnon }) std::ops::RangeInclusive, &ReBound(DebruijnIndex(0), BoundRegion { var: 1, kind: BrAnon }) std::ops::RangeInclusive)) - bool, [Region(BrAnon), Region(BrAnon)]), (&ReErased mut Closure(DefId(44:1788 ~ rustybuzz[bce1]::glyph_set::{impl#1}::finish::{closure#0}), [i16, Binder(extern "RustCall" fn((&ReBound(DebruijnIndex(0), BoundRegion { var: 0, kind: BrAnon }) std::ops::RangeInclusive,)) - ttf_parser::GlyphId, [Region(BrAnon)]), ()]),)]), i8, Binder(extern "RustCall" fn((*mut core::slice::sort::TimSortRun, usize)), []), ()])
3	3	1	1	usvg::tree::{impl#0}::get
3	1	1	1	usvg::tree::{impl#35}::filters
3	1	1	1	core::slice::sort::merge_sort::{impl#3}::index bool, [Region(BrAnon), Region(BrAnon)]), (&ReErased mut FnDef(DefId(62:475 ~ tiny_skia[d26d]::path64::cubic64::cmp_f64), []),)]), i8, Binder(extern "RustCall" fn((usize,)) - *mut core::slice::sort::TimSortRun, []), ()]), Closure(DefId(5:5465 ~ alloc[484d]::slice::stable_sort::{closure#3}), [f64, Closure(DefId(5:5384 ~ alloc[484d]::slice::{impl#0}::sort_by::{closure#0}), [f64, FnDef(DefId(62:475 ~ tiny_skia[d26d]::path64::cubic64::cmp_f64), []), i16, Binder(extern "RustCall" fn((&ReBound(DebruijnIndex(0), BoundRegion { var: 0, kind: BrAnon }) f64, &ReBound(DebruijnIndex(0), BoundRegion { var: 1, kind: BrAnon }) f64)) - bool, [Region(BrAnon), Region(BrAnon)]), (&ReErased mut FnDef(DefId(62:475 ~ tiny_skia[d26d]::path64::cubic64::cmp_f64), []),)]), i8, Binder(extern "RustCall" fn((*mut core::slice::sort::TimSortRun, usize)), []), ()])
3	2	1	2	usvg::parser::svgtree::{impl#8}::find_attribute
2	1	1	1	toml::map::{impl#17}::next
2	1	1	1	handlebars::render::{impl#2}::name
2	1	1	1	mdbook::book::init::{impl#0}::create_gitignore
2	1	1	1	html5ever::tree_builder::data::doctype_error_and_quirks::opt_tendril_as_slice
2	2	1	1	mdbook::renderer::{impl#3}::name
2	1	1	1	elasticlunr::{impl#1}::add_field_with_tokenizer
2	1	1	1	handlebars::error::{impl#7}::reason
2	1	1	1	toml::map::{impl#14}::into_iter
2	2	2	1	notify::event::{impl#3}::add_some_path
2	2	2	1	tokio::io::poll_evented::{impl#0}::registration
2	2	2	1	notify_debouncer_mini::{impl#6}::new
2	2	2	1	core::str::{impl#0}::trim_end
2	2	2	1	bstr::ext_slice::{impl#0}::as_bytes
2	2	2	1	globset::glob::{impl#9}::regex
2	2	2	1	log::{impl#11}::args
2	2	2	1	clap_complete::shells::zsh::parser_of
2	2	2	2	std::path::{impl#63}::strip_prefix
2	2	2	2	core::cell::{impl#9}::replace
2	2	1	1	exa::fs::filter::{impl#1}::strip_dot
2	1	1	1	exa::options::parser::bytes_to_os_str
2	1	1	1	zoxide::db::stream::{impl#0}::next
2	2	1	1	winch_codegen::codegen::control::{impl#2}::results
2	2	1	1	wasmparser::validator::types::{impl#181}::list
2	1	1	1	wasmtime_environ::component::dfg::{impl#6}::runtime_memory::{closure#0} &ReBound(DebruijnIndex(0), BoundRegion { var: 0, kind: BrAnon }) mut std::collections::HashMap, [Region(BrAnon)]), ()
2	1	1	1	cranelift_frontend::frontend::{impl#9}::inst_results
2	1	1	1	object::write::{impl#4}::name
2	1	1	1	cpp_demangle::ast::{impl#220}::deref
2	2	1	1	cranelift_codegen::ir::function::{impl#4}::display
2	2	1	1	cranelift_codegen::machinst::vcode::{impl#2}::vreg_fact
2	1	1	1	cranelift_codegen::cursor::Cursor::at_inst
2	2	1	1	wasmtime::runtime::vm::vmcontext::{impl#9}::as_gc_ref
2	2	1	1	clap_builder::builder::styled_str::{impl#9}::get_usage
2	1	1	1	cranelift_codegen::machinst::lower::{impl#3}::compute_use_states::{closure#0} std::option::Option, []), (&ReErased cranelift_codegen::ir::function::Function,)
2	1	1	1	winch_codegen::abi::{impl#4}::operands
2	2	1	1	cranelift_codegen::machinst::vcode::{impl#1}::block_order
2	2	1	1	wasmparser::validator::types::{impl#192}::list
2	1	1	1	std::sync::rwlock::{impl#18}::deref
2	1	1	1	gimli::read::unit::{impl#12}::after_attrs
2	2	1	1	wasmtime::runtime::component::linker::{impl#3}::get
2	1	1	1	wasmtime_environ::component::dfg::{impl#6}::runtime_realloc::{closure#0} &ReBound(DebruijnIndex(0), BoundRegion { var: 0, kind: BrAnon }) mut std::collections::HashMap, [Region(BrAnon)]), ()
2	1	1	1	wasmtime_environ::component::dfg::{impl#6}::adapter_module::{closure#0} &ReBound(DebruijnIndex(0), BoundRegion { var: 0, kind: BrAnon }) mut std::collections::HashMap, [Region(BrAnon)]), ()
2	2	1	1	wasmtime_environ::fact::trampoline::{impl#4}::slice
2	1	1	1	cranelift_codegen::machinst::vcode::{impl#4}::block_preds
2	1	1	1	gimli::write::unit::{impl#40}::deref
2	2	1	1	cranelift_codegen::machinst::vcode::{impl#4}::reftype_vregs
2	2	1	1	wasmparser::validator::types::{impl#13}::list
2	1	1	1	core::convert::{impl#4}::from
2	1	1	1	wasmtime_environ::fact::trampoline::{impl#0}::string_deflate_to_utf8
2	1	1	1	wasmtime_cli::common::{impl#0}::unwrap_core
2	2	1	1	wasmparser::collections::index_map::{impl#1}::values
2	1	1	1	cranelift_codegen::machinst::vcode::{impl#4}::block_succs
2	2	1	1	wasmparser::collections::index_map::{impl#1}::values_mut
2	2	1	1	wasmtime::runtime::store::{impl#5}::new
2	2	1	1	wasmparser::validator::types::{impl#159}::list
2	2	1	1	wasmparser::readers::core::custom::{impl#0}::name
2	2	1	1	wasmtime::runtime::vm::table::{impl#18}::funcrefs_mut
2	2	1	1	wasmtime_environ::component::types::{impl#418}::index
2	1	1	1	wasmparser::collections::index_map::{impl#1}::get_index
2	1	1	1	wasmtime::runtime::store::{impl#9}::data_mut
2	2	1	1	clap_builder::builder::os_str::{impl#11}::deref
2	1	1	1	wasmtime::engine::{impl#2}::compiler
2	1	1	1	wasmtime_environ::component::dfg::{impl#6}::runtime_post_return::{closure#0} &ReBound(DebruijnIndex(0), BoundRegion { var: 0, kind: BrAnon }) mut std::collections::HashMap, [Region(BrAnon)]), ()
2	1	1	1	wasmparser::binary_reader::{impl#4}::targets
2	1	1	1	wasmtime_environ::component::types::{impl#436}::index
2	1	1	1	wasmtime::runtime::vm::instance::allocator::pooling::index_allocator::{impl#2}::unwrap_unused
2	2	1	1	wasmtime_environ::module::{impl#7}::imports
2	1	1	1	rustix::backend::vdso::{impl#0}::base_plus
2	2	1	1	wasmtime::runtime::type_registry::{impl#20}::clone
2	2	1	1	wasmtime::runtime::instantiate::{impl#0}::module
2	2	1	1	wast::core::resolve::types::{impl#0}::expand_type_use
2	2	1	1	core::iter::adapters::map::{impl#2}::next (&ReErased str, &ReErased str, wasmtime_types::EntityType), []), (&ReErased wasmtime_environ::module::Module,)])
2	2	2	1	toml_edit::key::{impl#0}::dotted_decor_mut
2	2	1	2	wasmtime::runtime::vm::store_box::{impl#3}::get
2	2	2	1	hashbrown::raw::{impl#11}::bucket_ptr
2	2	2	2	core::option::{impl#0}::iter
2	2	1	2	hashbrown::map::{impl#5}::insert
2	2	1	2	core::array::{impl#6}::borrow_mut
2	2	1	2	wasmtime::runtime::vm::Store::gc_store
2	2	1	2	wasmparser::readers::{impl#6}::into_iter
2	2	1	2	wasmtime_cranelift::debug::transform::unit::{impl#0}::top
2	1	1	1	unicode_segmentation::grapheme::{impl#1}::next
2	2	1	1	rustyline::line_buffer::{impl#4}::deref
2	1	1	1	core::option::{impl#0}::iter_mut
2	2	1	1	winnow::error::{impl#24}::or
2	2	1	1	winnow::parser::Parser::by_ref
2	1	1	1	fselect::query::{impl#2}::new
2	2	2	1	dirs_sys::xdg_user_dirs::trim_blank
2	2	2	1	ureq::header::{impl#5}::name
2	1	1	1	shellexpand::strings::funcs::full
2	1	1	1	ring::rsa::public_key::{impl#1}::n
2	1	1	1	blake2::as_bytes::{impl#0}::as_mut_bytes
2	1	1	1	tokio::io::util::async_write_ext::AsyncWriteExt::write_all
2	2	1	1	alloc::ffi::c_str::{impl#1}::from_vec_unchecked
2	1	1	1	ratatui::buffer::{impl#0}::symbol
2	2	1	1	rusty_paserk::key::convert::{impl#3}::as_ref
2	1	1	1	rusty_paseto::core::paseto::{impl#5}::as_ref
2	1	1	1	indenter::indented
2	1	1	1	uuid::fmt::{impl#6}::as_hyphenated
2	1	1	1	ring::rsa::public_key::{impl#0}::inner
2	2	2	1	hyper::error::{impl#3}::source
2	2	2	1	reqwest::into_url::{impl#7}::as_str
2	2	2	1	shellexpand::strings::funcs::{impl#1}::source
2	2	2	1	ring::arithmetic::bigint::{impl#5}::as_ref
2	2	2	1	alloc::collections::vec_deque::{impl#15}::into_iter
2	2	2	1	percent_encoding::{impl#6}::decode_utf8_lossy
2	2	2	1	tokio::signal::unix::{impl#7}::recv
2	2	2	1	config::path::{impl#1}::get_mut_forcibly
2	2	2	1	url::slicing::{impl#3}::index
2	2	2	1	cassowary::solver_impl::{impl#0}::add_constraints
2	2	2	2	alloc::collections::vec_deque::{impl#13}::index_mut
2	2	2	1	http::error::{impl#3}::source
2	2	2	1	percent_encoding::percent_decode
2	1	1	1	vte::{impl#1}::intermediates
2	2	2	2	tracing_subscriber::registry::{impl#0}::next
2	2	2	1	unsafe_libyaml::externs::memcpy
2	2	2	2	serde_yaml::libyaml::util::{impl#1}::deref
2	2	2	1	which::checker::{impl#4}::add_checker
2	2	1	1	tokenizers::tokenizer::encoding::{impl#0}::get_offsets
2	1	1	1	dump::reader::compat::v3_to_v4::{impl#0}::to_v5
2	1	1	1	core::slice::index::{impl#4}::index_mut
2	2	1	1	tokenizers::tokenizer::encoding::{impl#0}::get_word_ids
2	1	1	1	hf_hub::api::sync::{impl#5}::get
2	2	1	1	grenad::sorter::{impl#3}::sort_by_key::{closure#0} &ReErased [u8], [Region(BrAnon)]), (&ReErased &ReErased mut [u8],)
2	2	1	1	grenad::sorter::{impl#3}::par_sort_by_key::{closure#0} &ReErased [u8], [Region(BrAnon)]), (&ReErased &ReErased mut [u8],)
2	1	1	1	milli::update::facet::incremental::{impl#3}::as_ref
2	2	1	1	dyn_stack::{impl#6}::deref_mut
2	2	1	1	milli::update::index_documents::transform::drop_and_reuse
2	1	1	1	liquid_core::model::scalar::{impl#2}::to_kstr
2	1	1	1	index_scheduler::autobatcher::{impl#0}::primary_key
2	1	1	1	ureq::response::{impl#1}::header
2	1	1	1	candle_core::tensor::{impl#3}::device
2	2	1	1	dyn_stack::{impl#12}::make_aligned_uninit
2	2	1	1	tokenizers::tokenizer::encoding::{impl#0}::get_tokens
2	2	1	1	winnow::error::{impl#23}::or
2	1	1	1	kstring::string::{impl#1}::as_ref
2	2	2	1	webpki::der::expect_tag_and_get_value
2	2	2	1	tar::entry::{impl#0}::unpack_in
2	2	2	1	untrusted::{impl#0}::as_slice_less_safe
2	2	2	1	http::header::map::{impl#1}::insert
2	2	1	2	std::sync::rwlock::{impl#7}::write
2	2	2	2	core::slice::iter::{impl#16}::next bool, [Region(BrAnon)]), ()])
2	2	2	1	tar::header::truncate
2	2	1	2	core::result::{impl#27}::from_residual std::result::Result, []), (milli::documents::primary_key::PrimaryKey, milli::fields_ids_map::FieldsIdsMap)]), milli::error::InternalError, milli::error::Error
2	2	2	1	whatlang::core::text::{impl#1}::deref
2	2	2	1	rayon_core::{impl#7}::source
2	2	2	1	tar::error::{impl#1}::source
2	2	2	1	tar::header::{impl#0}::as_bytes
2	2	2	1	unicode_segmentation::grapheme::{impl#8}::clone
2	2	1	1	wal::mmap_view_sync::{impl#0}::clone
2	1	1	1	yaml_rust::parser::{impl#2}::fetch_token
2	2	1	1	memmap2::{impl#4}::deref
2	2	1	1	smol_str::{impl#39}::clone
2	2	1	1	raft_proto::protos::eraftpb::{impl#126}::get_voters
2	2	1	1	collection::shards::replica_set::{impl#0}::set_local
2	1	1	1	qdrant::consensus::{impl#0}::store
2	1	1	1	tokio::sync::semaphore::{impl#0}::acquire_many_owned
2	2	1	1	core::option::{impl#0}::unwrap_or_else
2	2	1	1	raft_proto::protos::eraftpb::{impl#126}::get_learners_next
2	2	1	1	tokio::runtime::runtime::{impl#0}::handle
2	1	1	1	common::cpu::{impl#5}::clone
2	2	1	1	async_stream::yielder::{impl#0}::send
2	1	1	1	tokio::loom::std::parking_lot::{impl#4}::deref
2	1	1	1	collection::shards::shard::{impl#0}::get
2	2	1	1	raft_proto::protos::eraftpb::{impl#126}::get_learners
2	1	1	1	tokio::loom::std::parking_lot::{impl#6}::deref_mut
2	2	1	2	lock_api::mutex::{impl#4}::lock
2	2	2	1	core::iter::adapters::take::{impl#1}::next
2	2	1	2	hyper::server::server::{impl#6}::serve
2	2	1	2	lock_api::rwlock::{impl#6}::write
2	2	2	1	regex::dfa::{impl#20}::clone
2	2	1	2	std::collections::hash::map::{impl#75}::key
2	2	1	2	std::collections::hash::map::{impl#76}::or_default
2	2	1	2	memory::mmap_ops::transmute_from_u8_to_mut_slice
2	2	1	2	lock_api::mutex::{impl#16}::deref_mut
2	2	1	2	futures_util::future::join_all::iter_pin_mut
2	2	2	1	regex::sparse::{impl#3}::into_iter
2	2	2	2	ron::de::{impl#1}::handle_any_struct
2	1	1	1	serde_yaml::de::{impl#10}::deserialize_any::enum_tag
2	1	1	1	rayon::iter::filter_map::{impl#4}::into_folder std::option::Option, []), (&ReErased dir_walker::WalkData, &ReErased std::sync::atomic::AtomicBool, &ReErased usize)])
2	1	1	1	aho_corasick::dfa::{impl#3}::repr
2	2	1	1	os_str_bytes::raw_str::{impl#2}::split
2	2	1	1	os_str_bytes::iter::{impl#5}::next
2	1	1	1	textwrap::core::{impl#0}::deref
2	2	1	1	clap::builder::value_parser::{impl#1}::parse_ref
2	2	1	1	os_str_bytes::raw_str::{impl#2}::to_os_str
2	2	1	1	clap::builder::command::{impl#8}::find
2	2	1	1	mio::poll::{impl#27}::sleep_marker
2	2	1	1	lmdb_zero::tx::{impl#12}::deref
2	2	1	1	rustls::server::{impl#3}::get_sni
2	2	1	1	cursive_core::event::{impl#7}::deref
2	2	1	1	h2::proto::streams::store::{impl#9}::deref_mut
2	1	1	1	cursive_core::utils::span::{impl#13}::resolve
2	2	1	1	grin_p2p::peer::{impl#1}::tracker
2	1	1	1	http::request::{impl#6}::header
2	2	1	1	cursive_core::views::menubar::{impl#1}::on_event
2	2	1	1	grin_p2p::peers::{impl#0}::update_state
2	1	1	1	cursive_core::views::menubar::{impl#0}::select_child
2	1	1	1	std::thread::{impl#11}::thread
2	1	1	1	blake2_rfc::as_bytes::{impl#0}::as_mut_bytes
2	2	1	1	rustls::msgs::handshake::{impl#29}::find_extension
2	1	1	1	ring::hmac::{impl#1}::as_ref
2	1	1	1	std::thread::{impl#11}::join
2	1	1	1	hyper::body::body::{impl#0}::extra_mut
2	1	1	1	cursive_core::utils::span::{impl#1}::source
2	1	1	1	bit_vec::{impl#2}::iter
2	2	1	1	cursive_core::cursive::{impl#0}::menubar
2	1	1	1	grin_core::core::transaction::{impl#45}::outputs
2	1	1	1	grin_p2p::msg::{impl#14}::as_slice
2	1	1	1	log4rs::config::{impl#1}::appender
2	2	1	1	grin_chain::store::{impl#0}::batch
2	1	1	1	grin_core::core::compact_block::{impl#5}::kern_ids
2	2	1	1	h2::proto::streams::store::{impl#8}::deref
2	2	2	1	clap::osstringext::{impl#0}::trim_left_matches
2	2	1	2	tokio::loom::std::atomic_ptr::{impl#1}::deref
2	2	2	2	vec_map::{impl#2}::iter
2	2	2	1	clap::args::arg_builder::flag::{impl#4}::blacklist
2	2	2	1	std::io::cursor::{impl#0}::get_ref
2	2	2	1	clap::args::arg_builder::positional::{impl#2}::required_unless
2	2	2	1	clap::args::arg_builder::option::{impl#4}::long
2	2	2	1	clap::args::arg_builder::option::{impl#4}::blacklist
2	2	1	2	alloc::sync::{impl#21}::downgrade
2	2	2	1	clap::args::arg_builder::positional::{impl#2}::blacklist
2	2	2	1	clap::app::parser::{impl#0}::positionals
2	2	2	1	clap::args::arg_builder::flag::{impl#4}::required_unless
2	2	2	1	clap::app::help::{impl#4}::write_before_after_help
2	2	2	1	vec_map::{impl#33}::next
2	2	1	2	vec_map::{impl#2}::insert
2	2	2	1	std::ffi::os_str::{impl#23}::to_str
2	2	2	1	gimli::read::endian_slice::{impl#9}::clone
2	2	2	1	clap::args::arg_builder::option::{impl#4}::required_unless
2	2	2	1	clap::app::parser::{impl#0}::possible_subcommand
2	2	2	1	clap::args::arg_builder::flag::{impl#4}::long
2	1	1	1	subprocess::posix::{impl#0}::as_c_vec
2	1	1	1	std::os::unix::ffi::os_str::{impl#1}::as_bytes
2	1	1	1	event_listener::{impl#21}::remove
2	1	1	1	event_listener::{impl#19}::deref_mut
2	2	1	1	alloc::collections::btree::node::{impl#15}::reborrow
2	1	1	1	event_listener::{impl#0}::cache_ptr
2	1	1	1	clap::args::arg_matches::{impl#1}::values_of
2	1	1	1	event_listener::{impl#0}::lock
2	2	2	1	trust_dns_resolver::config::{impl#0}::name_servers
2	1	1	1	pnet_packet::ipv4::{impl#11}::to_immutable
2	1	1	1	ratatui::buffer::cell::{impl#0}::symbol
2	2	1	1	filetreelist::item::{impl#0}::full_path
2	1	1	1	filetreelist::item::{impl#2}::info_mut
2	2	1	1	git2::branch::{impl#0}::get
2	1	1	1	tui_textarea::highlight::{impl#1}::build
2	2	1	2	git2::call::convert
2	1	1	1	usvg::tree::{impl#37}::data
2	1	1	1	ttf_parser::tables::gvar::packed_deltas::{impl#12}::clone
2	1	1	1	ttf_parser::tables::feat::{impl#2}::find
2	1	1	1	simplecss::stream::{impl#2}::consume_ident
2	1	1	1	rustybuzz::buffer::{impl#7}::cur_pos_mut
2	1	1	1	arrayvec::arrayvec::{impl#3}::deref
2	2	1	1	core::str::{impl#0}::bytes
2	1	1	1	usvg::text::layout::convert_decoration
2	1	1	1	usvg::parser::svgtree::parse::{impl#1}::parent_element
2	2	1	1	usvg::parser::svgtree::{impl#13}::next
2	1	1	1	roxmltree::{impl#36}::next
2	2	1	1	tiny_skia::painter::{impl#12}::clone
2	2	1	1	ttf_parser::parser::{impl#33}::tail
2	2	1	1	weezl::decode::{impl#9}::at
2	2	1	1	tiny_skia::edge::{impl#0}::as_line
2	2	1	1	core::iter::adapters::filter_map::{impl#2}::next std::option::Option, []), ()])
2	1	1	1	rustybuzz::ot::contextual::match_class
2	2	1	1	alloc::vec::{impl#1}::as_mut_slice
2	2	1	1	weezl::decode::{impl#8}::buffer
2	2	1	1	resvg::filter::{impl#4}::as_image_ref_mut
2	1	1	1	simplecss::selector::{impl#5}::next
2	1	1	1	usvg::tree::filter::{impl#1}::kind
2	2	1	2	arrayvec::arrayvec::{impl#1}::as_slice
1	1	1	1	mdbook::preprocess::cmd::{impl#1}::name
1	1	1	1	handlebars::json::value::{impl#2}::context_path
1	1	1	1	env_logger::logger::{impl#0}::filter
1	1	1	1	handlebars::template::{impl#4}::as_name
1	1	1	1	pulldown_cmark::scanners::{impl#1}::clone
1	1	1	1	std::collections::hash::map::{impl#75}::or_insert
1	1	1	1	regex_automata::util::pool::{impl#5}::deref_mut
1	1	1	1	handlebars::render::{impl#3}::hash
1	1	1	1	handlebars::error::{impl#6}::source
1	1	1	1	alloc::rc::{impl#7}::inner
1	1	1	1	core::iter::traits::iterator::Iterator::take
1	1	1	1	handlebars::render::{impl#3}::name
1	1	1	1	mdbook::book::init::{impl#0}::copy_theme
1	1	1	1	handlebars::block::{impl#2}::base_path_mut
1	1	1	1	alloc::collections::btree::map::{impl#20}::entry
1	1	1	1	handlebars::json::path::{impl#0}::raw
1	1	1	1	html5ever::tree_builder::{impl#4}::current_node
1	1	1	1	pest::iterators::pair::{impl#0}::as_span
1	1	1	1	html5ever::tree_builder::{impl#4}::adjusted_current_node
1	1	1	1	clap_builder::builder::arg::{impl#4}::get_value_names
1	1	1	1	core::iter::adapters::fuse::{impl#3}::next
1	1	1	1	handlebars::render::{impl#0}::block_mut
1	1	1	1	tendril::tendril::{impl#28}::as_byte_slice
1	1	1	1	html5ever::tree_builder::{impl#4}::body_elem
1	1	1	1	futf::unsafe_slice
1	1	1	1	mdbook::book::summary::{impl#4}::next_event
1	1	1	1	tendril::util::unsafe_slice
1	1	1	1	ignore::{impl#5}::into_error_option
1	1	1	1	alloc::collections::btree::map::entry::{impl#6}::or_insert_with
1	1	1	1	handlebars::render::{impl#2}::inverse
1	1	1	1	handlebars::error::{impl#12}::source
1	1	1	1	pest::iterators::pair::{impl#7}::clone
1	1	1	1	pest::span::{impl#0}::start_pos
1	1	1	1	unicase::ascii::{impl#5}::as_ref
1	1	1	1	handlebars::render::{impl#3}::template
1	1	1	1	ansi_term::display::ANSIStrings
1	1	1	1	exa::options::parser::os_str_to_bytes
1	1	1	1	exa::output::table::{impl#5}::lock_users
1	1	1	1	exa::options::parser::split_on_equals
1	1	1	1	exa::output::cell::{impl#7}::deref
1	1	1	1	core::ffi::c_str::{impl#6}::to_bytes
1	1	1	1	exa::output::file_name::{impl#0}::for_file
1	1	1	1	exa::output::cell::{impl#3}::deref
1	1	1	1	anyhow::error::vtable
1	1	1	1	askama::error::{impl#0}::source
1	1	1	1	zoxide::db::dir::{impl#1}::with_score
1	1	1	1	zoxide::db::{impl#0}::save
1	1	1	1	regalloc2::ion::data_structures::{impl#11}::index
1	1	1	1	gimli::write::str::{impl#14}::deref_mut
1	1	1	1	regex_automata::nfa::thompson::nfa::{impl#0}::group_info
1	1	1	1	wasmtime_environ::component::types::{impl#0}::module_types
1	1	1	1	wiggle::error::{impl#1}::source
1	1	1	1	regalloc2::cfg::{impl#0}::new::{closure#0} &ReErased [regalloc2::index::Block], []), (&ReErased &ReErased cranelift_codegen::machinst::vcode::VCode,)
1	1	1	1	postcard::ser::serializer::{impl#1}::serialize_tuple_variant
1	1	1	1	wasmtime_environ::component::types::{impl#420}::index
1	1	1	1	wasmtime::runtime::vm::instance::{impl#0}::gc_heap_bound
1	1	1	1	wasmtime_slab::{impl#5}::index
1	1	1	1	wasmtime_cranelift::func_environ::{impl#5}::heaps
1	1	1	1	wasmtime_environ::component::types::{impl#415}::index
1	1	1	1	winch_codegen::isa::x64::{impl#1}::flags
1	1	1	1	wasmtime_environ::component::types::{impl#422}::index
1	1	1	1	winch_codegen::codegen::control::{impl#2}::label
1	1	1	1	cranelift_codegen::ir::dfg::{impl#3}::index
1	1	1	1	core::ptr::const_ptr::{impl#0}::cast_mut
1	1	1	1	wasmtime::runtime::vm::const_expr::{impl#0}::new
1	1	1	1	wasmparser::collections::index_map::{impl#2}::get
1	1	1	1	wasmtime::runtime::types::{impl#14}::table
1	1	1	1	regalloc2::indexset::{impl#2}::iter
1	1	1	1	wasmtime_winch::compiler::{impl#1}::triple
1	1	1	1	object::write::macho::{impl#2}::macho_write::{closure#1} &ReErased [u8], [Region(BrAnon)]), (&ReErased &ReErased object::write::Object,)
1	1	1	1	wasmtime::runtime::vm::send_sync_ptr::{impl#2}::as_non_null
1	1	1	1	cranelift_codegen::machinst::vcode::{impl#1}::abi
1	1	1	1	wasmparser::validator::types::{impl#47}::index
1	1	1	1	wasmtime_environ::component::types::{impl#428}::index
1	1	1	1	clap_builder::builder::possible_value::{impl#1}::get_name
1	1	1	1	wasmtime::runtime::module::{impl#9}::clone
1	1	1	1	hashbrown::set::{impl#3}::iter
1	1	1	1	wasmtime_environ::fact::{impl#0}::import_resource_transfer_own::{closure#0} &ReBound(DebruijnIndex(0), BoundRegion { var: 0, kind: BrAnon }) mut std::option::Option, [Region(BrAnon)]), ()
1	1	1	1	regalloc2::checker::{impl#0}::vregs
1	1	1	1	cranelift_codegen::ir::dfg::{impl#12}::inst_values
1	1	1	1	wasmtime_environ::module_types::{impl#0}::rec_groups
1	1	1	1	winch_codegen::codegen::env::{impl#0}::callee_sig
1	1	1	1	wasmtime_types::{impl#16}::returns
1	1	1	1	wasmparser::validator::core::arc::{impl#0}::assert_mut
1	1	1	1	cranelift_codegen::machinst::abi::{impl#9}::signature
1	1	1	1	cranelift_codegen::ir::layout::{impl#6}::block_insts
1	1	1	1	cranelift_codegen::machinst::abi::{impl#2}::args_mut
1	1	1	1	cranelift_codegen::result::{impl#0}::source
1	1	1	1	indexmap::map::{impl#4}::iter
1	1	1	1	wasmtime_environ::fact::{impl#0}::import_resource_transfer_borrow::{closure#0} &ReBound(DebruijnIndex(0), BoundRegion { var: 0, kind: BrAnon }) mut std::option::Option, [Region(BrAnon)]), ()
1	1	1	1	wasmparser::collections::index_map::{impl#26}::next
1	1	1	1	wasmtime::runtime::vm::instance::{impl#0}::offsets
1	1	1	1	cranelift_codegen::ir::instructions::{impl#0}::args_slice
1	1	1	1	wast::gensym::fill
1	1	1	1	object::read::elf::file::{impl#4}::e_ident
1	1	1	1	cranelift_codegen::machinst::vcode::{impl#3}::index
1	1	1	1	wasmtime::runtime::types::{impl#25}::engine
1	1	1	1	wasmtime::runtime::store::data::{impl#6}::index
1	1	1	1	wasmtime::runtime::types::{impl#14}::func
1	1	1	1	wast::component::resolve::{impl#5}::current
1	1	1	1	rustix::backend::vdso::{impl#0}::sym
1	1	1	1	wasmtime_environ::compile::{impl#2}::source
1	1	1	1	tracing_subscriber::util::{impl#4}::source
1	1	1	1	alloc::slice::{impl#0}::into_vec
1	1	1	1	wasmtime::config::{impl#6}::epoch_interruption
1	1	1	1	wast::component::resolve::{impl#4}::new
1	1	1	1	cpp_demangle::ast::{impl#3}::new
1	1	1	1	regalloc2::cfg::{impl#0}::new::{closure#1} &ReErased [regalloc2::index::Block], []), (&ReErased &ReErased cranelift_codegen::machinst::vcode::VCode,)
1	1	1	1	gimli::write::str::{impl#34}::deref_mut
1	1	1	1	wasmparser::validator::names::{impl#34}::resource
1	1	1	1	wasi_common::sync::{impl#0}::env
1	1	1	1	wasmtime::runtime::module::{impl#5}::offsets
1	1	1	1	indexmap::map::iter::{impl#4}::next
1	1	1	1	cranelift_codegen::flowgraph::{impl#1}::pred_iter
1	1	1	1	wasmparser::readers::core::operators::{impl#20}::clone
1	1	1	1	wasi_common::snapshots::preview_1::types::{impl#11}::source
1	1	1	1	wasmtime::runtime::vm::instance::{impl#0}::gc_heap_base
1	1	1	1	cranelift_entity::iter::{impl#1}::next
1	1	1	1	cranelift_codegen::ir::dfg::{impl#12}::display_inst
1	1	1	1	wasmtime::runtime::type_registry::{impl#17}::supertypes
1	1	1	1	wasmtime_wasi::ctx::{impl#0}::env
1	1	1	1	gimli::read::endian_slice::{impl#3}::to_slice
1	1	1	1	cranelift_codegen::machinst::lower::{impl#4}::abi
1	1	1	1	wasmtime::runtime::store::{impl#13}::instance
1	1	1	1	std::collections::hash::map::{impl#9}::index
1	1	1	1	gimli::write::loc::{impl#10}::deref
1	1	1	1	wasmtime::runtime::func::{impl#8}::func_ref
1	1	1	1	wasmtime::runtime::types::{impl#23}::engine
1	1	1	1	std::path::{impl#63}::extension
1	1	1	1	core::iter::traits::collect::{impl#0}::into_iter std::iter::Map usize, []), (usize,)]), []), ()])
1	1	1	1	wasmparser::validator::types::{impl#3}::list
1	1	1	1	cranelift_entity::primary::{impl#0}::iter
1	1	1	1	winch_codegen::stack::{impl#7}::inner
1	1	1	1	hashbrown::map::{impl#5}::get_mut
1	1	1	1	wasmtime_environ::component::types::{impl#430}::index
1	1	1	1	wasmtime::runtime::module::{impl#8}::offsets
1	1	1	1	core::fmt::{impl#7}::debug_map
1	1	1	1	wasmtime_wasi_nn::backend::{impl#1}::source
1	1	1	1	wasmparser::validator::types::{impl#214}::list
1	1	1	1	wasmparser::collections::index_map::{impl#12}::next
1	1	1	1	wasmparser::validator::types::{impl#39}::index
1	1	1	1	object::write::macho::{impl#2}::macho_write::{closure#0} &ReErased [u8], [Region(BrAnon)]), (&ReErased &ReErased object::write::Object,)
1	1	1	1	wasmtime::runtime::vm::send_sync_ptr::{impl#2}::new
1	1	1	1	wasmtime::runtime::store::{impl#13}::store_data
1	1	1	1	gimli::read::unit::{impl#12}::parse
1	1	1	1	cranelift_codegen::ir::layout::{impl#3}::blocks
1	1	1	1	cranelift_codegen::ir::builder::{impl#5}::data_flow_graph_mut
1	1	1	1	wasmparser::readers::core::types::{impl#5}::into_types
1	1	1	1	cranelift_wasm::code_translator::translate_br_if_args
1	1	1	1	wasmtime::runtime::type_registry::{impl#19}::borrow
1	1	1	1	wasmtime::runtime::store::{impl#13}::runtime_limits
1	1	1	1	cranelift_frontend::frontend::{impl#2}::data_flow_graph_mut
1	1	1	1	wasmparser::readers::{impl#8}::next
1	1	1	1	wasmtime_environ::component::types::{impl#426}::index
1	1	1	1	wasmtime::runtime::func::{impl#1}::ty_ref
1	1	1	1	wasmtime::runtime::store::{impl#9}::data
1	1	1	1	wasmtime_cranelift::compiler::{impl#3}::triple
1	1	1	1	alloc::collections::btree::map::{impl#20}::get_mut
1	1	1	1	core::iter::traits::iterator::Iterator::peekable
1	1	1	1	wasmtime::runtime::code::{impl#0}::signatures
1	1	1	1	cpp_demangle::index_str::{impl#1}::range_from
1	1	1	1	cranelift_entity::primary::{impl#0}::get
1	1	1	1	wasmtime::runtime::types::{impl#22}::engine
1	1	1	1	regalloc2::checker::{impl#3}::get_value
1	1	1	1	cranelift_codegen::machinst::abi::{impl#2}::new
1	1	1	1	wasmtime_cranelift::compiled_function::{impl#0}::metadata
1	1	1	1	indexmap::set::{impl#4}::iter
1	1	1	1	std::path::{impl#63}::file_stem
1	1	1	1	wasmtime::runtime::vm::const_expr::{impl#1}::eval
1	1	1	1	regalloc2::ion::data_structures::{impl#71}::index_mut
1	1	1	1	wasmtime_environ::fact::{impl#0}::import_resource_enter_call::{closure#0} &ReBound(DebruijnIndex(0), BoundRegion { var: 0, kind: BrAnon }) mut std::option::Option, [Region(BrAnon)]), ()
1	1	1	1	wasmtime_environ::component::types::{impl#432}::index
1	1	1	1	wasmparser::readers::core::types::{impl#5}::types
1	1	1	1	zstd_safe::{impl#25}::around
1	1	1	1	winch_codegen::codegen::control::{impl#0}::params
1	1	1	1	wasmtime::runtime::vm::component::{impl#0}::vmctx_plus_offset
1	1	1	1	core::iter::traits::iterator::Iterator::map cranelift_codegen::ir::extfunc::AbiParam, [Region(BrAnon)]), (&ReErased dyn [Binder(Trait(cranelift_codegen::isa::TargetIsa), [])] + ReErased,)])
1	1	1	1	wasmtime::runtime::vm::instance::{impl#0}::epoch_ptr
1	1	1	1	cpp_demangle::ast::{impl#47}::cv_qualifiers
1	1	1	1	wasmtime_environ::component::types::{impl#434}::index
1	1	1	1	alloc::vec::drain::{impl#1}::as_slice
1	1	1	1	core::fmt::builders::{impl#8}::entries
1	1	1	1	core::iter::adapters::cloned::{impl#1}::next
1	1	1	1	gimli::read::unit::{impl#19}::entry
1	1	1	1	wasmtime_environ::fact::{impl#0}::import_resource_exit_call::{closure#0} &ReBound(DebruijnIndex(0), BoundRegion { var: 0, kind: BrAnon }) mut std::option::Option, [Region(BrAnon)]), ()
1	1	1	1	gimli::write::range::{impl#10}::deref
1	1	1	1	wasmtime::runtime::vm::instance::{impl#0}::store
1	1	1	1	wasmtime_environ::module_types::{impl#0}::get
1	1	1	1	wasmtime::runtime::vm::instance::{impl#0}::gc_heap_data
1	1	1	1	wasmtime::runtime::vm::instance::{impl#1}::module
1	1	1	1	anyhow::context::{impl#1}::context
1	1	1	1	wat::{impl#3}::source
1	1	1	1	object::pod::bytes_of_slice
1	1	1	1	wasmtime::runtime::types::{impl#25}::from_shared_type_index
1	1	1	1	wasmtime_environ::fact::trampoline::{impl#0}::string_to_compact
1	1	1	1	openvino::error::{impl#8}::source
1	1	1	1	winch_codegen::codegen::control::{impl#2}::stack_state
1	1	1	1	memfd::errors::{impl#0}::source
1	1	1	1	cranelift_codegen::machinst::blockorder::{impl#1}::succ_indices
1	1	1	1	std::collections::hash::map::{impl#1}::iter
1	1	1	1	wasmtime::runtime::code_memory::{impl#1}::text
1	1	1	1	wasmtime::runtime::module::{impl#2}::get_export
1	1	1	1	wasmtime::runtime::vm::instance::{impl#0}::runtime_limits
1	1	1	1	cranelift_codegen::isa::x64::inst::args::{impl#93}::from
1	1	1	1	wasmtime_environ::fact::trampoline::{impl#0}::memory_operand
1	1	1	1	rustyline::completion::{impl#0}::replacement
1	1	1	1	rayon::iter::map::{impl#6}::into_folder std::result::Result, []), ()])
1	1	1	1	unicode_segmentation::grapheme::{impl#4}::next
1	1	1	1	smallvec::{impl#27}::index_mut
1	1	1	1	mutate_once::{impl#3}::deref
1	1	1	1	core::str::{impl#0}::char_indices
1	1	1	1	fselect::util::wbuf::{impl#1}::from
1	1	1	1	rustyline::edit::{impl#2}::line
1	1	1	1	mutate_once::{impl#4}::deref_mut
1	1	1	1	sqlx_core::pool::connection::{impl#13}::deref
1	1	1	1	ratatui::terminal::{impl#2}::clear
1	1	1	1	tokio::fs::file::{impl#0}::create
1	1	1	1	x11rb::wrapper::ConnectionExt::change_property8
1	1	1	1	core::iter::adapters::{impl#0}::next, std::result::Result
1	1	1	1	x11rb_protocol::protocol::xproto::{impl#200}::try_parse
1	1	1	1	atuin_server::router::{impl#1}::clone
1	1	1	1	wayland_client::protocol::wl_seat::{impl#4}::as_ref
1	1	1	1	core::str::{impl#0}::split_once
1	1	1	1	core::option::{impl#0}::as_ref std::string::String, []), (&ReErased str,)]), 1
1	1	1	1	alloc::collections::btree::map::{impl#90}::keys
1	1	1	1	rmp::decode::bytes::{impl#3}::remaining_slice
1	1	1	1	alloc::collections::btree::map::{impl#40}::next
1	1	1	1	x11_clipboard::error::{impl#1}::source
1	1	1	1	reqwest::async_impl::response::{impl#0}::json::{closure#0}
1	1	1	1	wayland_commons::wire::{impl#6}::write_to_buffers::write_array_to_payload
1	1	1	1	rusty_paseto::core::error::{impl#1}::source
1	1	1	1	sqlx_core::pool::connection::{impl#12}::close
1	1	1	1	time::error::format::{impl#3}::source
1	1	1	1	time::error::try_from_parsed::{impl#3}::source
1	1	1	1	axum_server::notify_once::{impl#0}::notified
1	1	1	1	time::error::parse::{impl#1}::source
1	1	1	1	wayland_commons::wire::{impl#6}::from_raw::read_array_from_payload
1	1	1	1	alloc::collections::vec_deque::{impl#5}::front
1	1	1	1	sqlx_core::pool::connection::{impl#12}::close_hard
1	1	1	1	eyre::context::{impl#5}::source
1	1	1	1	std::io::{impl#10}::new
1	1	1	1	reqwest::async_impl::response::{impl#0}::json
1	1	1	1	x11rb_protocol::packet_reader::{impl#2}::buffer
1	1	1	1	x11rb_protocol::packet_reader::{impl#2}::advance
1	1	1	1	rusty_paseto::core::paseto::{impl#8}::as_ref
1	1	1	1	x11rb_protocol::protocol::xproto::{impl#131}::try_parse
1	1	1	1	atuin::command::client::search::interactive::{impl#0}::query_results
1	1	1	1	fs_err::errors::{impl#2}::source
1	1	1	1	sqlx_core::migrate::error::{impl#1}::source
1	1	1	1	core::convert::{impl#1}::as_ref
1	1	1	1	x11rb::rust_connection::{impl#3}::flush
1	1	1	1	rmp::encode::{impl#8}::source
1	1	1	1	wl_clipboard_rs::copy::{impl#4}::clipboard
1	1	1	1	reqwest::async_impl::client::{impl#10}::headers
1	1	1	1	atuin_client::api_client::{impl#0}::count
1	1	1	1	core::pin::{impl#9}::get_mut
1	1	1	1	x11rb::wrapper::ConnectionExt::change_property32
1	1	1	1	x11rb_protocol::protocol::xproto::{impl#134}::try_parse
1	1	1	1	wayland_commons::map::{impl#3}::find
1	1	1	1	sqlx_core::error::{impl#9}::source
1	1	1	1	x11rb_protocol::protocol::xproto::{impl#98}::try_parse
1	1	1	1	x11rb_protocol::protocol::xproto::{impl#87}::try_parse
1	1	1	1	sqlx_core::pool::{impl#0}::options
1	1	1	1	wl_clipboard_rs::utils::{impl#3}::source
1	1	1	1	sqlx_core::sync::{impl#0}::acquire
1	1	1	1	atuin::command::client::search::cursor::{impl#2}::as_str
1	1	1	1	signature::error::{impl#4}::source
1	1	1	1	zeroize::{impl#24}::deref
1	1	1	1	core::iter::traits::collect::{impl#0}::into_iter std::option::Option, []), (&ReErased &ReErased dns_common::prelude::tracing::Metadata, &ReErased mut std::option::Option)])
1	1	1	1	std::io::impls::{impl#5}::write_fmt
1	1	1	1	tracing_subscriber::fmt::writer::MakeWriter::make_writer_for
1	1	1	1	vte::{impl#1}::params
1	1	1	1	regex::regex::string::{impl#5}::replace_all
1	1	1	1	crossterm::style::stylize::Stylize::with
1	1	1	1	core::str::{impl#0}::trim_matches
1	1	1	1	navi::common::shell::{impl#4}::source
1	1	1	1	crossterm::style::style
1	1	1	1	obkv::{impl#1}::new
1	1	1	1	indexmap::map::core::raw::{impl#3}::get_mut
1	1	1	1	rayon::iter::map::{impl#6}::into_folder &ReErased [u8], [Region(BrAnon)]), (&ReErased &ReErased mut [u8],)]), i8, Binder(extern "RustCall" fn((&ReBound(DebruijnIndex(0), BoundRegion { var: 0, kind: BrAnon }) grenad::sorter::EntryBound, &ReBound(DebruijnIndex(0), BoundRegion { var: 1, kind: BrAnon }) grenad::sorter::EntryBound)) - bool, [Region(BrAnon), Region(BrAnon)]), (&ReErased Closure(DefId(150:509 ~ grenad[d2dd]::sorter::{impl#3}::par_sort_by_key::{closure#0}), [i8, Binder(extern "RustCall" fn((&ReBound(DebruijnIndex(0), BoundRegion { var: 0, kind: BrAnon }) grenad::sorter::EntryBound,)) - &ReErased [u8], [Region(BrAnon)]), (&ReErased &ReErased mut [u8],)]),)]), i8, Binder(extern "RustCall" fn(((usize, &ReErased mut [grenad::sorter::EntryBound]),)) - (usize, usize, rayon::slice::mergesort::MergesortResult), []), (rayon::SendPtr, &ReErased Closure(DefId(154:5608 ~ rayon[f0ce]::slice::ParallelSliceMut::par_sort_by_key::{closure#0}), [[grenad::sorter::EntryBound], grenad::sorter::EntryBound, &ReErased [u8], Closure(DefId(150:509 ~ grenad[d2dd]::sorter::{impl#3}::par_sort_by_key::{closure#0}), [i8, Binder(extern "RustCall" fn((&ReBound(DebruijnIndex(0), BoundRegion { var: 0, kind: BrAnon }) grenad::sorter::EntryBound,)) - &ReErased [u8], [Region(BrAnon)]), (&ReErased &ReErased mut [u8],)]), i8, Binder(extern "RustCall" fn((&ReBound(DebruijnIndex(0), BoundRegion { var: 0, kind: BrAnon }) grenad::sorter::EntryBound, &ReBound(DebruijnIndex(0), BoundRegion { var: 1, kind: BrAnon }) grenad::sorter::EntryBound)) - bool, [Region(BrAnon), Region(BrAnon)]), (&ReErased Closure(DefId(150:509 ~ grenad[d2dd]::sorter::{impl#3}::par_sort_by_key::{closure#0}), [i8, Binder(extern "RustCall" fn((&ReBound(DebruijnIndex(0), BoundRegion { var: 0, kind: BrAnon }) grenad::sorter::EntryBound,)) - &ReErased [u8], [Region(BrAnon)]), (&ReErased &ReErased mut [u8],)]),)]))])
1	1	1	1	core::result::{impl#26}::branch, std::io::Error
1	1	1	1	ureq::error::{impl#5}::source
1	1	1	1	winnow::stream::{impl#29}::checkpoint
1	1	1	1	rayon::iter::map::{impl#6}::into_folder std::option::Option, []), (&ReErased FnDef(DefId(2:2566 ~ core[3c87]::cmp::max), [usize]),)]), Closure(DefId(281:98 ~ tokenizers[7382]::utils::padding::pad_encodings::{closure#0}), [i8, Binder(extern "RustCall" fn((&ReErased tokenizers::tokenizer::encoding::Encoding,)) - usize, []), ()])
1	1	1	1	rayon::iter::map::{impl#6}::into_folder, Closure(DefId(311:657 ~ arroy[e057]::writer::{impl#0}::update_trees::{closure#0}), [arroy::distance::angular::Angular, rand::rngs::std::StdRng, i8, Binder(extern "RustCall" fn(((u64, u32),)) - std::result::Result, []), (&ReErased arroy::writer::Writer, &ReErased arroy::writer::FrozzenReader, &ReErased roaring::bitmap::RoaringBitmap, &ReErased roaring::bitmap::RoaringBitmap)])
1	1	1	1	kstring::string::{impl#2}::deref
1	1	1	1	milli::asc_desc::{impl#20}::source
1	1	1	1	alloc::boxed::{impl#54}::borrow
1	1	1	1	milli::documents::{impl#6}::source
1	1	1	1	milli::heed_codec::facet::{impl#1}::bytes_decode
1	1	1	1	tracing_subscriber::fmt::fmt_layer::{impl#11}::deref
1	1	1	1	rayon::{impl#2}::get
1	1	1	1	dump::error::{impl#2}::source
1	1	1	1	tempfile::file::{impl#16}::source
1	1	1	1	fst::error::{impl#3}::source
1	1	1	1	core::iter::traits::collect::{impl#0}::into_iter std::iter::Map (u32, std::string::String, (usize, usize), std::option::Option, u32), []), (tokenizers::tokenizer::normalizer::NormalizedString, (usize, usize), &ReErased std::option::Option, std::option::Option, usize, u32)]), []), (&ReErased std::option::Option, &ReErased std::option::Option, &ReErased u32)])
1	1	1	1	arroy::node::{impl#2}::iter
1	1	1	1	milli::documents::primary_key::{impl#0}::name
1	1	1	1	nom_locate::{impl#3}::fragment
1	1	1	1	rayon::slice::mergesort::decrement_and_get
1	1	1	1	nom_locate::{impl#23}::clone
1	1	1	1	actix_web::server::{impl#1}::run actix_web::App, []), (actix_web::web::Data, actix_web::web::Data, meilisearch::Opt, (tracing_subscriber::reload::Handle, tracing_subscriber::reload::Handle), std::sync::Arc, bool)]), actix_web::App, actix_web::app_service::AppInit, actix_web::body::EitherBody
1	1	1	1	tokenizers::models::bpe::{impl#2}::source
1	1	1	1	milli::update::word_prefix_docids::write_prefixes_in_sorter
1	1	1	1	rayon::iter::take_any_while::{impl#3}::into_folder std::result::Result, []), (&ReErased arroy::writer::Writer, &ReErased arroy::writer::FrozzenReader, &ReErased roaring::bitmap::RoaringBitmap)]), Closure(DefId(311:663 ~ arroy[e057]::writer::{impl#0}::build_trees::{closure#0}), [arroy::distance::angular::Angular, rand::rngs::std::StdRng, i8, Binder(extern "RustCall" fn((&ReBound(DebruijnIndex(0), BoundRegion { var: 0, kind: BrAnon }) (usize, u64),)) - bool, [Region(BrAnon)]), (&ReErased std::option::Option, &ReErased arroy::parallel::ConcurrentNodeIds, &ReErased u64)])
1	1	1	1	alloc::vec::{impl#1}::swap_remove
1	1	1	1	spm_precompiled::{impl#5}::transform
1	1	1	1	liquid_core::parser::parser::{impl#5}::tokens
1	1	1	1	core::slice::index::{impl#4}::get_unchecked
1	1	1	1	ureq::request::{impl#1}::set
1	1	1	1	serde::__private::de::content::{impl#33}::into_deserializer
1	1	1	1	alloc::collections::btree::set::{impl#36}::next
1	1	1	1	tokenizers::tokenizer::{impl#19}::deref_mut
1	1	1	1	fst::raw::{impl#4}::root
1	1	1	1	candle_core::dtype::{impl#22}::to_cpu_storage_owned
1	1	1	1	alloc::collections::vec_deque::{impl#5}::back
1	1	1	1	core::str::{impl#0}::strip_suffix
1	1	1	1	dump::reader::compat::v2_to_v3::{impl#0}::to_v4
1	1	1	1	heed::database::{impl#4}::prefix_iter
1	1	1	1	milli::error::{impl#7}::source
1	1	1	1	serde_json::ser::to_string
1	1	1	1	fancy_regex::parse::parse_id
1	1	1	1	tracing::span::{impl#0}::enter
1	1	1	1	milli::update::index_documents::helpers::grenad_helpers::create_sorter
1	1	1	1	candle_core::dtype::{impl#26}::to_cpu_storage_owned
1	1	1	1	index_scheduler::autobatcher::{impl#2}::primary_key
1	1	1	1	fst::raw::{impl#4}::node
1	1	1	1	index_scheduler::error::{impl#10}::source
1	1	1	1	serde_json::de::from_slice
1	1	1	1	alloc::string::{impl#34}::index_mut
1	1	1	1	tracing_core::metadata::{impl#0}::name
1	1	1	1	candle_core::dtype::{impl#21}::to_cpu_storage_owned
1	1	1	1	tracing_subscriber::registry::{impl#1}::metadata
1	1	1	1	fst::inner_set::{impl#7}::into_set
1	1	1	1	liquid_core::error::trace::{impl#0}::get_context
1	1	1	1	candle_core::dtype::{impl#20}::to_cpu_storage_owned
1	1	1	1	roaring::bitmap::ops::{impl#1}::bitor
1	1	1	1	milli::error::{impl#32}::source
1	1	1	1	fst::raw::error::{impl#2}::source
1	1	1	1	file_store::{impl#6}::source
1	1	1	1	core::iter::traits::iterator::{impl#0}::next
1	1	1	1	candle_core::tensor::{impl#1}::as_ref
1	1	1	1	core::option::{impl#0}::get_or_insert_with std::option::Option, []), (&ReErased mut std::slice::Iter,)])
1	1	1	1	candle_core::layout::{impl#0}::dims
1	1	1	1	liquid_core::parser::parser::{impl#16}::expect_str
1	1	1	1	milli::error::{impl#13}::source
1	1	1	1	core::str::{impl#0}::escape_debug
1	1	1	1	arroy::node::{impl#2}::as_bytes
1	1	1	1	candle_core::dtype::{impl#24}::to_cpu_storage_owned
1	1	1	1	heed::iterator::prefix::{impl#1}::next
1	1	1	1	dump::reader::compat::v1_to_v2::option_to_setting
1	1	1	1	tokenizers::tokenizer::{impl#18}::deref
1	1	1	1	tracing_subscriber::fmt::format::json::{impl#9}::new
1	1	1	1	candle_core::dtype::{impl#23}::to_cpu_storage_owned
1	1	1	1	candle_core::pickle::{impl#1}::int
1	1	1	1	charabia::token::{impl#1}::lemma
1	1	1	1	candle_core::dtype::{impl#25}::to_cpu_storage_owned
1	1	1	1	liquid_lib::stdlib::blocks::case_block::{impl#5}::new
1	1	1	1	liquid_core::model::value::view::{impl#2}::new
1	1	1	1	liquid_core::runtime::template::{impl#0}::new
1	1	1	1	milli::update::words_prefix_integer_docids::write_prefixes_in_sorter
1	1	1	1	obkv::{impl#2}::finish
1	1	1	1	milli::heed_codec::facet::{impl#0}::bytes_encode
1	1	1	1	std::io::buffered::bufreader::{impl#0}::new
1	1	1	1	milli::update::index_documents::helpers::try_split_array_at
1	1	1	1	arroy::error::{impl#1}::source
1	1	1	1	roaring::bitmap::iter::{impl#8}::iter
1	1	1	1	raft_proto::protos::eraftpb::{impl#111}::get_data
1	1	1	1	api::grpc::dynamic_channel_pool::{impl#0}::choose
1	1	1	1	raft_proto::protos::eraftpb::{impl#114}::get_conf_state
1	1	1	1	storage::dispatcher::{impl#0}::submit_collection_meta_op::{closure#0}
1	1	1	1	segment::index::field_index::full_text_index::text_index::{impl#0}::new
1	1	1	1	raft::raw_node::{impl#0}::entries
1	1	1	1	raft_proto::protos::eraftpb::{impl#120}::take_entries
1	1	1	1	collection::shards::conversions::internal_set_payload
1	1	1	1	alloc::collections::btree::map::{impl#36}::next
1	1	1	1	std::collections::hash::set::{impl#1}::iter
1	1	1	1	yaml_rust::parser::{impl#2}::block_mapping_key
1	1	1	1	qdrant::common::http_client::{impl#6}::source
1	1	1	1	tokio::fs::create_dir_all::create_dir_all
1	1	1	1	tonic::metadata::map::{impl#0}::from_headers
1	1	1	1	storage::content_manager::toc::{impl#0}::get_collection_unchecked
1	1	1	1	raft::quorum::majority::{impl#3}::deref_mut
1	1	1	1	segment::common::mmap_type::{impl#4}::deref_mut
1	1	1	1	raft_proto::protos::eraftpb::{impl#111}::get_context
1	1	1	1	core::iter::adapters::map::{impl#2}::next (&ReErased str, &ReErased str), []), ()])
1	1	1	1	ring::arithmetic::bigint::modulus::{impl#2}::oneRR
1	1	1	1	ahash::hash_map::{impl#6}::deref
1	1	1	1	raft::raft::{impl#7}::prs
1	1	1	1	tonic::transport::error::{impl#3}::source
1	1	1	1	pest::iterators::pairs::{impl#1}::next
1	1	1	1	bytes::bytes_mut::{impl#3}::chunk_mut
1	1	1	1	http::header::map::{impl#1}::get
1	1	1	1	raft::raw_node::{impl#2}::store
1	1	1	1	collection::shards::local_shard::{impl#0}::load::{closure#0}
1	1	1	1	yaml_rust::parser::{impl#2}::block_sequence_entry
1	1	1	1	linked_hash_map::{impl#5}::new
1	1	1	1	collection::shards::replica_set::{impl#0}::set_local::{closure#0}
1	1	1	1	atomicwrites::{impl#3}::path
1	1	1	1	serde_json::map::{impl#0}::get
1	1	1	1	core::iter::traits::collect::{impl#0}::into_iter std::option::Option, []), (&ReErased &ReErased tracing::Metadata, &ReErased mut std::option::Option)])
1	1	1	1	ini::{impl#6}::iter
1	1	1	1	tokio::fs::remove_file::remove_file
1	1	1	1	raft::raw_node::{impl#0}::persisted_messages
1	1	1	1	yaml_rust::parser::{impl#2}::flow_mapping_value
1	1	1	1	yaml_rust::parser::{impl#2}::flow_sequence_entry
1	1	1	1	http::header::map::{impl#49}::next
1	1	1	1	raft::raft_log::{impl#1}::pending_snapshot
1	1	1	1	raft::raw_node::{impl#0}::snapshot
1	1	1	1	winnow::stream::{impl#31}::checkpoint
1	1	1	1	storage::dispatcher::{impl#0}::toc
1	1	1	1	regex::re_unicode::{impl#0}::as_str
1	1	1	1	hyper::client::connect::http::{impl#11}::source
1	1	1	1	tonic::status::{impl#8}::source
1	1	1	1	tonic::transport::channel::endpoint::{impl#7}::clone
1	1	1	1	yaml_rust::parser::{impl#2}::flow_mapping_key
1	1	1	1	raft::raw_node::{impl#0}::ss
1	1	1	1	segment::index::field_index::numeric_index::{impl#4}::new
1	1	1	1	serde_cbor::ser::{impl#1}::serialize_newtype_variant
1	1	1	1	collection::shards::shard_holder::{impl#0}::all_shards
1	1	1	1	storage::content_manager::collections_ops::Checker::validate_collection_not_exists
1	1	1	1	tower::buffer::error::{impl#2}::source
1	1	1	1	futures_util::stream::try_stream::TryStreamExt::try_next
1	1	1	1	yaml_rust::parser::{impl#2}::document_start
1	1	1	1	raft::errors::{impl#9}::source
1	1	1	1	std::collections::hash::map::{impl#53}::next
1	1	1	1	slog::{impl#38}::module
1	1	1	1	tokio::fs::remove_dir_all::remove_dir_all
1	1	1	1	tokio::sync::oneshot::{impl#1}::send
1	1	1	1	raft::raft::{impl#7}::mut_prs
1	1	1	1	raft::tracker::{impl#2}::get_mut
1	1	1	1	tokio::sync::mpsc::bounded::{impl#3}::send::{closure#0}
1	1	1	1	tokio::sync::rwlock::{impl#14}::read
1	1	1	1	collection::shards::channel_service::{impl#0}::remove_peer
1	1	1	1	ring::rsa::public_key::{impl#0}::n
1	1	1	1	storage::content_manager::consensus_ops::{impl#9}::clone
1	1	1	1	raft::raw_node::{impl#0}::messages
1	1	1	1	raft_proto::protos::eraftpb::{impl#120}::mut_entries
1	1	1	1	collection::shards::replica_set::{impl#0}::apply_state
1	1	1	1	tokio::sync::rwlock::{impl#14}::read::{closure#0}
1	1	1	1	raft::errors::{impl#3}::source
1	1	1	1	rustls_pki_types::{impl#38}::as_ref
1	1	1	1	core::str::{impl#0}::match_indices
1	1	1	1	clap_builder::parser::matches::arg_matches::{impl#0}::remove_many
1	1	1	1	core::str::{impl#0}::split_at
1	1	1	1	core::str::iter::{impl#91}::next
1	1	1	1	std::path::{impl#63}::file_name
1	1	1	1	clap::parser::matches::arg_matches::{impl#0}::value_of
1	1	1	1	rayon::iter::par_bridge::{impl#3}::fold_with
1	1	1	1	clap::mkeymap::{impl#6}::keys
1	1	1	1	core::slice::{impl#0}::split_last
1	1	1	1	clap::parser::validator::{impl#0}::new
1	1	1	1	clap::error::{impl#0}::insert_context_unchecked
1	1	1	1	clap::builder::command::{impl#8}::find_group
1	1	1	1	aho_corasick::dfa::{impl#5}::repr
1	1	1	1	clap::builder::arg::{impl#3}::conflicts_with
1	1	1	1	dust::filter::add_children
1	1	1	1	aho_corasick::ahocorasick::{impl#11}::dfa
1	1	1	1	clap::mkeymap::{impl#6}::args_mut
1	1	1	1	clap::builder::command::{impl#4}::get_subcommands
1	1	1	1	aho_corasick::nfa::{impl#4}::index
1	1	1	1	clap::parser::parser::{impl#1}::possible_subcommand
1	1	1	1	clap::parser::arg_matcher::{impl#0}::arg_ids
1	1	1	1	clap::mkeymap::{impl#6}::remove
1	1	1	1	clap::mkeymap::{impl#7}::index
1	1	1	1	clap::parser::arg_matcher::{impl#0}::pending_values_mut
1	1	1	1	clap::parser::arg_matcher::{impl#0}::get
1	1	1	1	rayon::iter::filter_map::{impl#4}::into_folder std::option::Option, []), (&ReErased sysinfo::linux::system::Wrap, &ReErased u64, &ReErased i32, &ReErased u64, &ReErased u64)])
1	1	1	1	clap::builder::arg::{impl#4}::get_value_parser
1	1	1	1	clap::builder::command::{impl#4}::get_groups
1	1	1	1	clap::builder::command::{impl#4}::get_all_long_flag_aliases
1	1	1	1	hashbrown::raw::inner::{impl#11}::bucket_ptr
1	1	1	1	clap::parser::validator::{impl#1}::gather_direct_conflicts
1	1	1	1	clap::builder::possible_value::{impl#1}::get_name_and_aliases
1	1	1	1	grin_p2p::peers::{impl#1}::get_block
1	1	1	1	tokio::sync::task::atomic_waker::{impl#0}::take_waker
1	1	1	1	yaml_rust::yaml::{impl#2}::as_hash
1	1	1	1	grin_core::core::transaction::{impl#45}::kernels
1	1	1	1	rustls::session::{impl#2}::get_suite_assert
1	1	1	1	mio::poll::{impl#27}::closed_marker
1	1	1	1	core::pin::{impl#5}::new
1	1	1	1	rustls::hash_hs::{impl#0}::add_message
1	1	1	1	grin_api::router::{impl#0}::add_route
1	1	1	1	std::io::buffered::bufwriter::{impl#1}::get_mut
1	1	1	1	grin_chain::store::{impl#1}::delete
1	1	1	1	grin_chain::chain::{impl#1}::desegmenter
1	1	1	1	core::ops::deref::{impl#2}::deref
1	1	1	1	alloc::ffi::c_str::{impl#1}::as_bytes_with_nul
1	1	1	1	grin_servers::grin::sync::body_sync::{impl#0}::body_sync::{closure#0} grin_p2p::peers::PeersIter bool, []), (&ReErased grin_chain::Tip,)]), i16, Binder(extern "RustCall" fn((&ReBound(DebruijnIndex(0), BoundRegion { var: 0, kind: BrAnon }) std::sync::Arc,)) - bool, [Region(BrAnon)]), (Closure(DefId(219:569 ~ grin_servers[9a20]::grin::sync::body_sync::{impl#0}::body_sync::{closure#0}::{closure#0}), [i8, Binder(extern "RustCall" fn((grin_core::pow::Difficulty,)) - bool, []), (&ReErased grin_chain::Tip,)]),)]), Closure(DefId(157:838 ~ grin_p2p[4fc2]::peers::{impl#4}::connected::{closure#0}), [std::iter::Filter, Closure(DefId(157:845 ~ grin_p2p[4fc2]::peers::{impl#4}::with_difficulty::{closure#0}), [std::iter::Filter bool, [Region(BrAnon)]), (grin_p2p::Capabilities,)]), Closure(DefId(219:569 ~ grin_servers[9a20]::grin::sync::body_sync::{impl#0}::body_sync::{closure#0}::{closure#0}), [i8, Binder(extern "RustCall" fn((grin_core::pow::Difficulty,)) - bool, []), (&ReErased grin_chain::Tip,)]), i16, Binder(extern "RustCall" fn((&ReBound(DebruijnIndex(0), BoundRegion { var: 0, kind: BrAnon }) std::sync::Arc,)) - bool, [Region(BrAnon)]), (Closure(DefId(219:569 ~ grin_servers[9a20]::grin::sync::body_sync::{impl#0}::body_sync::{closure#0}::{closure#0}), [i8, Binder(extern "RustCall" fn((grin_core::pow::Difficulty,)) - bool, []), (&ReErased grin_chain::Tip,)]),)]), i16, Binder(extern "RustCall" fn((&ReBound(DebruijnIndex(0), BoundRegion { var: 0, kind: BrAnon }) std::sync::Arc,)) - bool, [Region(BrAnon)]), ()]), []), (&ReErased &ReErased mut grin_servers::grin::sync::body_sync::BodySync, &ReErased grin_chain::Tip)
1	1	1	1	cursive_core::event::{impl#16}::clone
1	1	1	1	term::terminfo::parm::format
1	1	1	1	core::ops::deref::{impl#0}::deref
1	1	1	1	grin_chain::store::{impl#1}::get_previous_header
1	1	1	1	cursive_core::views::select_view::{impl#1}::iter
1	1	1	1	webpki::name::{impl#0}::as_ref
1	1	1	1	grin_p2p::peer::{impl#3}::get_block
1	1	1	1	core::iter::adapters::peekable::{impl#1}::next std::iter::Map cursive::utils::lines::spans::chunk::Chunk, []), (usize, &ReErased cursive::utils::lines::spans::Segment)]), []), (&ReErased &ReErased cursive::utils::span::SpannedString,)])
1	1	1	1	cursive_core::views::on_event_view::{impl#1}::get_inner
1	1	1	1	futures_channel::lock::{impl#4}::deref_mut
1	1	1	1	grin_chain::chain::{impl#1}::txhashset_archive_header_header_only
1	1	1	1	alloc::sync::{impl#67}::borrow
1	1	1	1	bytes::bytes_mut::{impl#0}::freeze
1	1	1	1	unicode_segmentation::grapheme::{impl#5}::next_back
1	1	1	1	supercow::ext::{impl#19}::get_ptr_b
1	1	1	1	grin_chain::chain::{impl#1}::head
1	1	1	1	owning_ref::{impl#3}::deref
1	1	1	1	grin_core::ser::{impl#17}::new
1	1	1	1	ring::hmac::{impl#7}::with_key
1	1	1	1	cursive_core::views::menu_popup::{impl#2}::get_scroller
1	1	1	1	bytes::bytes_mut::{impl#0}::split_to
1	1	1	1	cursive_core::views::stack_view::{impl#4}::layer
1	1	1	1	supercow::ext::{impl#19}::get_ptr_a
1	1	1	1	tokio::runtime::thread_pool::worker::{impl#3}::remote
1	1	1	1	ring::hmac::sign
1	1	1	1	arc_swap::{impl#4}::deref
1	1	1	1	grin_chain::store::{impl#1}::save_body_head
1	1	1	1	futures_channel::lock::{impl#2}::try_lock
1	1	1	1	grin_servers::common::adapters::{impl#3}::peers
1	1	1	1	std::sync::mpsc::{impl#6}::clone
1	1	1	1	grin_servers::grin::sync::state_sync::{impl#0}::continue_pibd::{closure#2} grin_p2p::peers::PeersIter bool, [Region(BrAnon)]), (Closure(DefId(219:649 ~ grin_servers[9a20]::grin::sync::state_sync::{impl#0}::continue_pibd::{closure#1}::{closure#0}), [i8, Binder(extern "RustCall" fn((grin_core::pow::Difficulty,)) - bool, []), (&ReErased grin_core::pow::Difficulty,)]),)]), Closure(DefId(157:847 ~ grin_p2p[4fc2]::peers::{impl#4}::with_capabilities::{closure#0}), [std::iter::Filter, Closure(DefId(157:845 ~ grin_p2p[4fc2]::peers::{impl#4}::with_difficulty::{closure#0}), [std::iter::Filter bool, [Region(BrAnon)]), ()]), Closure(DefId(219:649 ~ grin_servers[9a20]::grin::sync::state_sync::{impl#0}::continue_pibd::{closure#1}::{closure#0}), [i8, Binder(extern "RustCall" fn((grin_core::pow::Difficulty,)) - bool, []), (&ReErased grin_core::pow::Difficulty,)]), i16, Binder(extern "RustCall" fn((&ReBound(DebruijnIndex(0), BoundRegion { var: 0, kind: BrAnon }) std::sync::Arc,)) - bool, [Region(BrAnon)]), (Closure(DefId(219:649 ~ grin_servers[9a20]::grin::sync::state_sync::{impl#0}::continue_pibd::{closure#1}::{closure#0}), [i8, Binder(extern "RustCall" fn((grin_core::pow::Difficulty,)) - bool, []), (&ReErased grin_core::pow::Difficulty,)]),)]), i16, Binder(extern "RustCall" fn((&ReBound(DebruijnIndex(0), BoundRegion { var: 0, kind: BrAnon }) std::sync::Arc,)) - bool, [Region(BrAnon)]), (grin_p2p::Capabilities,)]), Closure(DefId(157:838 ~ grin_p2p[4fc2]::peers::{impl#4}::connected::{closure#0}), [std::iter::Filter, Closure(DefId(219:649 ~ grin_servers[9a20]::grin::sync::state_sync::{impl#0}::continue_pibd::{closure#1}::{closure#0}), [i8, Binder(extern "RustCall" fn((grin_core::pow::Difficulty,)) - bool, []), (&ReErased grin_core::pow::Difficulty,)]), i16, Binder(extern "RustCall" fn((&ReBound(DebruijnIndex(0), BoundRegion { var: 0, kind: BrAnon }) std::sync::Arc,)) - bool, [Region(BrAnon)]), (Closure(DefId(219:649 ~ grin_servers[9a20]::grin::sync::state_sync::{impl#0}::continue_pibd::{closure#1}::{closure#0}), [i8, Binder(extern "RustCall" fn((grin_core::pow::Difficulty,)) - bool, []), (&ReErased grin_core::pow::Difficulty,)]),)]), Closure(DefId(157:847 ~ grin_p2p[4fc2]::peers::{impl#4}::with_capabilities::{closure#0}), [std::iter::Filter, Closure(DefId(157:845 ~ grin_p2p[4fc2]::peers::{impl#4}::with_difficulty::{closure#0}), [std::iter::Filter bool, [Region(BrAnon)]), ()]), Closure(DefId(219:649 ~ grin_servers[9a20]::grin::sync::state_sync::{impl#0}::continue_pibd::{closure#1}::{closure#0}), [i8, Binder(extern "RustCall" fn((grin_core::pow::Difficulty,)) - bool, []), (&ReErased grin_core::pow::Difficulty,)]), i16, Binder(extern "RustCall" fn((&ReBound(DebruijnIndex(0), BoundRegion { var: 0, kind: BrAnon }) std::sync::Arc,)) - bool, [Region(BrAnon)]), (Closure(DefId(219:649 ~ grin_servers[9a20]::grin::sync::state_sync::{impl#0}::continue_pibd::{closure#1}::{closure#0}), [i8, Binder(extern "RustCall" fn((grin_core::pow::Difficulty,)) - bool, []), (&ReErased grin_core::pow::Difficulty,)]),)]), i16, Binder(extern "RustCall" fn((&ReBound(DebruijnIndex(0), BoundRegion { var: 0, kind: BrAnon }) std::sync::Arc,)) - bool, [Region(BrAnon)]), (grin_p2p::Capabilities,)]), i16, Binder(extern "RustCall" fn((&ReBound(DebruijnIndex(0), BoundRegion { var: 0, kind: BrAnon }) std::sync::Arc,)) - bool, [Region(BrAnon)]), ()]), []), (&ReErased Closure(DefId(219:648 ~ grin_servers[9a20]::grin::sync::state_sync::{impl#0}::continue_pibd::{closure#1}), [i8, Binder(extern "RustCall" fn(()) - grin_p2p::peers::PeersIter, Closure(DefId(219:649 ~ grin_servers[9a20]::grin::sync::state_sync::{impl#0}::continue_pibd::{closure#1}::{closure#0}), [i8, Binder(extern "RustCall" fn((grin_core::pow::Difficulty,)) - bool, []), (&ReErased grin_core::pow::Difficulty,)]), i16, Binder(extern "RustCall" fn((&ReBound(DebruijnIndex(0), BoundRegion { var: 0, kind: BrAnon }) std::sync::Arc,)) - bool, [Region(BrAnon)]), (Closure(DefId(219:649 ~ grin_servers[9a20]::grin::sync::state_sync::{impl#0}::continue_pibd::{closure#1}::{closure#0}), [i8, Binder(extern "RustCall" fn((grin_core::pow::Difficulty,)) - bool, []), (&ReErased grin_core::pow::Difficulty,)]),)]), []), (&ReErased Closure(DefId(219:647 ~ grin_servers[9a20]::grin::sync::state_sync::{impl#0}::continue_pibd::{closure#0}), [i8, Binder(extern "RustCall" fn(()) - grin_p2p::peers::PeersIter, []), (&ReErased std::sync::Arc,)]), &ReErased grin_core::pow::Difficulty)]),)
1	1	1	1	trust_dns_resolver::config::{impl#0}::search
1	1	1	1	rustscan::scanner::{impl#0}::scan_socket
1	1	1	1	subprocess::posix::{impl#1}::assemble_exe
1	1	1	1	log::{impl#12}::args
1	1	1	1	num_bigint::bigint::{impl#23}::digits
1	1	1	1	pnet_packet::ethernet::{impl#9}::payload
1	1	1	1	ratatui::buffer::buffer::{impl#0}::get_mut
1	1	1	1	pnet_packet::ipv6::{impl#3}::new
1	1	1	1	pnet_packet::ipv4::{impl#11}::new
1	1	1	1	bwrap::auxbuf::{impl#2}::last
1	1	1	1	git2::buf::{impl#2}::deref
1	1	1	1	asyncgit::sync::commit_details::{impl#2}::short_hash
1	1	1	1	url::{impl#1}::username
1	1	1	1	alloc::vec::{impl#1}::as_slice
1	1	1	1	tui_textarea::textarea::{impl#7}::block
1	1	1	1	hashbrown::map::{impl#3}::get_inner
1	1	1	1	asyncgit::asyncjob::{impl#1}::take_last
1	1	1	1	filetreelist::item::{impl#0}::path
1	1	1	1	git2::string_array::{impl#0}::iter
1	1	1	1	gitui::spinner::{impl#1}::draw
1	1	1	1	asyncgit::error::{impl#2}::source
1	1	1	1	core::option::{impl#0}::and_then
1	1	1	1	tui_textarea::textarea::{impl#7}::lines
1	1	1	1	git2::diff::{impl#1}::deltas
1	1	1	1	gitui::popups::taglist::{impl#2}::selected_tag
1	1	1	1	filetreelist::error::{impl#0}::source
1	1	1	1	alloc::string::{impl#59}::from
1	1	1	1	bwrap::easy_wrapper::{impl#0}::new
1	1	1	1	core::iter::adapters::zip::{impl#5}::next
1	1	1	1	git2_hooks::error::{impl#0}::source
1	1	1	1	alloc::string::{impl#72}::as_str
1	1	1	1	gitui::components::commitlist::{impl#0}::marked
1	1	1	1	bwrap::wrapper::{impl#0}::new
1	1	1	1	bwrap::easy_wrapper::{impl#0}::wrap
1	1	1	1	fuzzy_matcher::skim::{impl#7}::index
1	1	1	1	ratatui::widgets::table::{impl#8}::offset_mut
1	1	1	1	core::slice::iter::{impl#196}::next bool, [Region(BrAnon)]), ()])
1	1	1	1	asyncgit::branches::{impl#0}::result
1	1	1	1	gitui::popups::submodules::{impl#2}::selected_entry
1	1	1	1	roxmltree::{impl#27}::first_element_child
1	1	1	1	usvg::parser::paint_server::resolve_attr
1	1	1	1	unicode_bidi::prepare::{impl#0}::iter_backwards_from
1	1	1	1	usvg::tree::{impl#12}::stops
1	1	1	1	ttf_parser::tables::name::{impl#6}::into_iter
1	1	1	1	pico_args::{impl#2}::opt_value_from_fn
1	1	1	1	usvg::tree::filter::{impl#7}::func_b
1	1	1	1	ttf_parser::tables::name::{impl#7}::next
1	1	1	1	data_url::{impl#2}::mime_type
1	1	1	1	ttf_parser::parser::{impl#29}::get
1	1	1	1	rustybuzz::face::{impl#4}::layout_tables
1	1	1	1	data_url::mime::split2
1	1	1	1	ttf_parser::parser::{impl#61}::clone
1	1	1	1	core::slice::{impl#0}::first_mut
1	1	1	1	usvg::tree::filter::{impl#7}::func_g
1	1	1	1	usvg::tree::{impl#33}::root
1	1	1	1	usvg::parser::svgtree::parse::resolve_href
1	1	1	1	std::io::Read::take
1	1	1	1	usvg::tree::filter::{impl#7}::func_a
1	1	1	1	tiny_skia::pipeline::blitter::{impl#0}::new_mask
1	1	1	1	usvg::tree::{impl#18}::root
1	1	1	1	core::mem::manually_drop::{impl#0}::new
1	1	1	1	usvg::parser::svgtree::{impl#8}::attributes
1	1	1	1	ttf_parser::parser::{impl#33}::new
1	1	1	1	ttf_parser::tables::ankr::{impl#2}::points
1	1	1	1	core::ops::range::{impl#7}::end
1	1	1	1	miniz_oxide::inflate::decompress_error
1	1	1	1	roxmltree::parse::internals::{impl#2}::to_str
1	1	1	1	core::option::{impl#2}::cloned
1	1	1	1	tiny_skia_path::path::{impl#0}::verbs
1	1	1	1	usvg::tree::{impl#34}::id
1	1	1	1	usvg::tree::{impl#129}::clone
1	1	1	1	roxmltree::{impl#2}::root
1	1	1	1	svgtypes::paint::{impl#0}::from_str
1	1	1	1	tiny_skia::pixmap::{impl#0}::as_mut
1	1	1	1	gif::reader::decoder::{impl#8}::current_frame
1	1	1	1	ttf_parser::tables::morx::{impl#2}::lookup
1	1	1	1	pico_args::{impl#2}::values_from_str
1	1	1	1	usvg::parser::svgtree::{impl#8}::parent
1	1	1	1	svgtypes::stream::{impl#3}::consume_ascii_ident
1	1	1	1	usvg::tree::filter::{impl#7}::func_r
1	1	1	1	usvg::tree::filter::{impl#21}::input
1	1	1	1	roxmltree::{impl#29}::attribute
1	1	1	1	core::bool::{impl#0}::then_some
1	1	1	1	tiny_skia::pipeline::blitter::{impl#0}::new
1	1	1	1	unicode_bidi::{impl#6}::subrange
1	1	1	1	rustybuzz::buffer::{impl#7}::prev
1	1	1	1	slotmap::basic::{impl#5}::insert_with_key::{closure#0} usvg::fontdb::FaceInfo, []), (usvg::fontdb::FaceInfo,)]), i32, Binder(extern "RustCall" fn((usvg::fontdb::InnerId,)) - std::result::Result, []), (Closure(DefId(34:37 ~ fontdb[1298]::{impl#5}::push_face_info::{closure#0}), [i32, Binder(extern "RustCall" fn((usvg::fontdb::InnerId,)) - usvg::fontdb::FaceInfo, []), (usvg::fontdb::FaceInfo,)]),)
1	1	1	1	usvg::tree::text::{impl#60}::clone
1	1	1	1	core::iter::adapters::filter_map::{impl#2}::next std::option::Option, []), (&ReErased rustybuzz::face::Face,)])
1	1	1	1	ttf_parser::{impl#22}::coords
1	1	1	1	usvg::parser::converter::convert_group
1	1	1	1	usvg::parser::svgtree::{impl#8}::node_attribute
1	1	1	1	roxmltree::{impl#29}::tag_name
1	1	1	1	ttf_parser::ggg::{impl#2}::parse
1	1	1	1	alloc::sync::{impl#32}::get_mut
1	1	1	1	usvg::parser::svgtree::{impl#0}::root
1	1	1	1	core::slice::{impl#0}::chunks_mut
1	1	1	1	tiny_skia::pixmap::{impl#2}::pixels
1	1	1	1	unicode_bidi::{impl#6}::chars
